trial,cue,state,correct_action,action,reward,p_action1,rho_tha,rho_bg,rho_cb,rho_sum,x_mix,w_actor,v_bg_state,z_bias_tha,z_bias_bg,z_bias_cb,x_tha,x_bg,x_cb,x_bb,cue_strength,bg_confidence,trial_uncertainty,logit_tha,logit_bg,logit_cb,rpe,value_before,e_mix,e_tha,e_cb,delta_z_tha_mismatch,delta_z_cb_mismatch,rolling_accuracy,rolling_abs_rpe,rolling_mismatch
1,-1.0,0,0,0,1.0,0.3872736404212241,0.34690779381299647,0.22303928870837023,0.4300529174786334,1.0,-0.5734836455596569,0.2533028237931016,0.1,-0.004028614197772181,-0.19784799191409608,0.002678315967809584,-0.302138852829521,-0.2611227254221897,-0.9543678907282696,-1.057359130887991,0.302138852829521,0.0,0.6522290378987485,0.24171108226361682,-0.2,0.4565603265291239,1.0,0.0,0.2341354853017309,0.5703576683907128,0.010607195549637431,-0.004034666197067782,0.0026823394770251214,1.0,1.0,0.2341354853017309
2,-1.0,0,0,0,1.0,0.3242391758248275,0.467679139782934,0.23971412498025513,0.2926067352368109,1.0,-0.72478244774347,0.30406344231096866,0.19,-0.003841302143417168,-0.19572482332954755,0.0001280418334954689,-0.7368950210854528,-0.8849062622052027,-0.5742434045540441,-1.3553325286610391,0.7368950210854528,0.1,0.1626516165314087,0.5854874026705901,-0.08284799191409609,0.11653444753979567,0.9,0.1,0.397593404545153,0.38246495077630344,0.6101002197982327,0.00018154144522619498,-0.002550081783036956,1.0,0.95,0.31586444492344196
3,-1.0,0,0,0,1.0,0.2680814385158379,0.43701796443611035,0.2612532095030836,0.30172882606080603,1.0,-0.8257967777432722,0.34709986751744537,0.271,-0.004408112448280118,-0.19359984586062798,0.00021466717625667195,-0.6763758665389399,-0.9733004328642144,-0.9144983429677045,-0.9109904262772686,0.6763758665389399,0.19,0.2381224764287646,0.5372593910877348,0.022775176670452424,0.16681377533363068,0.81,0.19,0.0072579577505341,0.055043991641209794,1.230547950703897e-05,-0.0005734324066881083,8.694782725232474e-05,1.0,0.9033333333333333,0.21299561586580598
4,1.0,1,1,1,1.0,0.7806170372121577,0.5297493832861722,0.20687543073280945,0.26337518598101844,1.0,0.914193513099926,0.3952339030691145,0.1,-0.00445689608772824,-0.19219419247675082,-6.950417705142488e-05,0.938869339192456,0.7329314577503874,1.006938249208498,0.8328516400191801,0.938869339192456,0.0,0.06806891001604198,0.7466873589056847,-0.19359984586062798,0.04786290418748606,1.0,0.0,0.006616500316284178,0.011239752537995217,0.030306147499034285,-5.547902666053247e-05,-0.0002842757661930013,1.0,0.9275,0.16140083697842555
5,-1.0,0,0,0,1.0,0.0973671298683533,0.5607202487892131,0.2041809898887087,0.23509876132207821,1.0,-1.4085502335418747,0.4192290535745638,0.34390000000000004,-0.004520805406547616,-0.19061526790271313,0.0011250541304463641,-1.4176600170649212,-1.8015775722832994,-1.0454825989826646,-1.089731570180223,1.4176600170649212,0.271,0.3721774180822566,1.1296711175642087,0.11945580752324916,0.26045468848052816,0.729,0.271,0.10164534010771016,0.10753706627621028,0.0019579714520423564,-7.07007140220014e-05,0.0011962484238680138,1.0,0.8878,0.14944973760428246
6,1.0,1,1,1,1.0,0.7839661954906263,0.30536625981266385,0.23616704790544882,0.4584666922818873,1.0,0.7686317256860524,0.45509594774334144,0.19,-0.010358989163038021,-0.1889349147215475,0.0013822350887748344,0.23234757596289168,0.8763149049166639,1.0703589149858943,0.9552971741927969,0.23234757596289168,0.1,0.8380113390230026,0.18135725536376573,-0.07561526790271314,0.5877329914465482,0.9,0.1,0.03484398966622408,0.5226561215807813,0.013239204194337932,-0.005853745582974687,0.0002592574256626338,1.0,0.8898333333333334,0.1303487796146061
7,1.0,1,1,0,0.0,0.8988595648683912,0.5636224031385868,0.18497162148013507,0.2514059753812782,1.0,1.2000858404609107,0.5042850615614218,0.17099999999999999,-0.01104992208594834,-0.18757151357298513,0.0007138137751112699,1.442632734796754,0.7819184096211571,0.9639905939706886,1.1998135985551697,1.442632734796754,0.19,0.4786421408260654,1.1437471986743653,0.029565085278452474,0.33643173366702056,-0.19,0.19,7.411565524151556e-08,0.05896113292510911,0.05561248949125216,-0.0007075327057134464,-0.0006673489845071631,0.8571428571428571,0.7898571428571428,0.1117275359718988
8,1.0,1,1,1,1.0,0.8363813224185385,0.41983442495856227,0.2640082687710686,0.3161573062703692,1.0,0.8088411579828285,0.5306157305084752,0.2539,-0.013492450407057443,-0.18588598480823285,0.0012926535112206651,0.6050104900190927,1.0543825977695769,0.8744735518332327,1.2103660539358185,0.6050104900190927,0.17099999999999999,0.26946306181414004,0.47295846992932583,0.009078486427014837,0.18933795704500928,0.829,0.17099999999999999,0.16122224207005945,0.3664553587649372,0.11282377296873561,-0.002462797400338533,0.000580781629215886,0.875,0.79475,0.1179143742341689
9,-1.0,0,0,0,1.0,0.05336691277235179,0.5302108031917833,0.1983186208232138,0.2714705759850029,1.0,-1.3548979338308642,0.5420014358429658,0.40951000000000004,-0.015427280494164237,-0.1842556652924997,0.0035557189539853432,-1.5081140019190609,-1.7568754032561253,-0.761992307586328,-0.8990319602512586,1.5081140019190609,0.34390000000000004,0.7461216943327329,1.1929987511281912,0.20959901519176719,0.5235778395441336,0.6560999999999999,0.34390000000000004,0.20781378586768165,0.37098093348221833,0.018779866402524843,-0.00195800577137444,0.0022684070335818817,0.8888888888888888,0.7793444444444444,0.12790319774900363
10,1.0,1,1,1,1.0,0.9644499975477149,0.590872594726815,0.1574887691439996,0.25163863612918547,1.0,1.5224211342556841,0.5516927510908293,0.32851,-0.019409270424757125,-0.18292015310204823,0.005836403166688488,1.8067536061357776,1.308843163770974,0.9884485464055881,1.0767855346997948,1.8067536061357776,0.2539,0.8183050597301895,1.429975604414458,0.10772933470750029,0.576369260765118,0.7461,0.2539,0.19859108759153699,0.5328533853159682,0.007803423500890805,-0.004011147572693174,0.002289451969087754,0.9,0.7760199999999999,0.13497198673325697
11,-1.0,0,0,1,0.0,0.1123028742442321,0.37619678949774504,0.28874938638582687,0.3350538241164282,1.0000000000000002,-0.9368580384508847,0.6334289343957688,0.368559,-0.01995336652840183,-0.17965519287869694,0.003940778103125435,-0.7149735791996985,-0.7691006440304863,-1.3305621433306913,-0.9337179952074033,0.7149735791996985,0.40951000000000004,0.6155885641309928,0.5525695929350016,0.2880163468979518,0.43674839805838345,-0.40951000000000004,0.40951000000000004,9.859871570933084e-06,0.04784911953455181,0.15748527789969818,-0.0005740711159557705,-0.001889705016337527,0.8181818181818182,0.7427009090909091,0.12270270247310369
12,1.0,1,1,1,1.0,0.9493051773717813,0.529525968886895,0.20217801447381167,0.2682960166392934,1.0,1.1563675015711397,0.6428762903056163,0.39565900000000004,-0.021845565192266502,-0.17807681698442449,0.00315460882195953,1.4761478907066048,0.7989976500455961,0.7945295041614807,1.0654324027739177,1.4761478907066048,0.32851,0.6816183865451241,1.160964946036882,0.19813130712130309,0.48107364868471225,0.6714899999999999,0.32851,0.008269192193260517,0.16868721202778522,0.07338838047662032,-0.0019250162380142963,-0.0007814302594003177,0.8333333333333334,0.7367666666666667,0.11316657661645009
13,-1.0,0,0,0,1.0,0.07294382413070341,0.49779213228046426,0.268283121512203,0.23392474620733275,1.0,-0.988652322873133,0.6538051824034364,0.4317031,-0.0225373149187232,-0.1762944419388474,0.0032888241771394052,-1.1071891707428314,-0.7968516901408882,-0.9563776793399158,-0.7928641627824966,1.1071891707428314,0.368559,0.1508114914029156,0.8639057714019986,0.2457660330155755,0.10872265280400045,0.6314409999999999,0.368559,0.03833300363167666,0.09880021062926454,0.0267366700969734,-0.0007256064839710546,0.00013915600241643913,0.8461538461538461,0.7286646923076923,0.10741014792531368
14,1.0,1,1,1,1.0,0.9480407732638843,0.4565044752260466,0.2878344875851854,0.25566103718876804,1.0,1.1103988923131258,0.662173439214728,0.45609310000000003,-0.023670566870620625,-0.1745013277243372,0.00360009969012432,0.9530795090744727,1.3005636078870577,1.1772101640347121,1.3413034972554805,0.9530795090744727,0.39565900000000004,0.22413065496023943,0.7399262923408549,0.2787134080611526,0.160180282649307,0.604341,0.39565900000000004,0.05331693658358487,0.15071786499916728,0.02692662200750212,-0.001168811140986989,0.000316683774912993,0.8571428571428571,0.7197844285714285,0.10354634711519019
15,1.0,1,1,1,1.0,0.933267253199348,0.46542058846853096,0.2384651483064643,0.2961142632250046,0.9999999999999998,0.9959610502499978,0.6708493917185605,0.51048379,-0.02297369194088867,-0.17255485755478162,-0.002266598498643881,1.3029932766269146,1.0140526609927827,0.49881060395026144,1.239364935043787,1.3029932766269146,0.45609310000000003,0.8041826726766531,1.018724054430911,0.35000573727566275,0.5665279705637815,0.5439069,0.45609310000000003,0.05924545113270819,0.004048565852619162,0.548420717301379,0.0006623626233610684,-0.00587010319402405,0.8666666666666667,0.70805926,0.1005929540496914
16,-1.0,0,0,1,0.0,0.09697067852521483,0.3842561631281581,0.3002822708624638,0.3154615660093782,1.0,-0.8315377497739824,0.7486495053018893,0.38853279,-0.02352153524633856,-0.16902821623392372,-0.0022346575496555933,-0.7418298573592019,-0.47705366571438046,-1.2782358945598538,-1.0575530453820678,0.7418298573592019,0.4317031,0.5364060372006518,0.5704901939464728,0.32390370744521835,0.3732176275418124,-0.4317031,0.4317031,0.05108291384881024,0.09968113145532194,0.048700919921225404,-0.0005831786112781405,2.8583927131018012e-05,0.8125,0.6907869999999999,0.09749857653713632
17,1.0,1,1,1,1.0,0.9821382196549512,0.48793431881422666,0.1696478364688508,0.3424178447169224,0.9999999999999998,1.3380990601846863,0.7514574679694742,0.5594354109999999,-0.032637804555367404,-0.167072225100518,-0.00446664137519982,1.872507179342822,1.9592604667697782,0.2688360063914169,0.8907041680862658,1.872507179342822,0.51048379,1.603671172951405,1.4744842082279193,0.4180281422660762,1.1203351635163277,0.48951621,0.51048379,0.20016218947575726,0.9639371529124414,0.38672001052973076,-0.00916529956124021,-0.002238693852647682,0.8235294117647058,0.678947541764706,0.10353761259234932
18,-1.0,0,0,0,1.0,0.09659275148929437,0.26687478817590465,0.31258086050290185,0.42054435132119344,1.0,-0.7437778716732981,0.762000662152096,0.44967951100000003,-0.038862935643086516,-0.16514278323326573,-0.004056775420220792,-0.19286836112794892,-0.8388498580972082,-1.0227167641735617,-0.9435609537005196,0.19286836112794892,0.38853279,0.8298484030456128,0.12165688434699173,0.279740483399482,0.5764272407567291,0.61146721,0.38853279,0.03991327986429551,0.5635393685433276,0.006265642331644161,-0.006283513064148386,0.0004037716503918163,0.8333333333333334,0.6751986344444444,0.10000292744079077
19,-1.0,0,0,0,1.0,0.03215109760005795,0.4975837988596802,0.2309006449496054,0.27151555619071444,1.0,-1.1170034232134576,0.7667439254389554,0.5047115599,-0.040908402152659215,-0.1633097783403474,-0.005079971929311052,-1.448285078547067,-0.8838425700032149,-0.7081745710934501,-1.0176480282478333,1.448285078547067,0.44967951100000003,0.7401105074536168,1.119765127194567,0.3519886544167343,0.514020579797311,0.550320489,0.44967951100000003,0.0098714945087752,0.18544826909042464,0.09577382068308588,-0.0021069212949797935,-0.001030827914091728,0.8421052631578947,0.6686261004736842,0.09525916781278995
20,-1.0,0,0,0,1.0,0.021376380360919954,0.4924889624805776,0.1925792898353952,0.3149317476840271,0.9999999999999999,-1.246785398886916,0.7699119993827047,0.5542404039100001,-0.04635699106727829,-0.16136794088566273,-0.00879229643386416,-1.7462262533503594,-1.2881626316924502,-0.4404598753041525,-1.036138596460376,1.7462262533503594,0.5047115599,1.305766378046207,1.3560726005276285,0.41710851554465256,0.9089564927030337,0.49528844009999995,0.5047115599,0.04437207537252578,0.5042244804675068,0.3548331388383139,-0.005518228861139772,-0.0037255327615894574,0.85,0.659959217455,0.09271481319077675
21,1.0,1,1,1,1.0,0.9867050875139033,0.477531828354539,0.2779093870135919,0.2445587846318691,1.0,1.3985331307951356,0.7718779792719298,0.6034918698999999,-0.045617190913607136,-0.15928887281442422,-0.006055203411265713,1.3370943402580275,2.014428475964253,0.818614809411249,0.9125696024610307,1.3370943402580275,0.5594354109999999,0.5184795308467786,1.0233184811391438,0.4819827817643372,0.35414337515888084,0.44056458900000006,0.5594354109999999,0.2361605508709324,0.18022125300160893,0.00882750313702731,0.0006712715744318817,0.0027279965728068613,0.8571428571428571,0.6495118541952382,0.09954556260411748
22,-1.0,0,0,1,0.0,0.19092000380340463,0.27759938114247684,0.3588223403683933,0.3635782784891298,0.9999999999999999,-0.4677045212142624,0.8222132554855844,0.49881636351900005,-0.04786445974810218,-0.15466379231293192,-0.000981774698228161,-0.3338204869246695,0.012918148555371767,-1.0442633770832113,-1.1225231286162707,0.3338204869246695,0.5542404039100001,0.7104428901585418,0.22143919862612846,0.47808759168207576,0.4912548196997135,-0.5542404039100001,0.5542404039100001,0.42878740859990544,0.6220518570113103,0.006124588710016196,-0.002319173380936858,0.005071953838678671,0.8181818181818182,0.6451813337277272,0.1145111010584715
23,1.0,1,1,1,1.0,0.953284465367061,0.4169248074845933,0.36398919545027647,0.21908599706513013,0.9999999999999999,0.916987343873493,0.8262897607118567,0.64314268291,-0.04788682100497802,-0.1523840850787407,-0.0014399230826209523,0.9037475265121622,0.9682166309429089,0.8570706953645453,1.207134480820646,0.9037475265121622,0.6034918698999999,0.04667683114761689,0.6751335614616276,0.539351858072068,0.03169200710510366,0.3965081301000001,0.6034918698999999,0.0841853610786299,0.09204364404457799,0.12254465388785485,-9.429939559137712e-05,-0.00046031151371069944,0.8260869565217391,0.6343694553091305,0.11319259062456534
24,1.0,1,1,1,1.0,0.9832840023815568,0.49343681658499716,0.2702771266601663,0.23628605675483652,0.9999999999999999,1.2327793420535422,0.8280546745024134,0.678828414619,-0.05377935862127875,-0.15009310121138233,0.002334250006866803,1.546329766325882,0.9535585687091591,0.8973793783108784,0.5957790057764712,1.546329766325882,0.64314268291,0.6489503880150035,1.1891769920557276,0.5872300002677593,0.4528253485278814,0.35685731709,0.64314268291,0.4057694284171015,0.9035467483810631,0.0909627847128932,-0.005973327839567539,0.0037776797244504995,0.8333333333333334,0.62280644955,0.12538329219925434
25,1.0,1,1,1,1.0,0.9702180345709226,0.35764932314109105,0.3949244963544959,0.24742618050441312,1.0,1.0517475198337782,0.8304690966649738,0.7109455731571,-0.05644730596491172,-0.14767043107663283,0.0018013451068797735,0.7314966226206053,1.398634427285265,0.9609866288567289,1.2497716663010636,0.7314966226206053,0.678828414619,0.2294900062361236,0.5314179394752054,0.6305595756004676,0.1629772543721533,0.321171585381,0.678828414619,0.039213562584096896,0.26860902090198097,0.0833967978517258,-0.002752745499814609,-0.0005301988232115468,0.84,0.61074105498324,0.12193650301464805
26,1.0,1,1,1,1.0,0.9813627522071277,0.4603814271527252,0.26498493221138286,0.27463364063589196,1.0,1.1932352562431552,0.8320118579183516,0.73985101584139,-0.061547010141150084,-0.14520704487252228,0.002246647068528339,1.5984333182336254,1.1114550375897077,0.5928895157110768,0.8619222053758352,1.5984333182336254,0.7109455731571,1.0055438025225487,1.2222993486219886,0.6699169780540322,0.7056820068726638,0.28905442684289995,0.7109455731571,0.10976833767501136,0.5424486193630207,0.07237858810825418,-0.005192163380256112,0.0004486769948010862,0.8461538461538461,0.5983684923624577,0.12146849665543126
27,1.0,1,1,1,1.0,0.9578897104478403,0.355783414329613,0.41883578363919743,0.22538080203118938,0.9999999999999998,0.9388209129995927,0.8344801943828223,0.765865914257251,-0.061847455802937094,-0.14261261699976335,0.0021980201674774297,0.7550148423381504,1.129531544412045,0.8745683891332586,0.9360870877998217,0.7550148423381504,0.73985101584139,0.11955354679510821,0.5424648637293703,0.7056216233450763,0.08593412982510408,0.26014898415861,0.73985101584139,7.473800222902648e-06,0.03278715807653176,0.0037845502856273952,-0.00039335621131570623,-4.532491782485391e-05,0.8518518518518519,0.5858418439104633,0.11696994025338649
28,1.0,1,1,1,1.0,0.9780933612192696,0.39936082517833765,0.39582824058299254,0.20481093423866986,1.0,1.1380783573001483,0.83588114813017,0.7892793228315259,-0.06185911665189507,-0.1399979223771025,0.0022031305934773547,1.0110819886592628,1.2749713417283668,1.1211420808645436,1.1088951029903515,1.0110819886592628,0.765865914257251,0.11006009220528079,0.7470181351244732,0.7381331843960752,0.07924008471117398,0.23413408574274897,0.765865914257251,0.0008516623321102697,0.009567405335146639,0.0001499884670509495,-0.00010458891603643644,8.420086380711844e-06,0.8571428571428571,0.5732808525473307,0.1128228588990552
29,1.0,1,1,1,1.0,0.9978216880904346,0.5703627747929851,0.23757217229156116,0.19206505291545378,1.0,1.8325046513436365,0.8360830235982009,0.8103513905483734,-0.06593248013320158,-0.13735855796050536,0.004389438166398318,2.1316669503424763,1.5109007594590096,1.3419057509832775,1.4009616102829796,2.1316669503424763,0.7892793228315259,0.7897611993591989,1.643474443622086,0.7676732988791523,0.5550359701449165,0.2107206771684741,0.7892793228315259,0.1862293962878798,0.5339302939914647,0.003487594517626216,-0.004172410772443019,0.0021929016212430433,0.8620689655172413,0.5607787775342667,0.11535411880901468
30,1.0,1,1,1,1.0,0.984726815283258,0.42622578046229664,0.36861948024283353,0.20515473929486983,1.0,1.2457691049738375,0.83694904388341,0.829316251493536,-0.06587418083734997,-0.1346491131530748,0.004407406277620687,1.257102918928119,1.388674315293171,0.9654518759015587,1.1019555313339169,1.257102918928119,0.8103513905483734,0.2916510430265604,0.9397498550092938,0.794545541170124,0.2085451682849906,0.18964860945162665,0.8103513905483734,0.020682343963084878,0.02407071187730561,0.018633247946395978,-4.0660414970648806e-05,2.4589152200266805e-05,0.8666666666666667,0.5484077719315119,0.112198392980817
31,-1.0,0,0,0,1.0,0.006368896499794945,0.55216130188686,0.20707489160919895,0.240763806503941,1.0,-1.5084370520534776,0.8381046225282623,0.5489347271671,-0.07167670917891968,-0.13279092570915538,0.007769986216685114,-1.857029474798151,-1.1458218815638956,-1.0208606569540315,-0.9762963982668429,1.857029474798151,0.49881636351900005,0.8361688178441196,1.419749399001171,0.4389897048937752,0.5897255787685044,0.501183636481,0.49881636351900005,0.28317367541246696,0.7756907520963031,0.0019859731523386654,-0.005910204920206034,0.0033742524271215394,0.8709677419354839,0.546884412723431,0.11771372467216056
32,-1.0,0,0,0,1.0,0.08056485944020128,0.3832538479868193,0.3816194895437951,0.23512666246938563,1.0,-0.7262508972735168,0.8444386941499367,0.59404125445039,-0.07161216537251319,-0.13056303816912138,0.007665480059736091,-0.7180428329058971,-0.7451971614569863,-0.7088794457752179,-0.9406099173547402,0.7180428329058971,0.5489347271671,0.009163387130679213,0.5027575571457981,0.4984840105330096,0.014184357208160563,0.4510652728329,0.5489347271671,0.04594978949018235,0.049536107080058456,0.053699011458467796,-4.303581107851326e-05,-9.299066361942535e-05,0.875,0.5438900646018519,0.11547110169772373
33,-1.0,0,0,0,1.0,0.025068046498556283,0.42574650893854304,0.3197270071826892,0.2545264838787678,1.0,-1.0837890646725008,0.847085721324653,0.634637129005351,-0.07165298285782992,-0.12840765877513513,0.006578726488532429,-1.1382164504973593,-1.3283301854805145,-0.6855646101874068,-0.9973510095133946,1.1382164504973593,0.59404125445039,0.45265184030995254,0.8389609950253742,0.5525844044488271,0.32452176827670287,0.40595874554961,0.59404125445039,0.007471537379688684,0.01984307246360684,0.09721075880466436,-0.00014845842100701787,-0.0010768706570997081,0.8787878787878788,0.5397103276608749,0.11219838762748026
34,-1.0,0,0,0,1.0,0.0105471364181547,0.5204797541874113,0.24920552769011328,0.23031471812247536,1.0,-1.340271007839766,0.8483252678704986,0.6711734161048158,-0.07572280152858361,-0.12618728746096036,0.006907672021282207,-1.7619388055923726,-0.7511747332711984,-1.0247744370984921,-1.1377094241825965,1.7619388055923726,0.634637129005351,0.7371643684938805,1.3378980616160683,0.6014250395810183,0.5225937844342488,0.36536287099464904,0.634637129005351,0.04103119517370047,0.38966232061523176,0.01275431130768681,-0.0041835735052983755,0.00033932260639216394,0.8823529411764706,0.5345824612883388,0.11010523490825143
35,-1.0,0,0,0,1.0,0.020685949050350393,0.3807994779739971,0.3831223606271961,0.23607816139880677,1.0,-1.1367684792379311,0.8501810442210047,0.7040560744943343,-0.07644098709107083,-0.12384216833177172,0.006880228334698868,-0.8941293212943703,-1.3913910573509871,-1.1149335984333897,-1.1584972751967755,0.8941293212943703,0.6711734161048158,0.2208042771390194,0.6395806555069127,0.6456621410595778,0.16147066601859578,0.32882658389518415,0.6711734161048158,0.000472140573821091,0.06989041505054423,0.0018977939331447594,-0.0008330192937206776,-1.710784031188402e-05,0.8857142857142857,0.5287037219342486,0.10697286078441057
36,-1.0,0,0,0,1.0,0.015932573704153883,0.399336786339328,0.37653471450172765,0.22412849915894437,1.0,-1.2124854968155252,0.8515531359946605,0.7336504670449009,-0.07709336346782364,-0.12142684553444566,0.004022688833046898,-1.0263227439285998,-1.6569169140249482,-0.7975350479899742,-1.2913392798607735,1.0263227439285998,0.7040560744943343,0.22878769593862558,0.7446172080518091,0.6858223173367126,0.16703161549173676,0.29594392550566573,0.7040560744943343,0.006217919100547082,0.0702337643174891,0.24384261941351007,-0.0007681901426033041,-0.0028514964037555557,0.8888888888888888,0.5222381720334547,0.10417411240430324
37,1.0,1,1,1,1.0,0.9757978572415561,0.3837186958178266,0.33514268558463606,0.2811386185975373,1.0,1.0853152088336258,0.8526291381001163,0.8463846263441824,-0.07771485535703346,-0.1186844774862968,-0.001554215767976471,1.3059169500583931,1.4296909777072482,0.37369460876626237,1.0561794168633014,1.3059169500583931,0.829316251493536,0.9322223412921308,0.9676401965788908,0.8322868436831208,0.6565783277375384,0.17068374850646395,0.829316251493536,0.0008488943737380164,0.062368835486369546,0.4657855132832522,-0.0007382392933515784,-0.0055792394269141695,0.8918918918918919,0.5127367011273197,0.1013815389440177
38,1.0,1,1,1,1.0,0.986715076713721,0.42671963491474024,0.3832573859751381,0.1900229791101217,1.0,1.2630789063075174,0.8532477744811586,0.8617461637097642,-0.07781909681858305,-0.11591103274194421,-0.0009298544369430587,1.2997413919015575,1.3136200410764638,1.0788124253403526,1.0300798278464287,1.2997413919015575,0.8463846263441824,0.22092896656120486,0.9620782581642124,0.8546578428095128,0.15309606082486693,0.15361537365581757,0.8463846263441824,0.05428857056371657,0.07271735912865832,0.002374866058504797,-0.00022114546277930098,0.0006229644540625413,0.8947368421052632,0.5032861398780697,0.10014225030243083
39,-1.0,0,0,0,1.0,0.029386374597023826,0.4219541680662986,0.3862183776040983,0.19182745432960313,1.0,-1.0247308758833251,0.8551727225325362,0.7602854203404108,-0.07819004829639127,-0.11340539974571195,-0.0011737874627814721,-1.1176248103230768,-0.8976161013520514,-1.0763245291413372,-0.8521050796808868,1.1176248103230768,0.7336504670449009,0.04130028118173956,0.8162807514398784,0.7277870043596917,0.027980342390274634,0.2663495329550991,0.7336504670449009,0.029799665514525776,0.07050072736030115,0.0502743615163475,-0.0004884127421493045,-0.0002456963520218607,0.8974358974358975,0.4972108422646602,0.09833859428222813
40,-1.0,0,0,0,1.0,0.026470135826689497,0.4220694228723592,0.2648065778722949,0.31312399925534584,1.0,-1.0538547532282607,0.8567776027332364,0.7842568783063697,-0.08530297061166395,-0.11085585065256179,-0.003722822285813632,-1.631603783703048,-1.0202998118132274,-0.30346630900323174,-0.8205108101864714,1.631603783703048,0.7602854203404108,1.3281374746998162,1.2270929786660472,0.7609228336457604,0.9285224448270898,0.2397145796595892,0.7602854203404108,0.05444939575428981,0.6578718116879618,0.2673350162038251,-0.007241068991204065,-0.0025546274453944235,0.9,0.4907734356995334,0.09724136431902967
41,1.0,1,1,1,1.0,0.9655504622249677,0.3387961340774354,0.46613146488146895,0.1950724010410957,1.0,0.9725985994354969,0.8578893484674442,0.8755715473387877,-0.08390306793162265,-0.10802689077327164,-0.0025543247561408133,0.8079825656076912,1.153496873553798,0.8262370357858156,0.567858692833157,0.8079825656076912,0.8617461637097642,0.018254470178124427,0.5610830818744891,0.880152237613667,0.009055306838873466,0.1382538362902358,0.8617461637097642,0.16381439199647077,0.05765947427624067,0.06675936810696166,0.0012738590126427612,0.0011646602866741092,0.9024390243902439,0.48217539668955056,0.0988650967014063
42,1.0,1,1,1,1.0,0.9108479205379183,0.2788921108854012,0.4987686884651157,0.22233920064948315,1.0,0.6772529234592302,0.8596924214589658,0.888014392604909,-0.08431470786689717,-0.10510536107595116,-0.003991739655371759,0.501832532734448,0.9130801183125004,0.36826621567618967,0.7174027191572412,0.501832532734448,0.8755715473387877,0.13356631705825828,0.3175629582559357,0.8988803886663342,0.09094209718463997,0.12442845266121227,0.8755715473387877,0.0016120060945920248,0.04647050527435783,0.12189629806297429,-0.0005383019901571897,-0.0014434115036205872,0.9047619047619048,0.47365761230792347,0.09654954692505356
43,1.0,1,1,1,1.0,0.9952624619169657,0.5036312932551424,0.29097503177686623,0.20539367496799132,1.0,1.555058745635177,0.859890425003945,0.8992129533444181,-0.09144964611325991,-0.10225133609111021,4.793394747968161e-05,1.9362910944983271,1.2026995351332697,1.1194425640272314,0.9508491827759038,1.9362910944983271,0.888014392604909,0.8168485304710957,1.4647181677317647,0.9161111904196941,0.5678022316743951,0.111985607395091,0.888014392604909,0.365069195850594,0.9710957613791444,0.028423728201755503,-0.007272318786342605,0.004039745611786062,0.9069767441860465,0.4652466354494855,0.10279418992332195
44,-1.0,0,0,0,1.0,0.03416351610792009,0.37849381901609863,0.4245557858137552,0.19695039517014606,1.0,-0.9715878201437186,0.8616090963005156,0.8058311904757327,-0.09131164113143313,-0.09962785051965073,5.3044774225284675e-05,-0.9703125626856046,-0.9941947624183622,-0.9253059578055779,-0.9437739699890786,0.9703125626856046,0.7842568783063697,0.045006604880026724,0.6848004040352238,0.7996440739612148,0.03155255736349839,0.2157431216936303,0.7842568783063697,0.0007736102604247674,0.0007042969023121048,0.00034106747400993,8.317602973519508e-07,5.190513436978048e-06,0.9090909090909091,0.4595761010459434,0.10047554038552885
45,1.0,1,1,1,1.0,0.9451444944702425,0.22278333866253117,0.5024391024821016,0.27477755885536725,1.0,0.8259648361002089,0.8627050639658462,0.9092916580099762,-0.09639335755304101,-0.0967046993323667,-0.0002667917005094392,0.2656299589116633,1.1223368275009138,0.7383463175014896,0.9344432384115334,0.2656299589116633,0.8992129533444181,0.4727163585898263,0.12119232599789752,0.93446704582643,0.3309544957871037,0.10078704665558191,0.8992129533444181,0.011767563768017584,0.4473112028353714,0.038454002390399984,-0.005226523668808246,-0.0003202372634685888,0.9111111111111111,0.45160301094837974,0.0985042520162508
46,-1.0,0,0,0,1.0,0.04673654143167217,0.2157820791270137,0.4894396387902395,0.2947782820827468,1.0,-0.8738110835110372,0.8646081780772289,0.8252480714281595,-0.10194130528952182,-0.09400778359284791,-0.0008676728948518892,-0.13425298793786689,-1.3671772166213063,-0.5960105688182797,-0.8252311320184744,0.13425298793786689,0.8058311904757327,0.46175758088041285,0.011009032797252502,0.8300011697147258,0.32296351491577957,0.1941688095242673,0.8058311904757327,0.0023600116870197527,0.4774507955970808,0.05254206659381445,-0.005701089406920733,-0.0006021846588815363,0.9130434782608695,0.4460066152652469,0.09641415983518056
47,-1.0,0,0,0,1.0,0.05663476883589341,0.35770700948388373,0.3408912171179782,0.3014017733981381,1.0,-0.8133251858115925,0.8665400599717976,0.8427232642853435,-0.10374223143489711,-0.09128175685021835,-0.005776838593422475,-1.2563995386160443,-0.8822035708808992,-0.20957678649574263,-0.8508476053584024,1.2563995386160443,0.8252480714281595,1.0468227521203017,0.9031783256033136,0.8550274985495354,0.7319082535893593,0.17475192857184052,0.8252480714281595,0.001407931968646822,0.16447237056901076,0.4112282631247862,-0.0019567732632043673,-0.004917843973873673,0.9148936170212766,0.4402352389526212,0.0943927507316373
48,1.0,1,1,1,1.0,0.9403390997699395,0.16796322593442178,0.46659054007821044,0.3654462339873678,1.0,0.7955672835321392,0.8675733570177744,0.9183624922089786,-0.12090279217941528,-0.08834849633467323,-0.004255378056687067,-0.04554857283347169,0.9561780043724271,0.9770908114030933,1.2340956929350435,0.04554857283347169,0.9092916580099762,1.022639384236565,-0.06730337316811975,0.9544036498612544,0.710070730372173,0.09070834199002376,0.9092916580099762,0.1923071658534412,1.6374894469142423,0.06605150913125177,-0.017342187372729613,0.0015150678806662733,0.9166666666666666,0.4329534285992338,0.09643263438000821
49,1.0,1,1,1,1.0,0.9889857387384533,0.4656126357914488,0.3105984026043507,0.2237889616042005,0.9999999999999999,1.2959967488166813,0.8678530362803353,0.9265262429880807,-0.12871742620976476,-0.08543554467791804,-0.0032082971230195626,1.8669055361189335,0.6919138324383667,0.9465820331663293,0.9970028326666005,1.8669055361189335,0.9183624922089786,0.9203235029526042,1.3726216367157316,0.967768369705652,0.6399710740101359,0.08163750779102141,0.9183624922089786,0.08939736189476152,0.7567307134736776,0.0025422570222465514,-0.008008000218946992,0.0010422612584701796,0.9183673469387755,0.4257837159296784,0.09628905739051337
50,-1.0,0,0,0,1.0,0.037857901029198705,0.22925941850518425,0.45637262101428183,0.31436796048053406,1.0,-0.9319903003782866,0.8691848505153578,0.8584509378568091,-0.13130456828662135,-0.082687063204985,-0.003934984263689111,-0.4049477532120238,-1.0538368676051406,-1.1394606499146058,-0.8885963219691566,0.4049477532120238,0.8427232642853435,0.734512896702582,0.1952407763598543,0.883696209250227,0.5109507305687879,0.1572767357146565,0.8427232642853435,0.0018830373621720365,0.233915938060823,0.0629329110355219,-0.0027843948083838116,-0.0007325984840801983,0.92,0.42041357632537796,0.09440093698994655
51,1.0,1,1,1,1.0,0.9766294346409197,0.2801858191149886,0.49317657046226754,0.2266376104227439,1.0,1.0736007274395014,0.8696272916577632,0.9338736186892727,-0.13250951131728705,-0.07975039384109357,-0.0039321223381618585,0.6858855528197247,1.334680678427652,0.9847971920373285,1.0306277310012506,0.6858855528197247,0.9265262429880807,0.2989116392176038,0.4174038739691585,0.9828181162313079,0.20530316318863354,0.07347375701191927,0.9265262429880807,0.0018466784228819168,0.11884716941734293,0.0021004383017235806,-0.001404005891933532,-3.045118546099966e-06,0.92,0.40188305146561637,0.08975516085236958
52,-1.0,0,0,0,1.0,0.03576317019011319,0.3075712595464259,0.45817455226066894,0.23425418819290506,0.9999999999999998,-0.94707766530917,0.87077793265075,0.8726058440711282,-0.13265225765560074,-0.07697519102976814,-0.00708880620747078,-0.8017928309915089,-1.2945895460616694,-0.45814014932058106,-0.9725252180925664,0.8017928309915089,0.8584509378568091,0.34365268167092783,0.5089247534759201,0.9074681846942368,0.2366247548314876,0.14154906214319085,0.8584509378568091,0.0006475779426637452,0.02914954800522536,0.26459199897556007,-0.00034202364075073936,-0.003167333052394756,0.92,0.38671403270848015,0.0818162443203198
53,1.0,1,1,1,1.0,0.9610845411745336,0.22822885024669315,0.4764010771102469,0.29537007264306,1.0,0.9206339200141544,0.8713465172945258,0.9404862568203454,-0.13610397980907354,-0.07402046781939833,-0.007234569319741653,0.49215060551315215,0.9256468808464765,1.2436323654041093,1.0619277734676347,0.49215060551315215,0.9338736186892727,0.7514817598909571,0.26106822675492103,0.9969794704628953,0.5189484257161991,0.06612638131072734,0.9338736186892727,0.019963953023733546,0.32464602112223057,0.03301655873080075,-0.0036561848171819643,-0.00015663126848480642,0.92,0.3718365603346947,0.08207036422578379
54,1.0,1,1,1,1.0,0.9766355912457113,0.368184904168386,0.43189795474930387,0.19991714108231,0.9999999999999998,1.0710147024852916,0.8717039372006801,0.9464376311383108,-0.13694181308820383,-0.07106358940808144,-0.00677341780306822,1.2300482897617695,1.023496915317307,0.8807812347946892,0.8771210700131544,1.2300482897617695,0.9404862568203454,0.3492670549670803,0.8479346520003421,1.0075387275239989,0.23725236915721457,0.05951374317965463,0.9404862568203454,0.03759474071324022,0.12455762243948723,1.3396806227987303e-05,-0.001043554580714964,0.0004509761268841468,0.92,0.3530268351982878,0.0826899290337229
55,1.0,1,1,1,1.0,0.9791964739175626,0.39463128839400746,0.30837141622349185,0.29699729538250075,1.0,1.1046209759025238,0.8719993445224737,0.9517938680244797,-0.1440054832681297,-0.06809971971798162,-0.011068094038308733,1.7511605350749462,1.011882277939878,0.3418302733384655,0.9587261853918615,1.7511605350749462,0.9464376311383108,1.4093302617364807,1.2639866149717531,1.0173396864009758,0.9797577654124683,0.05356236886168919,0.9464376311383108,0.02128528989815005,0.6279521985576534,0.3805605663081913,-0.007280002903914041,-0.004311303316920495,0.92,0.3395180825755216,0.0810827280295317
56,-1.0,0,0,0,1.0,0.013281253994553419,0.3337234642104452,0.4520951094955574,0.21418142629399745,1.0,-1.2351016948982911,0.8725008810254004,0.8853452596640153,-0.1388934011819823,-0.06533177043055616,-0.0027767864181198415,-0.9697782573332816,-1.6916027226498187,-0.684926885416947,-0.3324004208479935,0.9697782573332816,0.8726058440711282,0.2848513719163346,0.6318171225984957,0.9353970009638157,0.18832786630312545,0.12739415592887182,0.8726058440711282,0.8148695901720305,0.4062505064426667,0.12427490822148565,0.004903429004752366,0.008287136183406539,0.92,0.32406596569409907,0.09668324003964783
57,1.0,1,1,1,1.0,0.9622616658622367,0.2901296208362057,0.4590661555206543,0.2508042236431399,0.9999999999999999,0.9279675492525483,0.8729060433385069,0.9566144812220317,-0.1385668585138105,-0.06235322409058051,-0.005682156961346162,0.886572551438371,1.3103890395425002,0.2758778597732783,0.7881130035456602,0.886572551438371,0.9517938680244797,0.6106946916650927,0.5703646399687146,1.0292311777975955,0.42470949774744504,0.04820613197552026,0.9517938680244797,0.01955929395488007,0.009694282571237018,0.26238484251551275,0.00011838013660371662,-0.0029139065827275923,0.94,0.32123008833360944,0.09707442443643231
58,1.0,1,1,1,1.0,0.9908690960829044,0.3224416491177235,0.45869914208912765,0.21885920879314885,1.0,1.342331678694493,0.8730336665441116,0.9609530330998286,-0.13720585705113206,-0.05937789351230711,-0.0067962203477540065,1.0298099292920815,1.9179811444845882,0.5962817923777002,1.0320970535841425,1.0298099292920815,0.9566144812220317,0.4335281369143813,0.6852810849198547,1.037753429314756,0.2977875388787207,0.04338551877796826,0.9566144812220317,0.09624552261735972,5.2309375273356025e-06,0.18993494190043955,0.0011548835001579886,-0.001124273031396958,0.94,0.30551779870916884,0.09577489004737832
59,1.0,1,1,1,1.0,0.9661868203600718,0.25682714139827884,0.5290139797045788,0.21415887889714244,1.0,0.9600164011833932,0.8733378693464618,0.9648577297898457,-0.14057118820944262,-0.05638604195193756,-0.007952602998322306,0.5753904380824748,1.2167346955848712,0.7871298967143838,1.1551474392834646,0.5753904380824748,0.9609530330998286,0.21173945863190902,0.32310649341484776,1.0457180945524958,0.14142140069458228,0.0390469669001714,0.9609530330998286,0.03807612203001155,0.3361181804415645,0.1354369116385852,-0.0035765047009386356,-0.001168329475302884,0.94,0.29317673804717226,0.09238013677062491
60,-1.0,0,0,0,1.0,0.044761914700160624,0.3438948592915295,0.3253926221252051,0.3307125185832653,1.0,-0.8761222492600136,0.8744170064415084,0.8968107336976138,-0.14576631491204037,-0.05358505198595976,-0.01414478672528894,-1.447044553315003,-1.1239797458105134,-0.0385723212381518,-0.7664548666178959,1.447044553315003,0.8853452596640153,1.4084722320768512,1.0170644544425598,0.96176100666168,0.9779779594554735,0.11465474033598466,0.8853452596640153,0.012026934815572664,0.46320232163846636,0.5298129998684952,-0.005414104641874725,-0.006213432780635069,0.94,0.28054783285389195,0.08864885371510564
61,1.0,1,1,1,1.0,0.9796324700773881,0.2586034849062185,0.5359687237929363,0.20542779130084524,0.9999999999999999,1.107376537716068,0.8746072345704305,0.9683719568108612,-0.15179786816680507,-0.050597021307755424,-0.017770758047013623,0.5912347328055345,1.4933739995496567,0.7500417434033106,1.3546247852625088,0.5912347328055345,0.9648577297898457,0.15880701059777613,0.3272214713323872,1.0560013372723627,0.09702012069315435,0.03514227021015426,0.9648577297898457,0.06113169591478607,0.582764372190262,0.365520654503721,-0.006259592115305712,-0.0036526675030672195,0.96,0.273060478258095,0.08987129043596993
62,1.0,1,1,1,1.0,0.988614309642058,0.3894813361928269,0.39014405898593524,0.22037460482123788,1.0,1.2759861695049832,0.8747175125753778,0.9715347611297751,-0.15349354831093975,-0.04760836830649131,-0.018096740014562945,1.5164106138397182,1.311390867868381,0.788390211491841,1.0623675369600756,1.5164106138397182,0.9683719568108612,0.7280204023478772,1.0613306229049695,1.063030729024735,0.49184352359650046,0.03162804318913881,0.9683719568108612,0.04563292017035628,0.20615511566233308,0.07506357487072696,-0.0019262663459037217,-0.00035316785640444816,0.96,0.26026323912187777,0.09061856499551185
63,1.0,1,1,1,1.0,0.9906243154056686,0.30523037296981353,0.5186558409498881,0.1761137860802983,0.9999999999999999,1.331920221788443,0.8748028240160098,0.9743812850167975,-0.15199900608218772,-0.04461570880212985,-0.01683800544992549,0.8662205304553521,1.767825392208089,0.8553018142856481,0.9857819530187658,0.8662205304553521,0.9715347611297751,0.010918716169703968,0.539482876053342,1.0696566069927498,-0.010453638695770168,0.028465238870224896,0.9715347611297751,0.11981170110686924,0.014294933765387178,0.017025066603813643,0.0012662012080977847,0.0012334396140366672,0.96,0.2482037238992823,0.09224813894501571
64,-1.0,0,0,0,1.0,0.006207662020893551,0.39513326535209936,0.4203741092380173,0.18449262540988334,1.0,-1.4505394218799563,0.8750258232473458,0.9071296603278524,-0.1503069039407113,-0.04182663863382889,-0.019420405230968912,-1.3459920982291864,-1.4818266619849298,-1.6031622143940187,-0.8138800500794822,1.3459920982291864,0.8968107336976138,0.2571701161648323,0.9247946725011614,0.9867166349501258,0.1631810758654571,0.10318926630238623,0.8968107336976138,0.4053351557013744,0.2831432317860732,0.622966334905039,0.0014663030869836145,-0.002611574150443976,0.96,0.23818068922533,0.0992885033273715
65,-1.0,0,0,1,0.0,0.05240048578591414,0.2509448992433275,0.5306809019442215,0.21837419881245107,1.0,-0.8271230461760541,1.0456637477769448,0.8164166942950671,-0.15618847469120267,-0.0311195614117905,-0.021613281619260218,-0.5034398276767362,-1.0352874730720505,-0.693214217551494,-1.4526002650490164,0.5034398276767362,0.9071296603278524,0.1897743898747578,0.2524449582006777,1.0013724707432012,0.11342166768136155,-0.9071296603278524,0.9071296603278524,0.3912217513290555,0.9009055358727383,0.5766671691339093,-0.006116205414524194,-0.0022253450136582448,0.94,0.24544514443188706,0.10592802933129844
66,-1.0,0,0,0,1.0,0.09804502833143262,0.2908561443694807,0.454438658878424,0.2547051967520952,1.0,-0.5305572075809637,1.0479556823855505,0.8347750248655604,-0.1554441612444394,-0.02842530086660576,-0.02368125691930502,-0.7721424585854664,-0.5211052613730522,-0.27154708243852943,-0.7394479488963308,0.7721424585854664,0.8164166942950671,0.5005953761469369,0.4615254921771704,0.9077596370275366,0.3288034816835956,0.18358330570493286,0.8164166942950671,0.04363534180728362,0.0010689309638129794,0.2189312208319613,0.0005107969301216478,-0.002103550548296132,0.96,0.2404827485459857,0.1057790778904679
67,-1.0,0,0,0,1.0,0.02132113572141105,0.2978269613022447,0.48376634105048866,0.21840669764726656,0.9999999999999998,-0.9128498372335927,1.048727467883953,0.8512975223790044,-0.15594292594589312,-0.025801971521630284,-0.026485853361232457,-0.7524009579157613,-1.187263159383587,-0.5238236419030176,-1.022984701882511,0.7524009579157613,0.8347750248655604,0.22857731601274378,0.4464766050881698,0.9315659777287887,0.1363228642896156,0.16522497513443957,0.8347750248655604,0.012129688411235531,0.07321556249906348,0.24916176379985133,-0.0007330304890539354,-0.00284438490466339,0.96,0.2339969238486745,0.10201842786917747
68,1.0,1,1,1,1.0,0.9858250991311963,0.19851827557522864,0.5595033846738222,0.24197833975094907,0.9999999999999999,1.0112269937422862,1.0488156006231375,0.9769431565151178,-0.1632623070555715,-0.022833183592144073,-0.02824847054333802,0.2681387740955855,1.4213982399898897,0.6724544875284829,1.0638497965348217,0.2681387740955855,0.9743812850167975,0.4043157134328974,0.058568093330575305,1.0947365062476868,0.2565351460417957,0.02561871498320245,0.9743812850167975,0.0027691593737420826,0.6331560312312946,0.15319028791216743,-0.00756464246229063,-0.0018050535424611043,0.96,0.22227995394833858,0.10127554545936641
69,1.0,1,1,1,1.0,0.9931773430791536,0.3525824017575002,0.4721053580565904,0.17531224018590935,1.0,1.1872106651887997,1.0488604227453904,0.979248840863606,-0.16309041588483325,-0.019864259124120858,-0.028161839226060324,1.2149949191782223,1.2294917027122012,1.0174715566698262,1.091460417930778,1.2149949191782223,0.9769431565151178,0.19752336250839608,0.8087336282870063,1.1006514464002413,0.11001788321253923,0.02305684348488224,0.9769431565151178,0.009168109849972276,0.015260772998454806,0.005474351590692378,-7.311195778179036e-05,4.432509911135877e-05,0.96,0.21173468103803622,0.10126147776619035
70,1.0,1,1,1,1.0,0.9973273474892348,0.27736595799313907,0.5442719106711817,0.17836213133567907,1.0,1.4115337682553715,1.0488792110404468,0.9813239567772454,-0.1644907993963293,-0.01689436429591229,-0.029492263867322788,0.7440639352631313,1.9616159338994048,0.7709221047472344,1.1806430983857232,0.7440639352631313,0.979248840863606,0.026858169484103134,0.4321607323256718,1.106271907869026,-0.009361120587188132,0.020751159136394026,0.979248840863606,0.05331050143285489,0.19060136567282274,0.16787129262811057,-0.001647490370879614,-0.0013747294943430683,0.96,0.2022439354187641,0.10144024628739694
71,-1.0,0,0,0,1.0,0.007458224689668328,0.38890547163483363,0.37931898976033807,0.23177553860482825,0.9999999999999999,-1.1657566578086618,1.0491895046373538,0.8661677701411039,-0.16696187072610227,-0.014266856201165022,-0.028837800935348122,-1.4394342296181146,-1.153498887597784,-0.7266028940421241,-0.8881950316978328,1.4394342296181146,0.8512975223790044,0.7128313355759905,0.9870565842981626,0.9620977864399426,0.4694896710358706,0.14870247762099564,0.8512975223790044,0.07704045628928764,0.3038646533237957,0.026112018952141502,-0.002721890364414097,0.0006111412480457537,0.96,0.19640669319118398,0.09825784439576404
72,1.0,1,1,1,1.0,0.9899654655111392,0.2563154332081825,0.510193495068313,0.23349107172350442,1.0,1.0940915455416622,1.0492387139166053,0.9831915610995209,-0.1637779460206939,-0.011298587142854241,-0.03116184582702473,0.7410454449026604,1.1967200622439182,1.2573987003561227,0.5708374867338969,0.7410454449026604,0.9813239567772454,0.5163532554534622,0.4258744851960261,1.1142556940926671,0.33260947788207545,0.018676043222754624,0.9813239567772454,0.27379481005880035,0.028970749023979562,0.4713663000504235,0.0029378887324178495,-0.002370857879899478,0.98,0.18569540597743908,0.09515799242494193
73,1.0,1,1,1,1.0,0.9899364434792811,0.3526102986858603,0.45914735478268687,0.18824234653145291,1.0,1.0933451198041464,1.0492831000569902,0.9848724049895687,-0.1630967868141718,-0.00833005808191757,-0.03241025730421362,1.2739274232484157,1.0322587658462663,0.9040808932458987,1.284270557327746,1.2739274232484157,0.9831915610995209,0.369846530002517,0.8553639925780387,1.1193717081215948,0.22773072517473716,0.016808438900479117,0.9831915610995209,0.036452522693577925,0.00010698042258300377,0.14454418067466787,0.00043614650725193907,-0.0012970998957730793,0.98,0.17810141215344866,0.09420333565724089
74,1.0,1,1,1,1.0,0.9927439482455878,0.3364273533732249,0.4396237099986679,0.22394893662810736,1.0000000000000002,1.171904162077764,1.0493139726849494,0.9863851644906119,-0.16315977647443086,-0.0053619789293790875,-0.03544579946794636,1.274791343555552,1.3916549307377548,0.5859593823002391,1.0985763845025207,1.274791343555552,0.9848724049895687,0.6888319612553129,0.8567362880302699,1.1242732076560864,0.44977211557450536,0.01512759501043126,0.9848724049895687,0.005376962964124343,0.0310517117940615,0.26277619094685395,-0.0003080969859592459,-0.0030887907357927554,0.98,0.1712668177118573,0.08619548634818136
75,1.0,1,1,1,1.0,0.9896174728108157,0.32250070708244455,0.5150313321084163,0.16246796080913906,1.0,1.0857556176510317,1.0493508075262048,0.9877466480415507,-0.162827343226881,-0.0023938323889083515,-0.03529390842878239,1.0300229094847473,1.143048009651706,1.0147659953088906,0.9922296448649878,1.0300229094847473,0.9863851644906119,0.015256914175856728,0.6608585511133671,1.1289809602348244,-0.02476595954484665,0.013614835509388135,0.9863851644906119,0.008747107585575826,0.0014283308506191663,0.0005078870913303973,8.782532081947992e-05,9.887064593094516e-05,0.98,0.16511568271442506,0.08558615724821093
76,1.0,1,1,1,1.0,0.9989163363562857,0.43780751835536663,0.3780350253647714,0.18415745627986196,1.0,1.6263206297883932,1.0493559903545366,0.9889719832373955,-0.1651579082490721,0.0005723141552969621,-0.03208008929817631,1.8039183288017848,1.647021292977318,1.1616140393893852,1.1101299293110354,1.8039183288017848,0.9877466480415507,0.6423042894123996,1.280307319814547,1.1335148128588748,0.4143190941598973,0.012253351958449343,0.9877466480415507,0.26645283925930535,0.48134234326793573,0.002650613590559645,-0.0025786740481035645,0.003165626708024949,0.98,0.15957966121673603,0.08871984727989682
77,1.0,1,1,1,1.0,0.9953147750699127,0.2970400053590951,0.5298188806607738,0.17314111398013113,1.0,1.2766509097029843,1.049371821460792,0.990074784913656,-0.16171174100777536,0.003537716714468833,-0.028591488841947527,0.9054745218732265,1.6301089388769987,0.8318432070318755,0.7314812902629104,0.9054745218732265,0.9889719832373955,0.07363131484135099,0.5592217092495092,1.1378900948783017,0.019461831090769384,0.011028016762604453,0.9889719832373955,0.297209913960435,0.030273644646201102,0.01007251433754068,0.003203235231770807,0.0034456487954747316,0.98,0.15459724186881593,0.09466389608310105
78,-1.0,0,0,0,1.0,0.0024433286981164447,0.4550759993404397,0.34937981095291337,0.19554418970664697,1.0,-1.4322729816527673,1.0494842249133913,0.8795509931269935,-0.16464167618200928,0.0061691584798877755,-0.02814146036946769,-1.7820590199010082,-1.1389767492776215,-1.14227485501043,-1.228688357618852,1.7820590199010082,0.8661677701411039,0.6397841648905782,1.2639354749130314,0.9996306523767382,0.4192574265814572,0.1338322298588961,0.8661677701411039,0.0414466991430306,0.3062190898745921,0.007467293433055767,-0.003177268688778738,0.000407752868519698,0.98,0.15259120475113888,0.09547579681931946
79,1.0,1,1,1,1.0,0.9955926609617053,0.15403927217066768,0.4894467818103482,0.3565139460189841,1.0,1.291126382765206,1.049497779815469,0.9910673064222904,-0.16415227476354813,0.00912903166509093,-0.02993429012088864,0.19166085592412263,1.5472787862261441,1.414509774903408,0.7321920609918441,0.19166085592412263,0.990074784913656,1.2228489189792853,-0.011312991442711168,1.144755161130592,0.8278527829160319,0.00992521508634403,0.990074784913656,0.312407576056248,0.2921739836519631,0.46555746271750265,0.00024280310885141889,-0.0018377986399350555,0.98,0.14857529550949627,0.09799936041468683
80,-1.0,0,0,0,1.0,0.004375813907128631,0.3830695943978305,0.4070801937583805,0.209850211843789,1.0,-1.2928272525055908,1.049661315979964,0.8915958938142942,-0.16414207020588076,0.011789969844722635,-0.03189429905168927,-1.4049642843924546,-1.4151814008671193,-0.8507774831535191,-1.2610648284324149,1.4049642843924546,0.8795509931269935,0.5541868012389355,0.9598191527504155,1.0206126737611334,0.35799647074636615,0.12044900687300653,0.8795509931269935,0.0010088515830042688,0.020707053425595413,0.16833570569600384,-0.00023637842211109375,-0.002007922249355995,0.98,0.1471913034579239,0.0976058905670852
81,-1.0,0,0,0,1.0,0.0033563523486204254,0.4047777985379566,0.4260712314250561,0.1691509700369872,0.9999999999999999,-1.3560418063013306,1.0497797284935553,0.9024363044328647,-0.16454784871267183,0.014478319064117832,-0.031151230402335996,-1.4374988083598808,-1.3286692637816866,-1.2300636161347447,-1.0627643020142572,1.4374988083598808,0.8915958938142942,0.20743519222513607,0.9858569764820239,1.0371252477311608,0.11331033550590597,0.10840410618570584,0.8915958938142942,0.08601169452085439,0.1404259502460982,0.027989060505185542,-0.0006529710687029256,0.0006962716081880261,0.98,0.139335712852018,0.09366265094925294
82,1.0,1,1,0,0.0,0.9723123698655702,0.17011648534454385,0.5568301654340447,0.2730533492214114,1.0,0.8474852572655434,1.2457780510197975,0.8919605757800613,-0.17543815314080602,0.026772360409490874,-0.03115310651662219,0.16622087061900426,1.058504515318114,0.841597816847579,1.1890317455543558,0.16622087061900426,0.9910673064222904,0.6753769462285747,-0.03157115221746842,1.1542057214497516,0.44161263195766626,-0.9910673064222904,0.9910673064222904,0.11665400366241986,1.0461420858860193,0.12071033481662567,-0.011153856986683194,-4.867597385046973e-05,0.96,0.15013575352380581,0.09507673523269772
83,1.0,1,1,1,1.0,0.9951971364715266,0.2710440843144839,0.5419310108401939,0.1870249048453222,1.0,1.0703609145716777,1.2459113491296396,0.9027645182020552,-0.17589192213111896,0.029441487121025706,-0.03164645305641031,0.6688849362863853,1.3999564619975138,0.6971466662658723,0.9441399641910216,0.6688849362863853,0.8919605757800613,0.02826172997948695,0.3596697958883023,1.0525270225565613,-0.011369895530981326,0.10803942421993873,0.8919605757800613,0.01593172831499604,0.07576533038678211,0.06100568921994159,-0.0007180032248614329,-0.0005408875308593466,0.96,0.14417736709721238,0.09524593905140386
84,1.0,1,1,1,1.0,0.999238948072972,0.43240384196916337,0.32296430828141465,0.2446318497494219,0.9999999999999999,1.440722012549016,1.245936936785075,0.9124880663818496,-0.182244717392173,0.03213111244362737,-0.03176012804781473,1.919163449612372,1.3266658855927407,0.7456209553075782,1.1028455419564072,1.919163449612372,0.9027645182020552,1.1735424943047938,1.3594388375587787,1.0676206830533892,0.7898332929569453,0.09723548179794483,0.9027645182020552,0.11416050938011814,0.6663749263598122,0.1276094053064267,-0.00662657300375633,-0.00016138675111570272,0.96,0.13881481931327827,0.09670852533553222
85,1.0,1,1,1,1.0,0.9995033175740615,0.22406312694087532,0.5293926660071564,0.2465442070519682,0.9999999999999999,1.5263739856557608,1.2459528595422074,0.9212392597436647,-0.18221084062118742,0.03484290154327735,-0.02871138534466346,0.5049181234198021,2.202171775853744,1.0035801189849871,1.025429887312258,0.5049181234198021,0.9124880663818496,0.498661995565185,0.22168978134366876,1.0814923887827546,0.31730326884781473,0.08751193361815035,0.9124880663818496,0.2509449896651849,0.27093249635043576,0.00047741237595541163,-0.00023985008022301015,0.0030056109274707544,0.96,0.1339885263077376,0.10171798231735948
86,1.0,1,1,1,1.0,0.9967418532534047,0.14916278206453948,0.4406867468311735,0.4101504711042871,1.0,1.148384792007601,1.2460235855434887,0.9291153337692982,-0.19577827575919898,0.03757583467532825,-0.029566649756795665,-0.24147849893881013,1.5147633269919178,1.2601918328540151,0.8690079174247357,0.24147849893881013,0.9212392597436647,1.5016703317928253,0.010971958529860687,1.0942680502484918,1.0224578469103143,0.07876074025633528,0.9212392597436647,0.07805143805168999,1.2331800809279503,0.15302485569058163,-0.013861543714515125,-0.0008996810116666998,0.96,0.12964486260275102,0.10315465269638235
87,1.0,1,1,1,1.0,0.9979553570951609,0.17131791529604196,0.5132797136222752,0.31540237108168284,1.0,1.2420481961933898,1.2460667890959587,0.9362038003923684,-0.20239081847427934,0.04032520644752196,-0.029277318939129476,0.255670976451593,1.6079752496867503,1.1823186381135438,1.0410308126628833,0.255670976451593,0.9291153337692982,0.9266476616619508,0.0087585054020754,1.1060584685100212,0.6190867134065698,0.07088466623070178,0.9291153337692982,0.04040798848145073,0.6167900723338248,0.01996224962057629,-0.0069165850062284885,0.00024534886633049334,0.96,0.12764888095723576,0.1039458345785366
88,1.0,1,1,1,1.0,0.9915433317549668,0.3642203090710543,0.4257885404183521,0.20999115051059355,1.0,0.9558691838077908,1.2461905557938657,0.9425834203531316,-0.2022750085957033,0.04309235592900422,-0.030158978871328946,1.453958106985236,0.5937032880228397,0.8263017552622451,1.1891819801556556,1.453958106985236,0.9362038003923684,0.627656351722991,0.9607756671139096,1.1169595768987455,0.41008212726696414,0.06379619960763161,0.9362038003923684,0.0544348609396602,0.07010639733887411,0.13168205761869214,-0.00018805843679056694,-0.0009269663601483833,0.96,0.12585249747627203,0.10394876038605547
89,-1.0,0,0,0,1.0,0.00046042562432394653,0.3450799524846801,0.45284995245349385,0.20207009506182608,1.0,-1.541276865451636,1.2462071722968335,0.9121926739895783,-0.2004544799704021,0.04576055616388786,-0.02992121539163995,-1.264230514137779,-2.0698690270697218,-0.8297921033713702,-1.174242708688428,1.264230514137779,0.9024363044328647,0.43443841076640877,0.80910940271452,1.0808941060267985,0.27394790866515717,0.09756369556713529,0.9024363044328647,0.1347140722308792,0.008097805129590251,0.11864621950328748,0.0015193952052154674,0.00019281423273110061,0.96,0.12247678072851277,0.10604704852038253
90,-1.0,0,0,0,1.0,0.0027609034703882226,0.40450116729252467,0.394637391062722,0.20086144164475328,0.9999999999999999,-1.1814714113357268,1.2462759133898624,0.9209734065906204,-0.205536699930154,0.04845241066354111,-0.029217101646911377,-1.6499048593864354,-0.7896357187305083,-1.0079743937148438,-0.9361653607115273,1.6499048593864354,0.9121926739895783,0.6419304656715916,1.1194694075387464,1.0947821312519028,0.4194301105784742,0.08780732601042174,0.9121926739895783,0.06017505847284228,0.5094240719687091,0.005156537220871387,-0.005390988161950402,0.0006602222550236508,0.96,0.11943863565552942,0.1061615617747536
91,-1.0,0,0,0,1.0,0.00939440902977677,0.2092479027974014,0.5468506414819357,0.24390145572066282,0.9999999999999999,-0.9344242486474235,1.2464424071908902,0.9288760659315584,-0.21157778991616666,0.05116947709605538,-0.029341611513158266,-0.4405656252362087,-1.1337958819190195,-0.9111048949196661,-1.2239957638501247,0.4405656252362087,0.9209734065906204,0.4705392696834574,0.14691580025881296,1.1075718282427545,0.3001603871315088,0.07902659340937956,0.9209734065906204,0.08385166241678821,0.6137627820886196,0.09790069586005741,-0.006358933436061976,-0.00016858840131923043,0.96,0.11825409079791228,0.10456230718315992
92,1.0,1,1,1,1.0,0.9970259729253922,0.35754896706479555,0.43985715529531444,0.2025938776398901,1.0,1.1662913254935297,1.246490204178119,0.9483250783178184,-0.21422644263574134,0.053934780592527626,-0.027859372480243276,1.4244256210455222,1.0936776456106376,0.8683750963709352,0.8158801603154451,1.4244256210455222,0.9425834203531316,0.5560505246745869,0.9279627069202512,1.1351404105021565,0.3598937557590525,0.057416579646868415,0.9425834203531316,0.12278798468146288,0.3703275777751818,0.0027557183114700007,-0.0029704751171246275,0.0014403871964399145,0.96,0.11691385333762541,0.10698582675489737
93,1.0,1,1,1,1.0,0.9966531929533529,0.31658979765376055,0.4603550605416298,0.22305514180460956,1.0,1.1424871348428,1.2465376254351366,0.9534925704860366,-0.21402023936567655,0.056711496365009856,-0.031324348445515585,1.2304299037687585,1.3493495672013915,0.5907314120385423,1.1318257548509465,1.2304299037687585,0.9483250783178184,0.6396984917302162,0.7701174803792655,1.1445086206580188,0.419929571730908,0.051674921682181574,0.9483250783178184,0.00011366502333069563,0.009722778183806045,0.2927830878235876,-0.00011530935792570419,-0.0035120330736030827,0.96,0.11570763962336723,0.09968671613835209
94,1.0,1,1,1,1.0,0.998518849100514,0.30995220573809473,0.48936464055221524,0.20068315370969003,1.0,1.306309066976231,1.2465592217090002,0.958143313437433,-0.2127225473901346,0.05949715327938362,-0.03081289120176008,1.1381980056929026,1.653479463542589,0.7193812661369177,0.9798223318674286,1.1381980056929026,0.9534925704860366,0.418816739555985,0.6965381651886455,1.153227952423952,0.2618473692436739,0.04650742951396336,0.9534925704860366,0.10659358820200526,0.025082854059672935,0.06782954871884433,0.000978128809707988,0.00046516847379793113,0.96,0.1123229257797739,0.1018031156971837
95,-1.0,0,0,0,1.0,0.002560586117100252,0.24215557073875815,0.5520840817195658,0.20576034754167616,1.0,-1.1962839632483206,1.246611509546375,0.9359884593384025,-0.21528843375487952,0.06221346807429845,-0.037271842811231665,-0.6453839922056984,-1.7345656708904444,-0.40034214394769746,-1.1393630735940654,0.6453839922056984,0.9288760659315584,0.24504184825800096,0.30358464637442417,1.1277046291006756,0.14071640257884058,0.07112393406844164,0.9288760659315584,0.0032399876790319007,0.2440153328492949,0.5461519344553818,-0.002889304142043156,-0.006514943361316199,0.96,0.11172966352803108,0.10163256417540399
96,1.0,1,1,1,1.0,0.966991204210447,0.16116097806580887,0.5518173182330216,0.28702170370116964,1.0,0.6773191384331521,1.2468361040458855,0.9623289820936897,-0.22433795612938154,0.0650165071730218,-0.034398418581393454,0.18569174403255995,0.6696510742472559,0.9681073306304249,1.2270380381992163,0.18569174403255995,0.958143313437433,0.7824155865978649,-0.06673503852883156,1.1640782785273462,0.5104190678072738,0.041856686562567025,0.958143313437433,0.3021908687600122,1.0844021043746281,0.06704511132207498,-0.00938653482737539,0.002821749089255247,0.96,0.10868342106879707,0.10762918131686383
97,1.0,1,1,1,1.0,0.9755780760418938,0.17856684353214658,0.5868758248396511,0.23455733162820236,1.0,0.7393812486860436,1.2469993592010717,0.9660960838843207,-0.2278679969176376,0.06782262730385567,-0.03455887928127674,0.2577281774530594,0.9134394414766631,0.6705568092861085,0.8335430833400985,0.2577281774530594,0.9623289820936897,0.4128286318330491,-0.018155414166933975,1.171694836580765,0.25458162370174087,0.03767101790631033,0.9623289820936897,0.008866451105417578,0.33156280584169967,0.02656452553000234,-0.0038723562568353854,-0.00021237689309501714,0.96,0.10594180285548647,0.10777835169959925
98,-1.0,0,0,0,1.0,0.005444567764156412,0.2834468173162713,0.5201570389183309,0.19639614376539777,1.0,-1.0440417282570111,1.2470866866525758,0.9423896134045622,-0.22788229654845427,0.07054707964236942,-0.037382411680248424,-0.9562138761085465,-1.235513530482992,-0.6636835446042353,-1.1693207994024264,0.9562138761085465,0.9359884593384025,0.2925303315043112,0.5371031039691996,1.1442093555430184,0.17021235277174107,0.06401154066159753,0.9359884593384025,0.01569484566705802,0.04541456075578362,0.2556690334398508,-0.0003566365810647073,-0.0028796902532735136,0.96,0.10540786682891794,0.1042461052958716
99,-1.0,0,0,0,1.0,0.009670341041843925,0.2618041849982623,0.5511370479652784,0.18705876703645938,1.0,-0.9279576049559124,1.2472107609878442,0.948150652064106,-0.22737033825355202,0.07328696282293358,-0.03750014969875879,-0.7972384578962662,-1.0882959271566348,-0.6385000688478093,-0.8082861601464824,0.7972384578962662,0.9423896134045622,0.15873838904845694,0.40990846976855877,1.1542951350576158,0.07373446065367142,0.057610386595437824,0.9423896134045622,0.01432125470277646,0.00012205172500943029,0.028827316798481342,0.00017039043573320437,-0.00017407274514845858,0.96,0.10492732440500627,0.10274458315203189
100,1.0,1,1,1,1.0,0.992684274105723,0.24651928700182837,0.5482182989122562,0.20526241408591547,1.0,0.9842735791557995,1.2472693524531044,0.9694864754958886,-0.2271894785173976,0.07608357300456994,-0.04015257733707415,0.7655430850946392,1.2925852011470629,0.42352412088801805,0.9054703765552325,0.7655430850946392,0.9660960838843207,0.34201896420662115,0.38506412982215943,1.1842974592899023,0.201913125245876,0.03390391611567933,0.9660960838843207,0.006209944740106001,0.01957964689549784,0.2322721933516481,-0.00016043642586470208,-0.002712746983338505,0.96,0.10245986801302674,0.10283112129959056
101,-1.0,0,0,0,1.0,0.007306473990348618,0.21162655758337443,0.5697809892466097,0.21859245317001585,1.0,-0.9844828563265559,1.2473588622437044,0.9533355868576954,-0.22758736245596833,0.07882904393046455,-0.0397516869778366,-0.5040218054133733,-1.211030295284461,-0.8591166544030173,-0.8084075332597118,0.5040218054133733,0.948150652064106,0.35509484898964405,0.17602796581330102,1.1664568228782917,0.20841381695567668,0.05184934793589402,0.948150652064106,0.031002519393093498,0.09265067131654528,0.002571414967126433,-0.0007397778230814214,0.0003411732531116048,0.96,0.10202737983150623,0.1034142381189948
102,1.0,1,1,1,1.0,0.9989835935330291,0.31107794089529306,0.48506052723154086,0.2038615318731661,1.0,1.3810109562540265,1.2473691416530228,0.9725378279462997,-0.22567953824069747,0.08162430780926465,-0.03727533150222569,1.2213695827905227,1.770627457095637,0.6975731624857562,0.8917317824301688,1.2213695827905227,0.9694864754958886,0.5237964203047665,0.7495083037764498,1.1937384907507365,0.3269058072354999,0.030513524504111378,0.9694864754958886,0.23939410993775673,0.1086610794264125,0.03769756969871887,0.0015687963661361307,0.0024203584828684545,0.96,0.09980666907872465,0.10818916875889664
103,1.0,1,1,1,1.0,0.9978928049843594,0.33099952804842225,0.4890545309244349,0.1799459410271428,0.9999999999999999,1.2346561992735647,1.2473862889984695,0.9752840451516698,-0.226122830537757,0.08442384335295956,-0.034684104461394145,1.2942066241103265,1.2972795370119299,0.9549200224457868,0.7165861152532726,1.2942066241103265,0.9725378279462997,0.3392866016645397,0.8096857610475636,1.2000428099475093,0.20022528966295208,0.027462172053700273,0.9725378279462997,0.2683966119567925,0.3336454522522818,0.056803051317649934,-0.000782986083545872,0.002539122727669711,0.96,0.0990333848935841,0.11315782193755783
104,-1.0,0,0,0,1.0,0.0012123381003883275,0.2834346854178937,0.5337413397949247,0.18282397478718168,1.0,-1.3456119117147844,1.2474045590859637,0.9580020281719258,-0.22630284722251576,0.08716744536476453,-0.03444368770691568,-0.9674412120827297,-1.6054777607187094,-1.1732359792556568,-1.2138178087730935,0.9674412120827297,0.9533355868576954,0.2057947671729271,0.5478301391284268,1.1807597682393092,0.10937223255965484,0.04666441314230463,0.9533355868576954,0.01736968557020502,0.060701427396726196,0.001646884886982298,-0.0005199809019182541,0.00018867360819867267,0.96,0.0987763982928371,0.11275332083469713
105,1.0,1,1,1,1.0,0.9969039530656941,0.19734225061859567,0.5410035047188135,0.2616542446625908,1.0,1.1573086437847948,1.247425813315547,0.9777556406365028,-0.22788724966507587,0.08996630527417311,-0.035049951882062766,0.5332009020042247,1.329752840077683,1.2714665924437727,0.9738882005771611,0.5332009020042247,0.9752840451516698,0.738265690439548,0.200257874380864,1.2087440972891847,0.48234229560076786,0.024715954848330224,0.9752840451516698,0.03364305898648479,0.19420529512351242,0.08855289930591866,-0.0019267468336443317,-0.0006589180838332064,0.96,0.09819947001256991,0.11300047621646382
106,1.0,1,1,1,1.0,0.9888253911512129,0.3056739178531379,0.4968458806142128,0.1974802015326493,1.0,0.8984248962410328,1.2474794109043708,0.9799800765728525,-0.22911627044537727,0.09276910583675253,-0.035049713984325964,1.195639461086826,0.7829937942008318,0.7287913194267113,0.8264828323211539,1.195639461086826,0.9777556406365028,0.4668481416601147,0.7286243192043849,1.214385292006151,0.29174374728001745,0.022244359363497224,0.9777556406365028,0.0051756605610519405,0.13627661656163617,0.009543631691605058,-0.0015732114720070107,-5.241565356663741e-05,0.96,0.09609647408126243,0.09680659762424426
107,-1.0,0,0,0,1.0,0.006672854822108595,0.17152753816962232,0.5243338964924484,0.3041385653379292,1.0,-1.0026242196312012,1.2475468465356159,0.9622018253547332,-0.2312802610400633,0.09551486874646527,-0.03774975801363137,-0.38275355796950095,-0.9974444765161155,-1.3611476556433812,-0.8615031474235721,0.38275355796950095,0.9580020281719258,0.9783940976738803,0.07708657593022353,1.1944714382344672,0.6498261543873902,0.04199797182807419,0.9580020281719258,0.01991515702103085,0.22920116940244173,0.24964463459421488,-0.0025114321485769303,-0.0027567537308782085,0.96,0.0959723108783135,0.09681371488556728
108,1.0,1,1,1,1.0,0.9965996612540584,0.224128960490547,0.5695131297185421,0.206357909790911,1.0,1.1383288138440533,1.2475654444210016,0.9819820689155672,-0.23267817100567625,0.0983138205320166,-0.04420360487204604,0.6515149788448977,1.633161036238966,0.3014121720447582,1.0444872442628241,0.6515149788448977,0.9799800765728525,0.35010280680013955,0.28993172203585493,1.2224919568052455,0.20732220674646631,0.020019923427147535,0.9799800765728525,0.00880624018146867,0.1544272013876972,0.5521605629518839,-0.0017474515344747424,-0.006520251873244982,0.96,0.09550499897129709,0.09506492923684945
109,1.0,1,1,1,1.0,0.8655061262326235,0.1504749174284655,0.5750580362028972,0.27446704636863734,1.0,0.37308579909951206,1.2477824282578456,0.9837838620240105,-0.2384481694835875,0.10113832043482682,-0.03433934822045179,0.1494960140678414,0.1754642710608758,0.9097203576540549,1.4033019421097126,0.1494960140678414,0.9819820689155672,0.7602243435862135,-0.11308135975140313,1.2275931997849188,0.48795343563830335,0.018017931084432837,0.9819820689155672,1.061345301318814,1.572029305192938,0.24362278051375755,-0.006128208046489486,0.00981267024966068,0.96,0.09508441825498233,0.11553031282262552
110,-1.0,0,0,0,1.0,0.006648652918889211,0.2249048490725519,0.5759379866510824,0.19915716427636568,1.0,-1.0031136130725034,1.2478429297178706,0.9659816428192599,-0.23874759537677412,0.10388281232721322,-0.03413892995650845,-0.6322450199870095,-1.1872130072002987,-0.8895365317448388,-0.8916144523607034,0.6322450199870095,0.9622018253547332,0.25729151175782927,0.26734784650602017,1.2076704195927699,0.1457647100100287,0.0377981746452668,0.9622018253547332,0.012432062839435803,0.06727250244985213,4.317754085834857e-06,-0.0006580852753249959,0.0001491329410241996,0.96,0.09354728694116796,0.11553841538310276
111,-1.0,0,0,0,1.0,0.005606680015358931,0.23733227553411948,0.549928199157363,0.2127395253085175,1.0,-1.0374250541644758,1.247890418068006,0.9693834785373339,-0.23718111542371517,0.10663266146763647,-0.03558670497384161,-0.7664784249287573,-1.0938326480179923,-1.1938804825099096,-0.7158490028596722,0.7664784249287573,0.9659816428192599,0.42740205758115235,0.3744351445662317,1.2147617015693621,0.26504251035029813,0.03401835718074009,0.9659816428192599,0.10341115677278968,0.002563338379049556,0.22851409553659532,0.0012101738207248817,-0.0015012352651656675,0.96,0.09352480868057966,0.11638400460026284
112,1.0,1,1,1,1.0,0.9991847349131664,0.2133678363976245,0.5905715799356374,0.1960605836667381,0.9999999999999999,1.4246406449501707,1.2478949383220936,0.9854054758216094,-0.23627925930091476,0.1094246349046617,-0.03336156065173857,0.5713649730667576,1.9351418286994986,0.8155130760536137,0.9712966681476014,0.5713649730667576,0.9837838620240105,0.24414810298685607,0.21991086302969093,1.2379841027952485,0.13531696711695762,0.01621613797598953,0.9837838620240105,0.20552076130316851,0.15994536073023702,0.024268527565705956,0.000546904806875178,0.0021750268048495508,0.96,0.09321657057631669,0.11958176142291908
113,-1.0,0,0,0,1.0,0.03689261293697641,0.2538834119858327,0.5376134128330643,0.208503175181103,1.0,-0.6535312947533322,1.248072101267596,0.9724451306836005,-0.23551820730964784,0.1121843713910718,-0.03478585992137041,-0.8877878873398689,-0.6240243944521632,-0.44437113402614326,-0.843095113524218,0.8877878873398689,0.9693834785373339,0.44341675331372565,0.4739510505709804,1.2242156352225955,0.2770301666678694,0.030616521462666135,0.9693834785373339,0.035934441387001234,0.0019974440313369358,0.1589808118267811,0.0004072439682679716,-0.0014765564452773584,0.96,0.09325959622816551,0.11790421622852172
114,1.0,1,1,1,1.0,0.9975318425967459,0.1731315679670853,0.6175848043939837,0.20928362763893105,1.0,1.2022166393464966,1.2480824946467164,0.9868649282394485,-0.24179832393659723,0.11497264856075425,-0.037141844332622936,0.2614428696375619,1.6888716138475992,0.5443864930718382,1.0260626858602242,0.2614428696375619,0.9854054758216094,0.28294362343427626,-0.026363911599598305,1.2454006685859225,0.16327467648262295,0.014594524178390578,0.9854054758216094,0.031030215328843817,0.5846434633603779,0.23201195469911443,-0.006643358976378408,-0.0024117808724432475,0.96,0.09148770138568561,0.1104181174210711
115,-1.0,0,0,0,1.0,0.004148610589387651,0.3821747266849994,0.43198252396067655,0.18584274935432413,1.0000000000000002,-1.097849016810582,1.2481126146410757,0.9752006176152405,-0.2467334721421058,0.11772229057766076,-0.03705838117231258,-1.6907195536032005,-0.5806704341098747,-1.0808022077429285,-1.0213948101345838,1.6907195536032005,0.9724451306836005,0.609917345860272,1.110777318945963,1.2332845488468949,0.3898002977695675,0.0275548693163995,0.9724451306836005,0.005845245718456234,0.44799561221932954,0.0035292388905959573,-0.0053058043980104795,2.7792081934323327e-05,0.98,0.07389620556545655,0.10271058730885914
116,-1.0,0,0,0,1.0,0.0013043506070318197,0.19211158123267916,0.5941151239863857,0.21377329478093524,1.0,-1.3301573714745802,1.248122941053756,0.9776805558537164,-0.24950909987140296,0.12047469465008216,-0.036590724517021854,-0.44617464555813646,-1.8034565222446357,-0.8091808645710958,-1.0366631418865766,0.44617464555813646,0.9752006176152405,0.3630062190129594,0.11020624430440337,1.239203000835187,0.21704597213675897,0.02479938238475954,0.9752006176152405,0.08613886280145579,0.34867666429622224,0.051748186492637294,-0.0031504536179371976,0.0004126881157058219,0.98,0.07072052709905308,0.10356065772874257
117,1.0,1,1,1,1.0,0.9958038164084141,0.24748357319037176,0.5792886571087703,0.17322776970085793,1.0,1.095520049202522,1.2481374327259882,0.9881784354155037,-0.24996727422743575,0.12325464496687,-0.03830987895541261,0.8180272166056687,1.3332623192884827,0.6969322087567664,1.0819553254133425,0.8180272166056687,0.9868649282394485,0.12109500784890226,0.40491267341313203,1.2553693621254478,0.048175780977209724,0.013135071760551509,0.9868649282394485,0.00018400173147673526,0.06965804661879531,0.1482428003599434,-0.0008336885386478229,-0.0017767055835416,0.98,0.06767872903157532,0.1033217439951474
118,-1.0,0,0,0,1.0,0.0028466648070242873,0.3180008907230596,0.4722429835486113,0.20975612572832916,1.0,-1.1734998757431092,1.24815532699642,0.9799125002683448,-0.2528794820926785,0.12600563016339525,-0.03447264567833291,-1.3776438668008444,-1.2463459263549614,-0.7000023465151435,-0.6036407290853864,1.3776438668008444,0.9776805558537164,0.6776415202857009,0.8521478192132399,1.247587284198644,0.436039185244578,0.022319444146283618,0.9776805558537164,0.3247394470294681,0.5990808571933743,0.009285561313678872,-0.003292096921966875,0.003785446628589471,0.98,0.06761274361483695,0.1097611497482619
119,1.0,1,1,1,1.0,0.9859997966101555,0.34169788025979414,0.3741871507143455,0.28411496902586036,1.0,0.8521744447478753,1.248189176246562,0.9893605918739533,-0.2641609706904427,0.12878136443155155,-0.037035682640434386,1.7805764916740072,0.40748139287022755,0.3212816658277316,0.7922524446991767,1.7805764916740072,0.9881784354155037,1.4592948258462757,1.1715817112465274,1.2624108308912243,0.9870337324140601,0.011821564584496347,0.9881784354155037,0.003590646089836239,0.9767844218287071,0.2218134745507756,-0.01167832530886645,-0.0026186739415312724,0.98,0.06738803803682923,0.10964960047305919
120,1.0,1,1,1,1.0,0.9998279050027356,0.45321343266839176,0.3414406501213386,0.20534591721026949,0.9999999999999999,1.7359731960257536,1.2481899390980038,0.990424532686558,-0.27701417825435465,0.13155502030881994,-0.030135570674614566,2.2673703899080238,1.3941514330728049,1.1315077989642834,0.9612264975044583,2.2673703899080238,0.9893605918739533,1.1358625909437403,1.5497353412359764,1.266546045086598,0.7580681310201838,0.01063940812604669,0.9893605918739533,0.6002324468696468,1.7060118676631364,0.02899572162685184,-0.013269353049521874,0.00685484070291354,0.98,0.06718580301662228,0.12058803938179503
121,1.0,1,1,1,1.0,0.9970891458222972,0.31701461357508115,0.42849611911525143,0.2544892673096674,1.0,1.1689714496254442,1.248197758896708,0.9913820794179021,-0.2781680027019202,0.13432758745565646,-0.03683939184970632,1.5577795031047343,1.3118976038143153,0.4439855232283537,1.1949436868025933,1.5577795031047343,0.990424532686558,1.1137939798763807,0.9692094242294329,1.2705432328983615,0.7495202152388519,0.009575467313442054,0.990424532686558,0.0006745571039860879,0.131649829591641,0.5639381634387944,-0.001571703269851859,-0.0067591632760177,0.98,0.0644032628104712,0.11906072139808899
122,1.0,1,1,1,1.0,0.9993119845622085,0.3317663169450331,0.4305534464068797,0.23768023664808716,0.9999999999999999,1.4583047793322317,1.2481998340979157,0.9922438714761119,-0.28048992483490615,0.1370984084741108,-0.03225952413643753,1.6149304652261478,1.8166813042969627,0.5904859914020568,0.8068285674093317,1.6149304652261478,0.9913820794179021,1.024444473824091,1.013776369478998,1.2744169787862438,0.6802717398271574,0.008617920582097871,0.9913820794179021,0.42442125470141123,0.6530286772551398,0.04680411019346352,-0.002743289070644743,0.004531405734095373,0.98,0.06420210035765807,0.12207325029094122
123,-1.0,0,0,0,1.0,0.0016587094788063131,0.21486703407910893,0.6125521523088127,0.17258081361207844,1.0,-1.2818571073064442,1.2482100846455428,0.9819212502415102,-0.2805786940687314,0.13983447279228253,-0.033107917600780405,-0.6210912673301877,-1.7116696501090964,-0.5789643616547381,-0.9836508358937518,0.6210912673301877,0.9799125002683448,0.04212690567544963,0.21638308902924402,1.263997783782707,-0.0027706901636227917,0.020087499731655245,0.9799125002683448,0.08892698030986036,0.13144944075699772,0.1637711424320039,-0.0005102695253656483,-0.0008981299454657226,0.98,0.06426768157428159,0.12312273944326685
124,-1.0,0,0,0,1.0,0.001574989789354666,0.349364731293519,0.49743462272719374,0.15320064597928723,1.0,-1.2922364467431633,1.248218915431607,0.9837291252173592,-0.28184075827443256,0.14257173624504366,-0.033214254934699705,-1.495343650137448,-1.141782927107521,-1.3175776991608381,-1.048024280147052,1.495343650137448,0.9819212502415102,0.17776595097660985,0.9156962260412271,1.269043910570019,0.09132824808284648,0.018078749758489776,0.9819212502415102,0.05963958231356678,0.2000946187686047,0.07265904570202171,-0.0016854604374604552,-0.00015623356066145916,0.98,0.06432670466924277,0.1242079918302557
125,-1.0,0,0,0,1.0,0.00613464554352259,0.3537807203323789,0.4396939230903885,0.2065253565772326,1.0,-1.0189818019726045,1.2482433260087173,0.9853562126956233,-0.2837376249105484,0.1453103019840029,-0.03395297646147939,-1.6728742751567536,-0.5557245509968847,-0.8851330941937675,-1.1978970461193994,1.6728742751567536,0.9837291252173592,0.7877411809629861,1.0564586618509706,1.2738602302450066,0.5182045717393906,0.016270874782640776,0.9837291252173592,0.03201066458810724,0.2256033681040032,0.09782128962413897,-0.0023231124421907515,-0.0007897275004323808,0.98,0.06437982545470783,0.12467326297030634
126,-1.0,0,0,0,1.0,0.0045380236261636075,0.14519167094263863,0.5785827247934708,0.2762256042638905,1.0,-1.0796603559394442,1.248260545430396,0.986820591426061,-0.29038294120329533,0.148049048657441,-0.033845999610838715,-0.22460096799605211,-1.3116116283862889,-1.0432571486129047,-0.9972112273031442,0.22460096799605211,0.9853562126956233,0.8186561806168526,-0.10405685051370667,1.2784699465839697,0.5391063499703174,0.014643787304376654,0.9853562126956233,0.006797858812885153,0.596926612786572,0.002120226869264665,-0.007081545047684242,5.6131583323445856e-05,0.98,0.06442763416162638,0.11948016336137793
127,-1.0,0,0,0,1.0,0.012169766833519993,0.15833691739583847,0.611728948960782,0.2299341336433796,1.0,-0.8805365439536654,1.2482944405215053,0.9881385322834549,-0.295168856681243,0.15078870748613069,-0.03413943510736931,-0.27713941343042947,-1.081894840701185,-0.7603427424356467,-0.9399416384308831,0.27713941343042947,0.986820591426061,0.48320332900521723,-0.06867141045895175,1.2828927287974112,0.3043963306928133,0.013179408573938955,0.986820591426061,0.0035289652498471545,0.4393067894655519,0.03225576344270773,-0.005229333890588457,-0.0003447215783143269,0.98,0.06447066199785305,0.11360654438716616
128,1.0,1,1,1,1.0,0.9988706791203104,0.31257715993815277,0.4726221351098613,0.21480070495198592,0.9999999999999999,1.3588558594543314,1.24829729710543,0.9930194843285007,-0.29574891102889345,0.15353718869432792,-0.03391711050654882,1.4669914579112002,1.5871234549903956,0.699244259649852,1.0182247176027144,1.4669914579112002,0.9922438714761119,0.7677471982613482,0.8784243096477173,1.2918691596836593,0.5032836036755745,0.007756128523888073,0.9922438714761119,0.11602957479913643,0.20139158720710398,0.10174853255581778,-0.0010243441488956106,0.0001713725069198238,0.98,0.061949139971152895,0.1150982019002883
129,1.0,1,1,1,1.0,0.9995898554746374,0.25286113273812505,0.576921653013097,0.17021721424877798,1.0,1.561845633432342,1.248298370288406,0.9937175358956507,-0.28879270646629773,0.15628359347675602,-0.02709140228371774,0.9579906104127577,2.0505316243919287,0.8025683467677996,0.8098677169876062,0.9579906104127577,0.9930194843285007,0.15542226364495804,0.4706435773013128,1.2955095956721037,0.0748784740449218,0.0069805156714992656,0.9930194843285007,0.5654707868205662,0.02194039155663879,5.328080560579848e-05,0.0065223647431671295,0.006785010072179524,0.98,0.061890245982855994,0.12015946611557465
130,1.0,1,1,1,1.0,0.9902099173849271,0.20029188351148455,0.6040734107153521,0.19563470577316322,0.9999999999999999,0.9245680305824102,1.2483120182089906,0.9943457823060856,-0.28999353096816116,0.15902839864707383,-0.027111989486536762,0.6049143186811748,1.0421466005953854,0.8887766112687298,0.9780538161756485,0.6049143186811748,0.9937175358956507,0.2838622925875549,0.19513874847864215,1.2990587597567544,0.1716122025275707,0.006282464104349295,0.9937175358956507,0.0028607292605258515,0.13923308459042827,0.007970419315991949,-0.001636468263958829,-6.131628066559316e-05,0.98,0.059606915127482854,0.1201965036691251
131,1.0,1,1,1,1.0,0.998452426638729,0.2235344662482372,0.5998533337175912,0.17661220003417163,1.0,1.2956533065762397,1.248314739179409,0.9949112040754771,-0.28794193652370703,0.16177020689951024,-0.02626223570678632,0.7567500141276677,1.7001086554652802,0.6040225499781162,0.9010220656907295,0.7567500141276677,0.9943457823060856,0.15272746414955152,0.3154064803339731,1.3025260482990721,0.0797972354181493,0.005654217693914387,0.9943457823060856,0.15573381628283756,0.020814424862214756,0.08820871233352683,0.0016190326970474738,0.0008103012473917288,0.98,0.057551917357647024,0.12159094610436476
132,1.0,1,1,1,1.0,0.999327732745489,0.21949115780034026,0.5805179770517152,0.19999086514794454,0.9999999999999999,1.462808591808281,1.2483159402146111,0.9954200836679293,-0.28510762962203134,0.1645093681436256,-0.023759700099814623,0.7765640094570587,1.8275155717312535,1.1573229375417786,0.9736011764127758,0.7765640094570587,0.9949112040754771,0.3807589280847199,0.33330927104193997,1.3059180915863087,0.2402690139525176,0.0050887959245229375,0.9949112040754771,0.23932389527795034,0.038823645161935115,0.03375368551234238,0.0024060030013921827,0.0024668425171872955,1.0,0.03783234714769168,0.12404434393667536
133,-1.0,0,0,0,1.0,0.013887095593139562,0.22862668440196263,0.5834338169875739,0.18793949861046344,1.0,-0.8537123263223211,1.2483496901270106,0.9893246790551095,-0.284837080895816,0.16722785344467284,-0.025937734113038784,-0.8114197037494498,-0.9721795512328801,-0.5373947688981047,-0.9875859016391728,0.8114197037494498,0.9881385322834549,0.27402493485134516,0.36402813337752854,1.3008686802695988,0.168057754296127,0.01186146771654506,0.9881385322834549,0.017922134168116773,0.03103452927892104,0.20267205599868604,-0.0001573487413296512,-0.0022169990619668313,1.0,0.03590878801762381,0.12408415205373778
134,-1.0,0,0,0,1.0,0.002409873865249292,0.17659147508166545,0.646707472306738,0.1767010526115966,1.0,-1.2067468226835913,1.2483571409227607,0.9903922111495985,-0.28812652608382056,0.16994403055539267,-0.02894974695730197,-0.3646665836051346,-1.6537121226958382,-0.41245835779107465,-0.9698876983631863,0.3646665836051346,0.9893246790551095,0.04779177418594005,0.00689618598829167,1.3049512343580485,0.007516507817119246,0.010675320944890543,0.9893246790551095,0.05610224477382908,0.3662925977489788,0.3107274697306593,-0.003722284235701797,-0.0030555026994819627,1.0,0.03417758480056272,0.122922986761612
135,-1.0,0,0,0,1.0,0.010924043966144272,0.12336103868172511,0.551082340577812,0.3255566207404628,1.0,-0.902346923303819,1.2483798705164815,0.9913529900346387,-0.29647929880242335,0.17265975193779806,-0.029894326172406994,-0.12531586592585275,-0.8504694276684869,-1.2845972666115273,-0.9856143252867823,0.12531586592585275,0.9903922111495985,1.1592814006856744,-0.18787383334313834,1.308895073377431,0.7825472335226701,0.009607788850401477,0.9903922111495985,0.006933460232992389,0.7401134391787889,0.08939079920319591,-0.008798159747349559,-0.0009894880676424422,1.0,0.03261950190520774,0.11804275617296814
136,-1.0,0,0,0,1.0,0.001389679593706114,0.28077666093279624,0.5654573943447129,0.15376594472249094,1.0,-1.3171654669745347,1.2483836691921717,0.9922176910311749,-0.29440936506400184,0.17537307252739806,-0.028658146376756035,-1.136399488111,-1.4403835251693735,-1.1941233057101375,-0.8516067289351791,1.136399488111,0.9913529900346387,0.05772381759913747,0.6126402916863767,1.3127156904776327,0.010512346146989236,0.008647009965361274,0.9913529900346387,0.21674493856479737,0.08110691567897713,0.11731760536563597,0.001627656274629843,0.001193127998389937,1.0,0.03121722729938826,0.1208166261832303
137,1.0,1,1,1,1.0,0.9899174114695076,0.2174859431320047,0.5979880256389039,0.1845260312290914,0.9999999999999999,0.9185500422964438,1.2483938490954443,0.9958780753011364,-0.2948748946092703,0.17809366199131443,-0.02840525316885537,0.7538487790457733,0.9530185803566528,1.0009689641716966,1.0660363323958415,0.7538487790457733,0.9954200836679293,0.24712018512592326,0.3086696581726168,1.3201061687455167,0.14432598321139023,0.004579916332070666,0.9954200836679293,0.021752205767283705,0.09746106846670168,0.004233762407616467,-0.0009085063523930157,0.00021022132031600686,1.0,0.029891132301415643,0.12044351052894696
138,-1.0,0,0,0,1.0,0.002015760652092605,0.30624236425137336,0.45811563153475376,0.23564200421387294,1.0,-1.2425447444821933,1.2483985272084754,0.9929959219280574,-0.2970353180614223,0.1808011699469482,-0.029841863232574456,-1.5140926336613165,-1.4230333395318282,-0.5387478350604527,-0.978351521434259,1.5140926336613165,0.9922176910311749,0.9753447986008639,0.916399212319783,1.3191440066771656,0.6543361058517493,0.007782308968825147,0.9922176910311749,0.06979805910445559,0.2870185393302847,0.19325140107343985,-0.0026066457627099498,-0.001481440103627811,1.0,0.02877085448863951,0.12075077449224286
139,1.0,1,1,1,1.0,0.9935374011368387,0.22803833632004403,0.5521714136934995,0.2197902499864564,1.0,1.008339897012908,1.2484049737301397,0.9962902677710227,-0.2972225409314545,0.18351462005279046,-0.04031135868854916,0.9234393763175239,1.3243944120638722,0.3024137019365379,1.276903844621454,0.9234393763175239,0.9958780753011364,0.6210256743809861,0.4417161829925969,1.326060956543255,0.40487610883411584,0.004121924698863633,0.9958780753011364,0.07212659395508582,0.12493713035337999,0.9496310381900683,-0.00063372643677953,-0.010530053330819791,1.0,0.02690201907127408,0.11949902492672701
140,1.0,1,1,1,1.0,0.9990504013407904,0.2229056317733571,0.6116466933589395,0.16544767486770334,1.0,1.3934823280977164,1.2484061518659664,0.9966612409939204,-0.29565576811196215,0.18622488559621744,-0.03872296203267767,0.7713308219178752,1.7645241251818589,0.8599878936108581,1.0072223867943964,0.7713308219178752,0.9962902677710227,0.08865707169298298,0.31984211660284567,1.3292484279894665,0.02174859149653892,0.0037097322289773027,0.9962902677710227,0.14919674225564428,0.055644830379894004,0.02167799598301336,0.0011226229425090031,0.001530224955271571,1.0,0.02522006719564519,0.12127945860238304
141,-1.0,0,0,0,1.0,0.013390204174198502,0.25059398477724143,0.5900137737314144,0.1593922414913443,1.0,-0.8610481459398618,1.2484255328960288,0.9936963297352517,-0.29555139852759454,0.1889231601604471,-0.03947068784931877,-0.9593926511017821,-0.7702825565773974,-1.0424146052151184,-0.7663284823364405,0.9593926511017821,0.9929959219280574,0.08302195411333635,0.47185835276946353,1.3281701958134833,0.019392405846657766,0.007004078071942588,0.9929959219280574,0.008971814673145298,0.03727377326105231,0.07622354724618047,-0.00033962350305488415,-0.0008070207908764221,1.0,0.02377961688889645,0.11978186164751017
142,-1.0,0,0,0,1.0,0.0039798076250532124,0.30401480181572027,0.5011331289286193,0.19485206925566045,1.0,-1.1058997718755919,1.2484321914906826,0.9943266967617265,-0.29784141756340715,0.19161850699915425,-0.038888753008505014,-1.4092874201218475,-1.0407958930366277,-0.7999824394363255,-0.8816372455594904,1.4092874201218475,0.9936963297352517,0.609304980685522,0.8318785375698834,1.3316739393559864,0.3870427986305466,0.006303670264748318,0.9936963297352517,0.05029368070968009,0.2784147067156859,0.006667507363011646,-0.0027374523120720696,0.0005235140801600214,1.0,0.022757358701254046,0.11833197556807452
143,-1.0,0,0,0,1.0,0.00021776717925397744,0.3904652365650519,0.41563035805290294,0.19390440538204515,1.0,-1.6884910365033774,1.2484326921455287,0.9948940270855539,-0.3012215917094271,0.19431129352582457,-0.03675293149195833,-1.9630978317398085,-1.7099809527533916,-1.0894522028006346,-1.2442530315900775,1.9630978317398085,0.9943266967617265,0.8736456289391739,1.2726368478284396,1.3350942082751396,0.5726631872489166,0.0056733032382735304,0.9943266967617265,0.19734740500934905,0.5167378467023066,0.023963296593898415,-0.0038326853003154905,0.0020806093009854074,1.0,0.021837326332375884,0.12227665036779488
144,1.0,1,1,1,1.0,0.9774257549548724,0.19549431131845818,0.5649505240290539,0.2395551646524879,1.0,0.7545686487553377,1.2484463413803737,0.9969951168945284,-0.3008510527984382,0.19700709075393663,-0.041032942383940355,0.7256080425538214,0.4623196576514388,1.4674226366189091,0.8572239001394615,0.7256080425538214,0.9966612409939204,0.7418145940650878,0.27926484233363,1.340471720668833,0.4825172843536031,0.0033387590060796057,0.9966612409939204,0.01053810063673765,0.017322733968003497,0.3723424980011144,-8.141559997519015e-05,-0.0043416527683725215,1.0,0.020973952922218212,0.12035554061648952
145,1.0,1,1,1,1.0,0.991218833817768,0.3077817598578874,0.4364282790503947,0.25578996109171787,1.0,0.9464415796458839,1.2484523349400187,0.9972956052050755,-0.30770983128385326,0.19969918607597897,-0.04296965964414033,1.6189617941155525,0.7899543788630987,0.4042232110027815,0.829119495717191,1.6189617941155525,0.9969951168945284,1.214738583112771,0.9943183824940038,1.343551475182644,0.8092840657949993,0.003004883105471645,0.9969951168945284,0.013764471377371267,0.6238508563392063,0.18053685276410852,-0.007321036619542021,-0.002001268576640847,1.0,0.01961157190295881,0.12056603029045633
146,-1.0,0,0,0,1.0,0.0013447475372399599,0.2739415834619888,0.546204550237751,0.17985386630026012,1.0,-1.3236795572170021,1.2484545162298144,0.9954046243769985,-0.3058806656490722,0.20238143925465804,-0.039550966069142185,-1.2018231167502145,-1.554725553721068,-0.8076115390112197,-0.7944217717232447,1.2018231167502145,0.9948940270855539,0.39421157773899473,0.6537486621163184,1.3438273172243658,0.23297844477315593,0.005105972914446144,0.9948940270855539,0.2801138035057562,0.1659758559297841,0.00017396996111093674,0.0013696553709116655,0.0033592780025357436,1.0,0.018876557629996394,0.12012448898537122
147,1.0,1,1,1,1.0,0.9996831050090548,0.14916379734087065,0.5780003220831933,0.27283588057593605,1.0,1.6133193175771556,1.24845484806088,0.997566044684568,-0.31039492130483315,0.2050660850855825,-0.03724124567870274,0.3757782976726469,2.086546317696677,1.2873759687559752,1.16223845034317,0.3757782976726469,0.9972956052050755,0.9115976710833282,-0.00525802751095461,1.349271385240495,0.5985674036891875,0.0027043947949244584,0.9972956052050755,0.2034739487845646,0.6185195717385424,0.015659398514515158,-0.004980547475447734,0.0022537746032405934,1.0,0.018177225167768676,0.12401663893895414
148,-1.0,0,0,0,1.0,0.00040555793976743354,0.21410519949529988,0.6285351853985928,0.15735961510610744,1.0,-1.563901406164663,1.2484555475718604,0.9958641619392986,-0.3115543010861111,0.20774161810853306,-0.03884741772114725,-0.7290647443598919,-2.0580646632139543,-0.7259727910238735,-1.2277072115522907,0.7290647443598919,0.9954046243769985,0.003091953336018416,0.27285687418308036,1.3497814031191306,-0.035076878343489847,0.004595375623001496,0.9954046243769985,0.11302653649106167,0.2486443100877225,0.2517374287429866,-0.00162741328315993,-0.0016645307070230991,1.0,0.016988901866996756,0.1259632727554342
149,-1.0,0,0,0,1.0,0.007113265235245229,0.26684921299991027,0.5310862897307921,0.20206449726929757,0.9999999999999999,-0.9889529546338228,1.2484625302078467,0.9962777457453688,-0.31191544122308357,0.2104146364823864,-0.04018318827936047,-1.220373683421275,-1.0158951379350487,-0.6125233267506003,-0.9552752025593896,1.220373683421275,0.9958641619392986,0.6078503566706748,0.664744645650909,1.3529854043387264,0.3866478319483251,0.004135838060701391,0.9958641619392986,0.0011341909847869926,0.07027720455527946,0.11747884837044373,-0.0008297161628459096,-0.0013961358886278809,1.0,0.015919410896302028,0.12569953148107443
150,-1.0,0,0,0,1.0,0.00591916777282298,0.20632595203612497,0.6142230955977963,0.17945095236607866,0.9999999999999999,-1.0259864712452782,1.248467955455411,0.9966499711708319,-0.313507934712248,0.21308472274421145,-0.045323610008159,-0.7214356062551599,-1.2864920680425462,-0.4844913961752501,-1.1560204547038364,0.7214356062551599,0.9962777457453688,0.2369442100799098,0.2652330437810444,1.3561340440895604,0.1256777587765764,0.003722254254631241,0.9962777457453688,0.01690883685410059,0.18886399050115912,0.4509512764482894,-0.0020634618437647026,-0.005208509275130266,1.0,0.015315777659081065,0.12591350932335432
151,-1.0,0,0,0,1.0,0.029538577096024837,0.27562492544892064,0.5266733868508422,0.1977016877002371,1.0,-0.6992719616117639,1.2484845626193208,0.9969849740537486,-0.312442689466366,0.21575250084888817,-0.04545907126909373,-1.2815006286362693,-0.40378304287861755,-0.6747371010691017,-1.0330297037838139,1.2815006286362693,0.9966499711708319,0.6067635275671677,0.7116925681967674,1.359232189590668,0.37941085928885837,0.003350028829168128,0.9966499711708319,0.11139423045978461,0.061737800497034576,0.1283735891600826,0.0005958771595530005,-0.00020375230440357583,1.0,0.014345791276946547,0.12752134354468814
152,1.0,1,1,1,1.0,0.997893708909629,0.2763894216615905,0.524211076053015,0.19939950228539463,1.0000000000000002,1.233639230970151,1.2484860804747386,0.9978094402161112,-0.31233787387074347,0.21841785857696422,-0.046274846842781166,1.2941406761372982,1.418816093736421,0.6629571549066079,1.0129351828887652,1.2941406761372982,0.997566044684568,0.6311835212306903,0.7228698514434727,1.3629534522361413,0.3963693935923895,0.0024339553154320015,0.997566044684568,0.048710276839510645,0.07907652943315077,0.12248462007027966,-0.00036439503112368154,-0.0008852921187692282,1.0,0.01378419989317296,0.12370766688272322
153,-1.0,0,0,0,1.0,0.0030395792662513146,0.3068909906534013,0.4594017119320528,0.23370729741454593,1.0,-1.1600033141797375,1.2484886318538704,0.9972864766483738,-0.3169042225183442,0.22107767909884954,-0.046787302848393615,-1.5923200514202343,-1.1857029651782334,-0.5417916578433475,-0.8901735699309119,1.5923200514202343,0.9969849740537486,1.0505283935768868,0.961518167265444,1.3649505787387752,0.6890950286610396,0.0030150259462513596,0.9969849740537486,0.07280809088138661,0.4930096814678353,0.12136995666978746,-0.0050424190870373845,-0.0005827423894608103,1.0,0.013295256971023982,0.11979589646121509
154,-1.0,0,0,0,1.0,0.09938663876140107,0.21955471879339775,0.6213339166988209,0.15911136450778152,1.0,-0.44134529977388837,1.248517197977665,0.9975578289835364,-0.31468401827933795,0.2237372587256657,-0.04507126728943851,-0.8057427426169279,-0.23846548063160045,-0.7307711034985317,-0.8233566551766703,0.8057427426169279,0.9972864766483738,0.07497163911839622,0.32768997157519814,1.3679571272444793,0.005692844534483731,0.0027135233516262236,0.9972864766483738,0.1459326756566706,0.0003102499156622521,0.008572084379545281,0.0017474691088921002,0.0016483270953255036,1.0,0.012416239175210413,0.12236715626294441
155,1.0,1,1,1,1.0,0.9993114223099544,0.2747540158953341,0.5778834991936455,0.14736248491102044,1.0,1.4577679833951878,1.2485177257027118,0.9980284961945001,-0.3124363363476595,0.22639126286431754,-0.043501803877517765,1.1780075663821699,1.6439734433955442,1.2491683201250579,1.053029691388381,1.1780075663821699,0.9978094402161112,0.071160753742888,0.6277220348263979,1.3712181149741933,0.004741260330583079,0.0021905597838888236,0.9978094402161112,0.1638130850165872,0.015619469237963118,0.038470361682703964,0.001778323389343489,0.001504112680006599,1.0,0.011965731273921585,0.12497055678354646
156,-1.0,0,0,0,1.0,0.0014730120250323988,0.23551992447212045,0.5684706303023219,0.19600944522555758,1.0,-1.3053422762296767,1.248518852687387,0.9978020460851827,-0.31115741275300096,0.22904062875360753,-0.04610321511204797,-1.0060812090989213,-1.706045595231036,-0.5027986834562074,-1.0427270156224577,1.0060812090989213,0.9975578289835364,0.5032825256427139,0.49242863093147754,1.3735827661953843,0.3087959640723819,0.0024421710164636012,0.9975578289835364,0.06896677510379753,0.0013429151357604659,0.2915226038758288,0.0008114863196164448,-0.002670669945264375,1.0,0.011569687506980912,0.12624637907440137
157,-1.0,0,0,0,1.0,0.00046653789752686294,0.3550281062434138,0.42516519537725644,0.21980669837932987,1.0,-1.5357606814882836,1.248519230642562,0.9980218414766645,-0.3153252290337361,0.23168665007242856,-0.04585536746584021,-1.8842369561940906,-1.6280483468312958,-0.7943984921303676,-1.1550214539556636,1.8842369561940906,0.9978020460851827,1.0898384640637229,1.1962321522022716,1.3765129817515676,0.716783709732558,0.0021979539148172522,0.9978020460851827,0.1449623593821362,0.5317552487048414,0.13004892059564888,-0.004641514671872462,0.00017896126543784786,1.0,0.010773687148715773,0.12874732312162349
158,1.0,1,1,1,1.0,0.9959743885153187,0.150192948800228,0.6213915877200094,0.2284154634797626,1.0,1.1035161867478938,1.2485213325782685,0.9982256465750501,-0.3244052409365439,0.23432939365871172,-0.046601637215955914,0.3433799791383594,1.343755979413381,0.949779276154072,1.2478799038863553,0.3433799791383594,0.9980284961945001,0.6063992970157126,-0.040621245723048593,1.3794194206961037,0.3786241404451586,0.00197150380549993,0.9980284961945001,0.02084088282603373,0.8181201138691302,0.08886398425438134,-0.009567350772517158,-0.0008162772171401713,1.0,0.010412718756282822,0.12898801597451479
159,1.0,1,1,1,1.0,0.9971181437833315,0.2594507633138676,0.5964856351201775,0.14406360156595482,1.0,1.1706717585550823,1.2485227692542171,0.9984030819175451,-0.3234685758406003,0.23696867081934658,-0.04613924792001378,1.092757395885618,1.2205883849114731,1.1043148883697584,0.8906735808955704,1.092757395885618,0.9982256465750501,0.011557492484140397,0.5498006757719506,1.3822888872200192,-0.038511392477057635,0.0017743534249499149,0.9982256465750501,0.07839897949264762,0.04083786828093182,0.04564260825928057,0.00045073333454058966,0.00039307645480040465,1.0,0.010087847203093163,0.10932908953799143
160,1.0,1,1,1,1.0,0.996884066184773,0.23945382570262458,0.5895647677527063,0.1709814065446691,1.0,1.1549860633497362,1.2485241485545737,0.9985627737257906,-0.3239580785263487,0.23960446532758667,-0.0502926430966651,1.0094710145801993,1.3364324685503672,0.7331257331876977,1.3617442466959062,1.0094710145801993,0.9984030819175451,0.2763452813925016,0.4841082358235592,1.3851322150245233,0.14730244905473733,0.001596918082454879,0.9984030819175451,0.04274894638060846,0.12409643006524673,0.3951612355252697,-0.0009761698042156593,-0.004228947469735935,1.0,0.009363822071836924,0.1099354272088149
161,-1.0,0,0,0,1.0,0.009693690183755824,0.2264521075976187,0.604433356808643,0.1691145355937384,1.0,-0.9264016092839384,1.248528412000601,0.9982196573289981,-0.32347470612048407,0.24223543392749208,-0.05095881104810394,-0.9119121497523758,-1.00139780599791,-0.6777592667957193,-0.9265431820874364,0.9119121497523758,0.9980218414766645,0.23415288295665648,0.4055716412755519,1.3873295830257506,0.11361437497299443,0.0019781585233354937,0.9980218414766645,2.004285869025885e-08,0.0002140671071895882,0.06189343650787625,-2.5685647719707756e-06,-0.0007427209975802107,1.0,0.008723018098688832,0.10786720447421627
162,-1.0,0,0,0,1.0,0.0009152437392061363,0.3508680764628196,0.4732304203164445,0.17590150322073586,1.0,-1.4007299346268571,1.248528959780409,0.9983976915960983,-0.3284971801872087,0.24486279492083127,-0.048866032290744855,-1.768113289798035,-1.231525337471982,-1.1231295296944719,-0.9588307513805463,1.768113289798035,0.9982196573289981,0.6449837601035631,1.091015925717944,1.39018803985584,0.40052982102439016,0.001780342671001911,0.9982196573289981,0.1952748881537566,0.654938226987454,0.026994088555448464,-0.005515960066004368,0.0020193695951796977,1.0,0.008434302192589081,0.10766228701122806
163,-1.0,0,0,0,1.0,0.020003187295684472,0.24230231747099637,0.5743039191732284,0.18339376335577523,1.0,-0.779248583541118,1.248534953998984,0.9985579224364884,-0.32785110460992584,0.24748701181722724,-0.049558131563461436,-1.0731809757271773,-0.6983968994625942,-0.6440909843138298,-0.9479828448005428,1.0731809757271773,0.9983976915960983,0.42908999141334747,0.5300476003945331,1.3930201402563442,0.2514969616985983,0.0016023084039017421,0.9983976915960983,0.028471250922763827,0.015674571987522704,0.09235026287007585,0.00015356014722289348,-0.0007665481433677443,1.0,0.007854017931413793,0.10751302320194328
164,1.0,1,1,1,1.0,0.928198390331819,0.18762710996648485,0.6494734587447675,0.16289943128874762,0.9999999999999999,0.512468351375727,1.248547646219821,0.9987064963532115,-0.32650085149079605,0.2501086112050337,-0.04796676061646971,0.6024748382728771,0.44154557202288736,0.691565390355675,0.955482773898378,0.6024748382728771,0.9985627737257906,0.08909055208279792,0.15412876600837583,1.3958342016018863,0.01280525489449711,0.001437226274209391,0.9985627737257906,0.19626177856307794,0.12461460261457781,0.0696523853360262,0.0008597661113820016,0.0015193127187246207,1.0,0.007590871973330169,0.11081765446662796
165,1.0,1,1,1,1.0,0.9997802735999699,0.14998130922051683,0.6022652999658678,0.24775339081361558,1.0000000000000002,1.6865410977215054,1.2485477612622569,0.9988358467178904,-0.3287596525928203,0.2527254641435795,-0.04441997430343675,0.4186682109874812,2.1957313892659944,1.2162734343140844,1.1430672390427368,0.4186682109874812,0.9987064963532115,0.7976052233266032,0.008433717299188903,1.3986210820112268,0.5103568957121525,0.0012935036467884853,0.9987064963532115,0.29536383506719016,0.5247539518473989,0.005359147026106682,-0.002752681401362505,0.003480056256493002,1.0,0.007065644659937948,0.11660802625360266
166,-1.0,0,0,0,1.0,0.007868321028666055,0.11588383727308495,0.5941254609721884,0.2899907017547266,1.0,-0.9685274540431605,1.2485503987707596,0.9987021301928396,-0.3425934626488494,0.2553381093411926,-0.04438678516216377,0.11915562908706057,-1.2037822742983504,-0.9211949394596293,-0.9743432707742304,0.11915562908706057,0.9985579224364884,1.0403505685466898,-0.23343514932317183,1.4010670749455412,0.683825423679246,0.0014420775635115568,0.9985579224364884,3.382372424939258e-05,1.195739843997854,0.0028247451215266156,-0.014348472243283254,-3.3491056767326674e-05,1.0,0.006598498563512989,0.11488592547205853
167,1.0,1,1,1,1.0,0.9976530432403513,0.23707044234503527,0.6088957997401317,0.1540337579148329,0.9999999999999999,1.211862588152487,1.2485511934280558,0.9989522620461013,-0.3406704348265748,0.25794749357866453,-0.04259122695901171,1.0041287066163185,1.3720041482355498,0.8985419189309852,0.8249302619117306,1.0041287066163185,0.9988358467178904,0.10558678768533325,0.4607095026442054,1.4039993330667664,0.029523966217569503,0.0011641532821096146,0.9988358467178904,0.1497166250900831,0.03211208258454325,0.005418676049120382,0.0014112545100664782,0.0017315753884915527,1.0,0.006359080193944151,0.11787657793923065
168,1.0,1,1,1,1.0,0.9974632501598413,0.1783763870940053,0.6482176634585298,0.17340594944746482,0.9999999999999999,1.1962528381736306,1.2485519564983392,0.9990570358414912,-0.3428669041353658,0.2605532786542074,-0.047860528285041656,0.5713529268200347,1.5853454222719503,0.3845777041940028,1.0646013208532146,0.5713529268200347,0.9989522620461013,0.1867752226260319,0.116411906629453,1.406742594931681,0.08815142887921062,0.0010477379538986753,0.9989522620461013,0.0173321220127678,0.24329397821631107,0.4624321192142746,-0.0027115422744425194,-0.0053411999664180814,1.0,0.005933646070096452,0.11172843143889664
169,-1.0,0,0,0,1.0,0.000194031159945246,0.2858283404218235,0.5577394757212847,0.1564321838568918,1.0,-1.7114421428462916,1.2485520599353765,0.9988319171735557,-0.3376719943816896,0.26315445226849854,-0.041610225038994704,-1.3542838635657826,-2.0690382720235245,-1.0890668938906463,-0.9859951845220573,1.3542838635657826,0.9987021301928396,0.2652169696751363,0.7405601867172602,1.409060728375973,0.13779135048755375,0.0012978698071604011,0.9987021301928396,0.5262732893418834,0.1356365511117721,0.010623777272162878,0.004687640858761336,0.006187794144836647,1.0,0.0057231721745497335,0.12218208430393758
170,-1.0,0,0,0,1.0,0.00015571777481153577,0.33602092871381484,0.47880356347096265,0.18517550781522246,1.0,-1.7554954007193286,1.2485521365696008,0.9989487254562002,-0.33697151490985494,0.2657520730624717,-0.035289788089145825,-1.7442077263771094,-2.0459276725218745,-1.0250148233121326,-1.032760850688944,1.7442077263771094,0.9988319171735557,0.7191929030649769,1.0576941867199978,1.4118111570180876,0.4618248071064891,0.0011680828264443166,0.9988319171735557,0.5223452298076224,0.5061566569264517,6.000094012231348e-05,0.00019426287457404847,0.006267422746410002,1.0,0.005533745668557685,0.12062433996269711
171,-1.0,0,0,0,1.0,0.019849597274876497,0.18884276523488774,0.6538854545266396,0.1572717802384727,1.0,-0.7808088663929046,1.2485560469933885,0.9990538529105801,-0.338001662453996,0.26834635600858936,-0.03722801157189734,-0.6368714636913161,-0.865545176323663,-0.6013341803157917,-1.1540312849220318,0.6368714636913161,0.9989487254562002,0.03553728337552442,0.17252565604319797,1.414543107337102,-0.010413689726278732,0.0010512745437998294,0.9989487254562002,0.13929497369273097,0.2674542806953858,0.3054740894401211,-0.001537911684031858,-0.0019941493889686817,1.0,0.005363261813164841,0.12339674829447202
172,1.0,1,1,1,1.0,0.9830541064545826,0.23101318734668502,0.6175105220457229,0.15147629060759218,1.0,0.8130669493801439,1.2485591651448653,0.9991513322573421,-0.3370277956207685,0.2709369716376595,-0.03667660762771908,0.9650528731830035,0.7016767735916989,1.0353713956884611,1.017242200683667,0.9650528731830035,0.9990570358414912,0.07031852250545767,0.43404063609240684,1.417261947226304,0.011994954181923027,0.0009429641585088078,0.9990570358414912,0.04168753324485681,0.0027237259049715133,0.00032866771152185325,0.00046756568807862357,0.0004963063864000195,1.0,0.00520976268469306,0.11574207386534091
173,1.0,1,1,1,1.0,0.9993054390430754,0.29457628052631196,0.5476806708913149,0.15774304858237306,0.9999999999999999,1.4559854329274255,1.2485593711207295,0.9992361990316079,-0.33625737774064673,0.273523784016647,-0.03528675873798458,1.4210429827793711,1.57203676175888,1.1183106313190734,1.1221915869994625,1.4210429827793711,0.9991513322573421,0.30273235146029775,0.7998065906027283,1.4199610037336028,0.17523603839448934,0.0008486677426579048,0.9991513322573421,0.11141833157938072,0.08931215675959957,1.5061816993144836e-05,0.0002652740978373738,0.0013368392371486508,1.0,0.004824986044913113,0.11619190089073132
174,-1.0,0,0,0,1.0,0.007622323857092695,0.265364849491423,0.5768529631752851,0.1577821873332918,1.0,-0.9749281007455763,1.2485610585667337,0.9991484676195221,-0.3364193706689514,0.2761065223461298,-0.035231008895226915,-1.2277641975450417,-0.8525088319488404,-0.997263354436259,-0.9913638204316446,1.2277641975450417,0.9990538529105801,0.23050084310878272,0.6459539802953866,1.422435714863814,0.1260638314381633,0.0009461470894198687,0.9990538529105801,0.0002701328815990122,0.055885138299356374,3.4804501471601665e-05,-0.0006673800650130883,2.823940561528926e-06,1.0,0.004482333991531715,0.11500451190209197
175,1.0,1,1,1,1.0,0.9992444919447762,0.31257345524003927,0.4767956297302616,0.21063091502969897,0.9999999999999999,1.439129522598996,1.2485612578773482,0.9993125791284471,-0.3381805426693083,0.2786858083384565,-0.03612069715467848,1.6742488379369347,1.5872183313375805,0.7549937033767744,1.1545520673879472,1.6742488379369347,0.9992361990316079,0.9192551345601603,1.0029796996805964,1.425228151232479,0.6082475852968853,0.0007638009683921254,0.9992361990316079,0.08098432801439644,0.2700847333190469,0.1596468862512849,-0.002269204863655806,-0.0009439506988426615,1.0,0.004172192515246742,0.11598398517061774
176,-1.0,0,0,0,1.0,0.01750789609959062,0.2413057520724483,0.5757839905160137,0.18291025741153807,1.0,-0.8064162444375811,1.2485641432747547,0.99923362085757,-0.3364691599692503,0.2812611382192374,-0.03735542339071146,-1.1202741563369638,-0.719078391369786,-0.6672880059646781,-1.1234389776301552,1.1202741563369638,0.9991484676195221,0.45298615037228573,0.5580387824002628,1.4277065461009069,0.28096960810592153,0.0008515323804778596,0.9991484676195221,0.10050341336089004,1.0016093817837685e-05,0.20807370895135893,0.0012059207672048663,-0.0012908435470856267,1.0,0.0038963474167687663,0.11785809626157785
177,-1.0,0,0,0,1.0,0.0007292015929704873,0.20267299053500265,0.6446051573403965,0.15272185212460085,1.0,-1.4462274329140286,1.2485643372467898,0.999310258771813,-0.33679861338605344,0.2838326868665506,-0.03777955975383229,-0.7622559851199667,-1.8139457255964255,-0.8018496456003269,-1.155133835365959,0.7622559851199667,0.99923362085757,0.03959366048036017,0.2733356281267231,1.4303798022054428,-0.009639861054459343,0.0007663791424300515,0.99923362085757,0.08473548253347746,0.15435300521391235,0.12480971873835918,-0.0008354102721652187,-0.00048089083445858067,1.0,0.003648086828138588,0.11948222660725046
178,1.0,1,1,1,1.0,0.9995066731768562,0.12428483618859405,0.6471916874641471,0.22852347634725875,1.0,1.5245200028161672,1.2485644613267977,0.9993813212156024,-0.3430200615696141,0.28640058852862454,-0.03584799654414059,0.1497178023145731,2.0571632916466096,0.7637437122901919,1.0412922504364177,0.1497178023145731,0.9993125791284471,0.6140259099756188,-0.21702437153439497,1.4330421528642647,0.39203857722910085,0.0006874208715529351,0.9993125791284471,0.23350906066998448,0.7949049965437718,0.07703319102710697,-0.0067367512304854485,0.0018777104357145303,1.0,0.0035067126750918855,0.12183181632466741
179,1.0,1,1,1,1.0,0.989087086304212,0.26641830160500674,0.5585708532094538,0.17501084518553947,1.0,0.9024034584387803,1.2485659235643631,0.9994431890940422,-0.3440907140028146,0.28896488749926597,-0.03585833166703268,1.2979941645717818,0.7289795228023046,0.8537033430017283,0.9329843304404957,1.2979941645717818,0.9993813212156024,0.4442908215700535,0.6953752700878113,1.4356891079265672,0.2751555785548968,0.0006186787843975861,0.9993813212156024,0.0009351897323852966,0.13323217901254905,0.006285474969265983,-0.0015875638713619652,-6.420342284256823e-05,1.0,0.0033794759373498517,0.1105411043829038
180,1.0,1,1,0,0.0,0.9741796556115115,0.2294530913276461,0.5478882192804263,0.22265868939192765,1.0,0.7269205706485568,1.4184275855266233,0.8994988701846379,-0.3445656531858084,0.3008134845815804,-0.038821705445322444,1.1400532446958656,0.7191069016383508,0.3204080189230774,0.833381444937888,1.1400532446958656,0.9994431890940422,0.8196452257727882,0.5679518817538778,1.4383245549574144,0.5378933263739191,-0.9994431890940422,0.9994431890940422,0.011333917754448794,0.09404759276679707,0.26314173579737243,-0.0009925641001481793,-0.0030216938165150836,0.98,0.02324269043714371,0.11071056815278225
181,-1.0,0,0,0,1.0,7.640533587775199e-05,0.19576116169884347,0.5941484532564474,0.21009038504470906,1.0,-1.670755298220672,1.4184276066583004,0.9993792328946317,-0.34090068896296355,0.3033559054096068,-0.03675902454742894,-0.8554400991606512,-2.0007464633199126,-1.4972267009669955,-1.1019716185451662,0.8554400991606512,0.999310258771813,0.6417866018063443,0.33978642614271265,1.4500202821691652,0.41042891581911856,0.0006897412281869908,0.999310258771813,0.32351487426520825,0.0607777900500375,0.15622658018028704,0.0031528450105820487,0.0020074595290190548,0.98,0.023143400907829164,0.11406618931242968
182,-1.0,0,0,0,1.0,0.0017467573143242563,0.26818326821664074,0.5554414462610143,0.17637528552234488,1.0,-1.1188878901321282,1.4184278978366507,0.9994413096051685,-0.3405436534242233,0.3058947088192207,-0.03812080202905385,-1.331812624223419,-1.1037249567863805,-0.8428813663072656,-1.195107309997152,1.331812624223419,0.9993792328946317,0.48893125791615333,0.7245494104157717,1.452642023238433,0.3054928559938783,0.0006207671053682917,0.9993792328946317,0.005809399964560799,0.01868834293770236,0.12406311540823108,-0.00015454731567769874,-0.0014190445853240433,0.98,0.023054040331446063,0.10939589940616189
183,-1.0,0,0,0,1.0,0.0038854836451139743,0.21127856569333534,0.5657720520987002,0.2229493822079644,1.0,-0.9775989969681678,1.418428407153776,0.9994971786446517,-0.3399922538452571,0.3084298826284856,-0.04631299960569969,-1.0134776066576923,-1.2665091740541974,-0.21043972851639992,-1.0427403659179604,1.0134776066576923,0.9994413096051685,0.8030378781412923,0.4702384319019305,1.4552522148651645,0.5240057126698507,0.0005586903948314736,0.9994413096051685,0.0042433979486530046,0.0008563090795244071,0.6927243510190438,4.064506642954317e-05,-0.00826177143684469,0.98,0.022827984785011798,0.1091223246817726
184,-1.0,0,0,0,1.0,0.0007469284833273401,0.2843695782883235,0.5096458634540628,0.2059845582576136,1.0,-1.2687975424159823,1.4184285215196113,0.9995474607801865,-0.34239284285076543,0.31096138566349507,-0.04537224856949123,-1.5180031461772892,-1.3744476839144883,-0.6633606538858661,-0.906026704653172,1.5180031461772892,0.9994971786446517,0.8546424922914231,0.8744102630965742,1.457851638069835,0.5519367449982965,0.000502821355348293,0.9994971786446517,0.1316026807311312,0.3745151649805211,0.058886812195000714,-0.002914949810992679,0.0008725904224335659,0.98,0.02262453479322095,0.11063233340091866
185,-1.0,0,0,0,1.0,6.959940094561352e-05,0.21763681611945307,0.5822984334005318,0.20006475048001518,1.0,-1.687199046464032,1.418428534273402,0.9995927147021679,-0.33016589385291983,0.31348922389152106,-0.0443267200089541,-1.0233480154160084,-1.9486790219139478,-1.6483068614263454,-0.6189790650653046,1.0233480154160084,0.9995474607801865,0.624958846010337,0.47628556948204137,1.4604409655607093,0.39209894363774467,0.0004525392198134748,0.9995474607801865,1.1410939286594977,0.1635142480077299,1.0595157123614762,0.011730956167821214,0.000978938595576257,0.98,0.022441429800609192,0.13331554276944876
186,-1.0,0,0,0,1.0,0.0001222357745561523,0.24254470400813552,0.6158493367150232,0.14160595927684125,1.0,-1.5879257112692833,1.4184285532465102,0.9996334432319511,-0.3228635212590154,0.31601339258593647,-0.03787139814473113,-1.0767130363771669,-1.8945237564520951,-1.1301322951016362,-0.7766675782153258,1.0767130363771669,0.9995927147021679,0.05341925872446929,0.5312045352488137,1.4630208457990141,-0.006933238901825602,0.0004072852978320718,0.9995927147021679,0.6581397584461925,0.09002727696354909,0.12493730608351951,0.006817349777791722,0.006398429428352077,0.98,0.022276635307258607,0.14214343916707667
187,1.0,1,1,1,1.0,0.9992980115752924,0.30937780776502133,0.5134559963966735,0.17716619583830515,1.0,1.2797421822097148,1.4184502220345752,0.9095489831661742,-0.32405152625714334,0.31826457754165705,-0.03672992699342324,1.4583743640363402,1.2702945258832699,0.9951852057585909,0.9784015985999387,1.4583743640363402,0.8994988701846379,0.4631891582777493,0.8438359699700568,1.35043709329827,0.2863610126496934,0.10050112981536208,0.8994988701846379,0.09080614733028047,0.23037385556066695,0.0002816894692559626,-0.0016748124987646378,0.0010862934943322942,0.98,0.024195059576924437,0.1435245179983366
188,1.0,1,1,1,1.0,0.982784022506382,0.1823338415811453,0.6266896551809661,0.19097650323788862,1.0,0.7128469233332471,1.4187166333463457,0.9185940848495567,-0.32564370989580743,0.3205563687981542,-0.03499607040456836,0.5671066067157121,0.7070763993039842,0.8709277291098312,1.2350371696252063,0.5671066067157121,0.9095489831661742,0.30382112239411907,0.12963375911542635,1.3642459081827571,0.17594485868246007,0.09045101683382584,0.9095489831661742,0.272682653322457,0.44613123686859374,0.13257568467241945,-0.002081383002553641,0.0016812836238004505,0.98,0.02584843373422445,0.1475822098826966
189,1.0,1,1,1,1.0,0.9922114583506909,0.20838846812678297,0.6026221882218846,0.18898934365133244,1.0,0.8541668046997369,1.418846610206283,0.926734676364601,-0.3257046329613895,0.3228584351380593,-0.03310384470012471,0.8008710031295955,0.7762601791512438,1.1613507468743376,1.2576762639873047,0.8008710031295955,0.9185940848495567,0.3604797437447421,0.315053092607869,1.3769395663751443,0.21733975021675112,0.08140591515044326,0.9185940848495567,0.1628198837345453,0.2086710463472798,0.00927860524708052,-0.0005502139513528137,0.0018424953418495775,0.98,0.02739411354325604,0.1493960756782858
190,1.0,1,1,1,1.0,0.9858407243668484,0.2130268938687787,0.6019161168242992,0.185056989306922,1.0,0.7476362918253927,1.4190327508129104,0.9340612087281409,-0.324828243472296,0.325183350502533,-0.03508521847621004,0.8445103389699056,0.7899672800118775,0.49843478064252167,0.9631352435077773,0.8445103389699056,0.926734676364601,0.3460755583273839,0.34990363821453496,1.3886033129573503,0.209149046129044,0.07326532363539895,0.926734676364601,0.04643979817620675,0.014071867976619192,0.21594652018718288,0.0003884151623950507,-0.0020340806641317138,0.98,0.028785225371384476,0.14734093679669705
191,1.0,1,1,1,1.0,0.9974935452326865,0.15443369400929233,0.6400270056562282,0.2055393003344796,1.0,1.0546578933722754,1.4190745842648524,0.9406550878553268,-0.3291797737379947,0.327515208957084,-0.035542992591037145,0.3780455643032601,1.2982335558005245,0.8045682005462523,1.0147772750755466,0.3780455643032601,0.9340612087281409,0.42652263624299225,-0.022391792029687885,1.399353740539895,0.2634806268938845,0.06593879127185909,0.9340612087281409,0.0015904637157293834,0.40542727150300273,0.044187855014462395,-0.00484604169344728,-0.0005111686955847961,0.98,0.029963919635382804,0.14719330977754874
192,-1.0,0,0,0,1.0,0.003295839793571591,0.24178725735258644,0.5891781397224428,0.16903460292497077,1.0,-1.0062531340376377,1.4190748760249017,0.999670098908756,-0.32905806791110664,0.33001846071799246,-0.0359263786302541,-1.1445038722600491,-1.0180603447314138,-0.7673445522748704,-0.9630756766980727,1.1445038722600491,0.9996334432319511,0.3771593199851787,0.5864233240700447,1.4770936686738279,0.22846853139858792,0.0003665567680488646,0.9996334432319511,0.001864292822309957,0.03291619014487476,0.0383106730679711,-0.0003726227678707777,-0.0004373565629479337,0.98,0.029845177365448814,0.14622472201980133
193,1.0,1,1,1,1.0,0.9744829482011346,0.23745502919854766,0.6116305054116349,0.15091446538981756,1.0,0.6417138650780705,1.4193080964867641,0.9465895790697941,-0.327391388908626,0.3323755886402888,-0.03469589772211388,0.993349729513041,0.4354533932181074,0.9243739274074376,0.9567447233071769,0.993349729513041,0.9406550878553268,0.06897580210560339,0.46562171569932626,1.4117718117516183,0.012356682843668268,0.05934491214467319,0.9406550878553268,0.09924444163656732,0.0013399264793313532,0.0010478684271825744,0.0011748541818868315,0.0011783588785126168,0.98,0.030918609543576815,0.1442626627523457
194,-1.0,0,0,0,1.0,0.0014565810050811547,0.23855839402964393,0.5919486583912107,0.1694929475791454,1.0,-1.150244569901042,1.4193082291406045,0.9997030890178804,-0.32682036956633514,0.3348716409728601,-0.03516759620828744,-1.1257272561505014,-1.2759849751405363,-0.7456079512546467,-1.0019386244160733,1.1257272561505014,0.999670098908756,0.38011930489585466,0.5731904160117751,1.4819962023853581,0.23138761570498437,0.00032990109124397815,0.999670098908756,0.0219946534661905,0.015323625346681862,0.06570541400339008,8.005233743410363e-05,-0.000524529126446395,0.98,0.030858432385280098,0.1444917938089348
195,1.0,1,1,1,1.0,0.997961183738671,0.34240371623170246,0.4276128028261189,0.22998348094217866,1.0,1.0909090920075155,1.4193367395788137,0.9519306211628147,-0.33406013333775675,0.33722167859055413,-0.03697535702097926,1.9100530054105285,0.6386054832654472,0.7123292659325393,1.106695607530485,1.9100530054105285,0.9465895790697941,1.1977237394779892,1.2012220347620877,1.4234496569031232,0.8032390214263049,0.05341042093020587,0.9465895790697941,0.00024921407235695706,0.6453831087285945,0.1555248113853476,-0.0077416067358748505,-0.0018633071677558878,0.98,0.03186654314177478,0.14422148866283446
196,1.0,1,1,1,1.0,0.9996490171643695,0.27931100957374266,0.5706123008815157,0.15007668954474154,0.9999999999999999,1.4010808659380414,1.4193424127884553,0.9567375590465332,-0.3329175023159361,0.3395819264586745,-0.03549883044331291,1.3145224006795608,1.516321176413446,1.124017142568965,1.0485190688385335,1.3145224006795608,0.9519306211628147,0.19050525811059593,0.7175577872058919,1.431941892927791,0.09637832365643789,0.04806937883718532,0.9519306211628147,0.12429982077403455,0.07075777255052769,0.005699959137005653,0.0006425045786820823,0.0014231983396443468,0.98,0.03272581126022956,0.14110520900820003
197,1.0,1,1,1,1.0,0.9971248953631894,0.24447113668980924,0.5708348152165137,0.18469404809367698,0.9999999999999999,1.0301930865299018,1.4193731662883289,0.9610638031418799,-0.3325573995820859,0.3419526963235999,-0.03723237744940178,1.1559312447643726,1.0960168549887224,0.6603173386159211,1.0468408667928932,1.1559312447643726,0.9567375590465332,0.49561390614845147,0.5918274934955621,1.4398301193621876,0.31143090386060307,0.04326244095346676,0.9567375590465332,0.00027714858768484627,0.011900710565960228,0.14940043783437454,-0.0001394827437393046,-0.0017894794709602763,0.98,0.03353697218340042,0.13704127300426244
198,1.0,1,1,1,1.0,0.9947253179402482,0.1906820126267892,0.6357429346222352,0.17357505275097568,1.0,0.9228630561375568,1.4194186544429301,0.9649574228276919,-0.3333624932691571,0.34433264390871526,-0.036974811319391426,0.7194329550114038,0.9667862751885554,0.9854675880783249,1.0886208402533626,0.7194329550114038,0.9610638031418799,0.2660346330669211,0.24298896442703716,1.4471760699367617,0.148991865697443,0.03893619685812011,0.9610638031418799,0.027475642994982074,0.13629969460942973,0.010640593434286916,-0.0013058886193733719,0.0002020205947283419,0.98,0.03422378860810278,0.13533025513434085
199,1.0,1,1,1,1.0,0.9978304525299567,0.24836513814783095,0.5880925103691574,0.16354235148301152,0.9999999999999999,1.0798549020032064,1.4194383578731995,0.9684616805449228,-0.33313306349467164,0.3467179754911785,-0.03694104105189959,1.1567648774197015,1.109888244899722,0.8550560021789454,0.9714821133107758,1.1567648774197015,0.9649574228276919,0.30170887524075607,0.592049408666604,1.454033680160561,0.1742214013491378,0.035042577172308076,0.9649574228276919,0.011744661328974216,0.03432970267584378,0.013555039353281331,-0.0002710204961624348,-2.172453629168538e-05,0.98,0.034841923390334914,0.1355424645412246
200,1.0,1,1,1,1.0,0.9977070453475777,0.2321418073174131,0.600564320979808,0.1672938717027788,0.9999999999999999,1.070074376712367,1.4194569298965167,0.9716155124904304,-0.33258205955528464,0.34910915336966836,-0.03708195702083865,1.0538258085364998,1.168139457541172,0.7405798403252364,0.9301912618531234,1.0538258085364998,0.9684616805449228,0.3132459682112634,0.5099275833345283,1.4604489081178396,0.18233113669598477,0.031538319455077235,0.9684616805449228,0.01956728582272435,0.01528550113360397,0.035952491173826054,5.138141626944457e-05,-0.00019662246421322044,0.98,0.03539824469434384,0.1355956335205971
201,1.0,1,1,1,1.0,0.997232081414747,0.27495820003978655,0.5066307590824427,0.21841104087777075,1.0,1.036820451215666,1.4194764800047388,0.9744539612413874,-0.33537717030563435,0.35150518187649504,-0.0390089102489619,1.484857107647839,1.0083031741188595,0.5389352599502151,0.9540435475127589,1.484857107647839,0.9716155124904304,0.9459218476976239,0.8553036265629865,1.4664669927336633,0.6250633363674981,0.028384487509569567,0.9716155124904304,0.006852015786640361,0.28176303562327826,0.17231489040310757,-0.003298932238039655,-0.0019855544953976067,0.98,0.03589893386795187,0.13350478922713419
202,1.0,1,1,1,1.0,0.9979287837796791,0.21155753471987518,0.6327744170583901,0.15566804822173472,1.0,1.0879972336734491,1.419490296186503,0.9770085651172487,-0.33515727582763205,0.3539051550138048,-0.038931901800277446,0.8898592667518497,1.1647665052150795,1.045213558362483,1.0485661288229784,0.8898592667518497,0.9744539612413874,0.1553542916106334,0.3765102430958454,1.4721272373040906,0.06973909387848148,0.02554603875861261,0.9744539612413874,0.0015548120297288175,0.025187868068464275,1.123972869258572e-05,-0.0002835966724648255,1.852286761243478e-05,0.98,0.036361175536815483,0.13256167993093856
203,1.0,1,1,1,1.0,0.9976078408632136,0.19037462605350214,0.6424758506432646,0.16714952330323332,1.0000000000000002,1.0625581428132085,1.4195043217425873,0.9793077086055237,-0.33516426146747674,0.3563084486098551,-0.04140250132312737,0.7453586227018831,1.3022395910544875,0.5025637110799355,0.9710149265817806,0.7453586227018831,0.9770085651172487,0.24279491162194766,0.26112962233387443,1.4774650048986406,0.1310245363350859,0.02299143488275135,0.9770085651172487,0.008380160437993967,0.050920767480736616,0.21944654130515612,-0.0005104872845129118,-0.002532796570405946,0.98,0.03676070371554548,0.1312731213220707
204,-1.0,0,0,0,1.0,0.0004266242844064371,0.22886479377365507,0.6294832011817911,0.14165200504455383,1.0,-1.3665298502288807,1.4195043632860027,0.9997327801160923,-0.3329087159318406,0.35876868691287833,-0.03955517161377767,-1.0367043803436677,-1.5786187699033714,-0.9569276428541343,-0.9798543381823119,1.0367043803436677,0.9997030890178804,0.0797767374895334,0.4941992428074575,1.5059670009804176,0.014441214919546003,0.00029691098211959144,0.9997030890178804,0.14951795161647619,0.003231927293747933,0.0005256333586710803,0.001755432291872739,0.0017879078190936612,0.98,0.03671237146815534,0.13134482684126683
205,1.0,1,1,1,1.0,0.9926615920707956,0.22230991761010424,0.6237038752402368,0.15398620714965897,1.0,0.864257275933471,1.419535859961899,0.9813769377449714,-0.33205507535848405,0.3611719506950793,-0.03924669901063766,0.9828475056574096,0.7483691388232682,1.1624404500023504,1.048214752264793,0.9828475056574096,0.9793077086055237,0.17959294434494077,0.45336928859408715,1.4849725518092305,0.08615988942768088,0.02069229139447626,0.9793077086055237,0.033840353098188926,0.0042728769290304855,0.013047510023631805,0.00035480971402990127,0.0002495141168946855,0.98,0.03708240610036709,0.12874537220289883
206,-1.0,0,0,0,1.0,0.0004231574812518932,0.21219872045500363,0.647660125533311,0.1401411540116854,1.0,-1.3679370708659067,1.419535897085334,0.9997595021044832,-0.3295767844915476,0.3636249736738411,-0.037249722641925435,-0.9088460729078202,-1.6236870511246595,-0.8811382967190867,-0.9583997477112915,0.9088460729078202,0.9997327801160923,0.027707776188733435,0.3950217829677721,1.5108646478285854,-0.019851255678524256,0.0002672198839076545,0.9997327801160923,0.16772081905664765,0.0024555666865281956,0.0059693318094208685,0.0019831830284414336,0.0019410178469667215,0.98,0.037038907077715975,0.13072045308195585
207,-1.0,0,0,0,1.0,9.19257804270663e-05,0.4005627830327009,0.34505061894363526,0.2543865980236638,0.9999999999999999,-1.636879548109174,1.4195359057704688,0.9997835518940349,-0.35510244901763494,0.3660743879801336,-0.028697500659564893,-2.4901307169916205,-1.329346063753091,-0.7104705094986733,-0.7909647144631078,2.4901307169916205,0.9997595021044832,1.779660207492947,1.662527789101749,1.5133484010939966,1.2085124226031374,0.00024049789551683354,0.9997595021044832,0.7155719057824519,2.8871651041487256,0.00647931703285639,-0.026059118380395284,0.008509111064995146,0.98,0.036999757957329966,0.14213264400996217
208,-1.0,0,0,0,1.0,0.03806920645258366,0.11243363362035841,0.6749142868250334,0.21265207955460813,1.0,-0.5687663075344289,1.4195370305637605,0.9998051967046314,-0.36436434326067996,0.3685202928181168,-0.029540507256234652,0.09838168193049301,-0.7147490318314439,-0.4581821378950309,-0.8478288619750616,0.09838168193049301,0.9997835518940349,0.5565638198255239,-0.27639710347324054,1.5158254726582736,0.36089717321830184,0.00021644810596510577,0.9997835518940349,0.07787590929093106,0.8953143933980454,0.15182456958629953,-0.009809261809285373,-0.0008873839235444217,0.98,0.03696465684333927,0.1432733445392601
209,-1.0,0,0,0,1.0,0.0011541966129674243,0.18663082056822608,0.6603388581935125,0.15303032123826146,1.0,-1.191091838640379,1.4195370948373545,0.9998246770341683,-0.3633191847053502,0.3709624898674229,-0.029643224599036698,-0.7737999143366113,-1.4341147149288922,-0.6513431553362873,-0.9325845910411567,0.7737999143366113,0.9998051967046314,0.12245675900032404,0.2546755882086092,1.518296269028443,0.05617922404399217,0.0001948032953685841,0.9998051967046314,0.06682599706132566,0.02521257355616698,0.07909674515733617,0.0004993610820619043,-0.00014724897715212603,0.98,0.036933065840747646,0.14304188489063369
210,1.0,1,1,1,1.0,0.9976438626352128,0.21722132427411373,0.632208701383804,0.1505699743420823,1.0,1.065201609599767,1.4195483123032389,0.9832392439704742,-0.36260580308132084,0.37335183786551496,-0.02944917342762357,0.9932029386677182,1.1392046950321033,0.8583492937258473,0.9315987185552836,0.9932029386677182,0.9813769377449714,0.1348536449418709,0.4312431662288244,1.4995459682741399,0.06475432686027294,0.018623062255028633,0.9813769377449714,0.017849732495444078,0.003795079935661292,0.00536547823784324,0.00016865583071739345,0.00014981105109121006,0.98,0.03727358872419912,0.1425439006129304
211,-1.0,0,0,0,1.0,0.00014719596158491586,0.2372193577470099,0.6085145030425291,0.154266139210461,1.0,-1.5539447484211593,1.4195483219278129,0.9998422093307515,-0.3580255712159573,0.37578683772901195,-0.024541154407631775,-1.1796506831088183,-1.860027801424443,-0.9221393528563433,-0.9167965095521219,1.1796506831088183,0.9998246770341683,0.25751133025247497,0.5811147434057338,1.5231502164548085,0.1508087577491089,0.00017532296583167017,0.9998246770341683,0.4059578782939159,0.06909231655617386,2.8545974573463575e-05,0.0040423867408529044,0.004871151987832109,0.98,0.03723753201304904,0.15066305777795153
212,1.0,1,1,1,1.0,0.9988702261591693,0.21635463052880557,0.6277366862402828,0.15590868323091162,1.0,1.1948531955249677,1.4195537520663575,0.9849153195734268,-0.3561994179316022,0.3781736849525129,-0.024520001329872452,0.9991695247375123,1.261862817848813,1.1966021040803234,0.82210946114783,0.9991695247375123,0.9832392439704742,0.1974325793428111,0.4413100485740526,1.5065119682950572,0.113661651132336,0.01676075602952576,0.9832392439704742,0.13893789151741417,0.03135026611838234,0.140244739610564,0.001291051504788382,-1.5682177117797845e-05,0.98,0.03753714028021951,0.14953631784522467
213,-1.0,0,0,0,1.0,0.0012547409206815714,0.250230177737876,0.5987976428166301,0.150972179445494,1.0,-1.176350424723844,1.4195538079626928,0.9998579883976764,-0.35620080378686336,0.3806015011600968,-0.02398586935437543,-1.2645614160101692,-1.1801654918668893,-1.015012717803821,-0.9670437562901125,1.2645614160101692,0.9998422093307515,0.24954869820634817,0.6554497148765333,1.527992225682877,0.15016408741457127,0.00015779066924848095,0.9998422093307515,0.04380928145082805,0.08851675784529947,0.002301021268703652,-0.0005364897167336571,0.0004980991221854927,0.98,0.037508249925526455,0.14984307845578596
214,1.0,1,1,1,1.0,0.996853238355028,0.15594631756224414,0.6764857999980691,0.16756788243968676,1.0,1.014091478736981,1.419565360791479,0.9864237876160842,-0.35481125074117204,0.38298600850156395,-0.022683396815154355,0.5025691191212237,1.208567303645336,0.705022074107925,0.6885600802803726,0.5025691191212237,0.9849153195734268,0.20245295498670124,0.045854491510115614,1.5132541186695374,0.11773119913631541,0.015084680426573183,0.9849153195734268,0.10597069138111515,0.034592637632904044,0.0002709972407783704,0.0008565366449785332,0.0012683963296840413,0.98,0.037781199008573726,0.1480372567121467
215,-1.0,0,0,0,1.0,0.0010369510713269358,0.14956692125578494,0.696581004601087,0.1538520741431281,1.0,-1.2099536298994005,1.419565403553878,0.9998721895579087,-0.35914114770778593,0.3854066484762646,-0.02856854982367504,-0.4364922294535283,-1.5611580019847597,-0.3717585345725264,-1.085540370839502,0.4364922294535283,0.9998579883976764,0.06473369488100189,-0.005617467178349378,1.5328226951588917,0.022630189601546967,0.00014201160232363286,0.9998579883976764,0.015478659029905424,0.42126348983658685,0.5094845097846555,-0.004869417969680177,-0.0059280702090570014,0.98,0.03775816916768443,0.142439553191401
216,-1.0,0,0,0,1.0,0.004576542735612837,0.1871749618783904,0.6545566972918101,0.15826834082979946,0.9999999999999999,-0.9478648124425717,1.4195655366181623,0.9998849706021178,-0.3585329196211881,0.3878237008143081,-0.0292226873386341,-0.8031080126847386,-1.0740570044767723,-0.597162355623998,-0.8554468253770249,0.8031080126847386,0.9998721895579087,0.20594565706074064,0.283345262440005,1.5352596664678595,0.11559341011884339,0.00012781044209131398,0.9998721895579087,0.00854108433324758,0.0027393513140382235,0.06671086731560226,6.962079623051227e-05,-0.0006980373957882562,0.98,0.037731883825256024,0.14260969840358098
217,-1.0,0,0,0,1.0,0.00015407913940516845,0.2398896402793641,0.6076278754115787,0.15248248430905717,1.0,-1.545876163845081,1.4195655431938115,0.999896473541906,-0.3554468887265422,0.3902371553431394,-0.028387389513091454,-1.2085508430960923,-1.697594928646088,-1.4719811134360719,-1.0619812623120837,1.2085508430960923,0.9998849706021178,0.26343027033997957,0.6083077548556857,1.5376914170067435,0.1551785018993516,0.00011502939788221589,0.9998849706021178,0.23415427572962927,0.021482642011200027,0.16809987792169248,0.0025520596046211506,0.0007926527736952415,0.98,0.037710901347571484,0.1442984514163719
218,1.0,1,1,1,1.0,0.9986654783578148,0.23755542443329403,0.58533444896799,0.17711012659871594,1.0,1.165470483314955,1.419570610962284,0.9877814088544757,-0.3553215021554276,0.39261088942298467,-0.02789846112228566,1.2228612132566041,1.2793883870069118,0.7120037384296434,0.8976630006675967,1.2228612132566041,0.9864237876160842,0.5108574748269608,0.6228420818787411,1.524624511101636,0.32921284286578106,0.01357621238391582,0.9864237876160842,0.07172084776191506,0.10575387747108524,0.03446936165474114,-0.0004083963565100421,0.00044701783328608707,0.98,0.03796147083617182,0.14538622593135486
219,1.0,1,1,1,1.0,0.9986219108593037,0.1296616949722451,0.7014548063044966,0.16888349872325834,1.0,1.1598011274657596,1.4195752979434855,0.9890032679690282,-0.3607659462195461,0.3949847446627605,-0.030951144519231633,0.2445665634533829,1.5037564080794799,0.43386744655491055,0.9747189857044132,0.2445665634533829,0.9877814088544757,0.18930088310152765,-0.15966825139272128,1.5285595096056317,0.10461215704878368,0.01221859114552426,0.9877814088544757,0.034255399198967126,0.5331225597190468,0.2925203874003859,-0.005986405926240956,-0.003099179858417025,0.98,0.038179885262939105,0.13554586812849653
220,1.0,1,1,1,1.0,0.9895320802059915,0.1933785453653313,0.6343248284353352,0.17229662619933356,1.0,0.8011052441367095,1.4195974301566818,0.9901029411721254,-0.3599908310054051,0.3973594332761065,-0.03304624545513608,0.8814911512441284,0.8556316884816626,0.510139667244871,0.96275282610962,0.8814911512441284,0.9890032679690282,0.3713514839992573,0.3444269747757566,1.5323385028271428,0.2289948942802485,0.010996732030971845,0.9890032679690282,0.026129940757688826,0.006603459801944874,0.20485867157752646,0.00023431777146892742,-0.002144744769838052,0.98,0.03837645824702965,0.12562156234749786
221,-1.0,0,0,0,1.0,0.0004956935229915358,0.24222483773133366,0.6040440921001924,0.15373107016847395,1.0,-1.3400025847735437,1.4195974466603878,0.9999068261877154,-0.3591707048184908,0.3997586155811642,-0.033306559843593354,-1.2418129872255037,-1.4813881065259387,-0.9391784070550764,-1.1718520727906678,1.2418129872255037,0.999896473541906,0.3026345801704273,0.6334595587749979,1.5472403778492985,0.17879796066416304,0.0001035264580939721,0.999896473541906,0.02827459468010329,0.004894529548558427,0.05413703472683774,0.0002805607815785384,-0.0003103492805608134,0.98,0.03835750328531553,0.1234011547672453
222,1.0,1,1,1,1.0,0.9980253107343051,0.1957879854883543,0.620278192526873,0.18393382198477276,1.0,1.0963262155660543,1.4196025889431991,0.9910926470549128,-0.3585776671686169,0.40212801355935524,-0.037147125376304865,0.9305149934883414,1.3486801940119124,0.4218128327273294,0.9997597033250667,0.9305149934883414,0.9901029411721254,0.508702160761012,0.38524128997218243,1.5383769979291082,0.32278495268911506,0.009897058827874616,0.9901029411721254,0.009325091286388799,0.004794829840372276,0.3340225852337177,5.436313735219828e-05,-0.0038963699273679465,0.98,0.03853658517870285,0.12275390592807593
223,1.0,1,1,1,1.0,0.9993258462196277,0.2387579578421888,0.6066146514161794,0.15462739074163173,1.0,1.2858137178726614,1.4196044420349887,0.9919833823494215,-0.3573837457949126,0.4044963732306576,-0.03518769976917446,1.2100234832745669,1.412218985832693,0.9069431591525047,0.886702081340213,1.2100234832745669,0.9910926470549128,0.3030803241220622,0.6094411194510367,1.5418845576725049,0.17500910150913868,0.008907352945087155,0.9910926470549128,0.1592900984156092,0.10453672894879601,0.0004097012310032463,0.0006570404336017584,0.0019065647662152715,0.98,0.038697758882751426,0.1237113412648005
224,1.0,1,1,1,1.0,0.9989322651299285,0.19280588965539405,0.6585689641310122,0.14862514621359377,1.0,1.2047629801629904,1.4196069169908185,0.9927850441144793,-0.3562104297270883,0.4068636175860824,-0.034365973645844865,0.8428446170180766,1.362793718857913,0.9740204122457855,0.9503298457671908,0.8428446170180766,0.9919833823494215,0.13117579522770895,0.31689194781954866,1.5452772629324922,0.0566353568902218,0.008016617650578484,0.9919833823494215,0.06473621987847103,0.011553074399249418,0.0005612429400767143,0.0006381977457506593,0.0007700997232607318,0.98,0.03883916829397461,0.12500066300473794
225,-1.0,0,0,0,1.0,0.00021456507123803454,0.2858606371160465,0.5554293138842624,0.15871004899969118,1.0,-1.4875038318701024,1.4196069241279259,0.9999161435689439,-0.356831309236152,0.40924857116733726,-0.03023672750156169,-1.560912441783894,-1.5669077570650645,-1.0773981069916374,-0.8675353076014375,1.560912441783894,0.9999068261877154,0.4835143347922566,0.892519523700027,1.5567564677019552,0.30409406070873474,9.317381228457489e-05,0.9999068261877154,0.38436097108386613,0.4807718502070763,0.044042394567891295,-0.001156930549478522,0.004083822918191698,0.98,0.03882575575085246,0.13106819586612733
226,1.0,1,1,1,1.0,0.9994115217145239,0.09139920881497396,0.6030104169447125,0.3055903742403136,1.0,1.3097607781627971,1.4196082587777852,0.9935065397030314,-0.3752468436152652,0.41161079316633525,-0.0301943329483401,0.02635628936245804,1.5020324512901952,1.31421227009905,1.2842337920930342,0.02635628936245804,0.9927850441144793,1.287855980736592,-0.33574627774618554,1.5509513718989885,0.8712624590140525,0.00721495588552068,0.9927850441144793,0.0006516270178058688,1.5822558118757106,0.0008987091435571681,-0.018979250218294857,-2.9649855090155924e-06,0.98,0.038953024220953314,0.12907116013926564
227,1.0,1,1,1,1.0,0.9995686787111132,0.23882213760099594,0.5923687153995104,0.1688091469994936,0.9999999999999999,1.3645007052954221,1.419609175973654,0.9941558857327283,-0.3736358645082979,0.41397140075107136,-0.026664502142493107,1.2762249588887349,1.559174631056486,0.806257609203152,0.824906166793147,1.2762249588887349,0.9935065397030314,0.46996734968558285,0.6457331234957229,1.5541433138248213,0.29878281183156785,0.006493460296968623,0.9935065397030314,0.29116226598148326,0.2036886520986205,0.0003477687001873583,0.0010496833665943532,0.0034897739673755506,0.98,0.03906756584404408,0.13319969580822577
228,1.0,1,1,1,1.0,0.9933772043218234,0.2411214050474187,0.5765739141709995,0.1823046807815818,1.0,0.8823894899031764,1.4196173725336843,0.9947402971594554,-0.373733304765308,0.4163305892943466,-0.027667393578986017,1.3238544405935675,0.7535389250009296,0.7060101753240406,1.0409348485901315,1.3238544405935675,0.9941558857327283,0.6178442652695268,0.6854476879665562,1.5572506693437087,0.4058264835461757,0.005844114267271716,0.9941558857327283,0.02513663076117524,0.08004349553939068,0.11217453676239773,-0.0006588823773385852,-0.0010444548720146699,0.98,0.03917069971195846,0.12903224721004958
229,-1.0,0,0,0,1.0,0.0024087277261449777,0.25017273185461086,0.5493656994805438,0.20046156866484535,1.0,-1.061244576981515,1.4196174239795893,0.9999245292120494,-0.3762308693416366,0.41870136933203195,-0.028533221254965924,-1.4416934085515183,-1.0545147771117462,-0.6048937516275998,-0.9160363825032011,1.4416934085515183,0.9999161435689439,0.8367996569239184,0.7796214220759068,1.5662341543986318,0.5580923662677568,8.38564310561285e-05,0.9999161435689439,0.021085419743651863,0.27631530903396123,0.09680973674819064,-0.0030627586714837124,-0.0009086918040544653,0.98,0.03916000326489163,0.1294352518102749
230,-1.0,0,0,0,1.0,0.0024018255219544157,0.2689428248342992,0.49656852920805744,0.23448864595764343,1.0,-1.0617511063619949,1.4196174701702637,0.9999320762908445,-0.38539715633547106,0.42106861543034557,-0.027490336148342325,-1.6645284483058742,-1.0219144954190746,-0.454766349370189,-0.6895044164461123,1.6645284483058742,0.9999245292120494,1.2097620989356852,0.9553918893030628,1.5686145779258887,0.8183002480000137,7.547078795056006e-05,0.9999245292120494,0.13856759815333125,0.9506718627040661,0.05510196013454065,-0.009745251174608819,0.0010015876562254873,1.0,0.0191726488987698,0.13197992541825257
231,1.0,1,1,1,1.0,0.9998682834832757,0.28902096938628336,0.5227472425592641,0.1882317880544525,0.9999999999999999,1.5734391496128564,1.4196177317852625,0.9952662674435099,-0.38637640222767405,0.42341833912031956,-0.025511002228361303,1.6972728674865953,1.7541509484719668,0.881435226787566,1.1105658654957458,1.6972728674865953,0.9947402971594554,0.8158376406990293,0.9724211376538054,1.5650199571637193,0.5435960123409782,0.005259702840544556,0.9947402971594554,0.2142516771493594,0.3442251061850908,0.05250084959481839,-0.0015596811484287767,0.001941009930654492,1.0,0.01926404813101695,0.1297946614759356
232,-1.0,0,0,0,1.0,0.0005937867240458455,0.18014825441588933,0.678204197735625,0.14164754784848563,1.0,-1.3081684287425461,1.419617744447976,0.9999388686617601,-0.38544110105257423,0.42577852898433927,-0.024886495817367918,-0.7925604467721916,-1.5430452851863075,-0.8393386248741267,-1.0215739135377722,0.7925604467721916,0.9999320762908445,0.046778178101935075,0.24767195519007928,1.5733402268547905,0.007233722442993248,6.792370915553736e-05,0.9999320762908445,0.08213641614545941,0.05244716795998967,0.03320970043432219,0.00035627097822563694,0.0005871205885336466,1.0,0.019252991263092694,0.13132120179955356
233,-1.0,0,0,0,1.0,0.0014774903166920137,0.2520303704902355,0.571303581090943,0.17666604841882136,1.0,-1.1474799827547562,1.4196177693219345,0.9999449817955841,-0.38636918047183755,0.4281351973112506,-0.025489722251854405,-1.4284727412947167,-1.125231475309957,-0.8185653011686214,-1.064289721720636,1.4284727412947167,0.9999388686617601,0.6099074401260953,0.7573370919831992,1.5757082279453631,0.4020487122708988,6.113133823992811e-05,0.9999388686617601,0.006920619530925057,0.13262927174609526,0.06038049085562334,-0.0015085038265820424,-0.0006415184558963793,1.0,0.01924304008196086,0.131374746231199
234,1.0,1,1,1,1.0,0.9994166400784836,0.236573563949425,0.5681972643308651,0.19522917171970974,0.9999999999999999,1.3112900584545453,1.419618638383046,0.9957396406991589,-0.38612539752709574,0.43047576080970656,-0.02625724345598059,1.35356392845457,1.5392580120326649,0.5965830992591277,1.0009818647182205,1.35356392845457,0.9952662674435099,0.7569808291954423,0.6964819622918185,1.5726914048712868,0.5043968581849552,0.004733732556490122,0.9952662674435099,0.09629117509990048,0.12431411166858321,0.16353836150483836,-0.0003362752388241927,-0.0008069662368592545,1.0,0.019327658305983698,0.13066851611857438
235,1.0,1,1,1,1.0,0.9963250056571261,0.13289287147009132,0.702981427165972,0.1641257013639367,1.0,0.9866244656257207,1.4196223457538408,0.996165676629243,-0.39527079054632175,0.4328142592715276,-0.031604232093790416,0.3698932488188277,1.1981270743894326,0.5800871416305279,1.3362433537473257,0.3698932488188277,0.9957396406991589,0.2101938928117002,-0.09021079847203356,1.5755763476137392,0.12087848151220955,0.004260359300841121,0.9957396406991589,0.12223336693138737,0.9338325252953191,0.5717722171228238,-0.00973918990036718,-0.005394466202297237,1.0,0.01940381470760425,0.11029130488401216
236,-1.0,0,0,0,1.0,0.00168292650740743,0.20530013721943183,0.5874862692898888,0.20721359349067936,1.0,-1.1245132741148134,1.4196223707427553,0.9999504836160257,-0.39467037625427,0.43516039053395666,-0.039407710081164754,-1.158302371210826,-1.3891311596883953,-0.3407988569395748,-1.1506802728964338,1.158302371210826,0.9999449817955841,0.8175035142712512,0.5313711064223391,1.5827509883364492,0.5406482278960855,5.501820441589089e-05,0.9999449817955841,0.0006847118252373252,5.8096382714260423e-05,0.6559079079122869,7.519385310276776e-06,-0.007862678353044595,1.0,0.01939676936573593,0.09714220395159306
237,-1.0,0,0,0,1.0,0.001961505306715932,0.20617488261494007,0.6126255185172534,0.18119959886780646,1.0,-1.0974889843491324,1.4196223963256582,0.9999554352544231,-0.39403268605089786,0.4375030175238946,-0.04489341408877361,-1.1134309083797385,-1.2591090096340096,-0.5329216412215247,-1.2250431409812763,1.1134309083797385,0.9999504836160257,0.5805092671582137,0.4960743504495208,1.5851034466923861,0.36694877692958483,4.951638397432401e-05,0.9999504836160257,0.01627006287413749,0.01245729046629979,0.47903217042968776,4.5753268894052404e-05,-0.005553145290666603,1.0,0.017387737097108173,0.09565148226247022
238,1.0,1,1,1,1.0,0.9988855176777134,0.28913893474191227,0.5079303083116443,0.20293075694644344,1.0,1.1971933840654436,1.419623624153482,0.9965491089663188,-0.40196330762319044,0.43983196486447607,-0.04358400536800021,1.7671116219226772,1.0505933711584992,0.7521008619222829,0.8581980665704673,1.7671116219226772,0.996165676629243,1.0150107600003944,1.019656611487244,1.583093545647524,0.6656141179115025,0.0038343233707569535,0.996165676629243,0.11491782528351982,0.8261238511029948,0.01125661683415872,-0.0085344723098337,0.0012439345013923332,1.0,0.015655403227846795,0.09249618570169148
239,-1.0,0,0,0,1.0,0.0007762081408925259,0.1360632327912593,0.6520030883716799,0.21193367883706088,1.0,-1.2609527658554531,1.4196236346218671,0.9999598917289808,-0.40249559390366585,0.4421675971782126,-0.043504647898840065,-0.5310180612808525,-1.413913225289724,-1.259002078634756,-0.9608848627788812,0.5310180612808525,0.9999554352544231,0.7279840173539035,0.02285114140149158,1.5897807154070627,0.4660048067797322,4.456474557690271e-05,0.9999554352544231,0.09004074645677097,0.18478546703014562,0.08887387438965826,-0.0011369366468804959,1.400246480535261e-05,1.0,0.014028176219749468,0.09104060295613597
240,1.0,1,1,1,1.0,0.9996200049341699,0.2523371533854724,0.5608308508103022,0.1868319958042255,1.0,1.386806339132424,1.4196240710736414,0.9968941980696869,-0.40282823046969174,0.44449055557063905,-0.04346918899108015,1.4900517795109531,1.5593753045423355,0.7293458239209067,1.059967375606967,1.4900517795109531,0.9965491089663188,0.7607059555900464,0.7895458297050968,1.5881990724894792,0.4889895210141924,0.003450891033681236,0.9965491089663188,0.10682370807839497,0.18497259448144712,0.1093106104392982,-0.0009377866368366258,-2.9842828330838677e-05,1.0,0.012631887567715114,0.09224828115417974
241,-1.0,0,0,0,1.0,0.00904197475828511,0.18982594762542557,0.6414964400489432,0.16867761232563103,0.9999999999999999,-0.8271194247674768,1.4196241430643906,0.9999639025560827,-0.4017055504282604,0.4468192157886968,-0.0458736933693397,-0.9744707676156367,-0.8582501955360873,-0.5429003973987256,-1.0476144007845825,0.9744707676156367,0.9999598917289808,0.431570370216911,0.3767483836228176,1.594444431058967,0.25863007016075756,4.0108271019190234e-05,0.9999598917289808,0.048618034448784,0.0053499910731533065,0.2547362252137787,0.0005192165205075683,-0.0024734182891799367,1.0,0.011313913907698316,0.09318883256884085
242,-1.0,0,0,0,1.0,8.36209875164475e-05,0.2497698440227609,0.5784980445673225,0.17173211140991665,1.0,-1.6534539166440716,1.4196241442622202,0.9999675123004744,-0.39828897937389585,0.44914438967949427,-0.0405904224275903,-1.4482349470309395,-1.9845516776499221,-0.836589230593173,-0.9786425998609415,1.4482349470309395,0.9999639025560827,0.6116457164377664,0.7568824071964911,1.5967777037281918,0.3822783081370968,3.609744391730452e-05,0.9999639025560827,0.45537031325858196,0.2205169725206279,0.020179159720324986,0.0028182400888554487,0.005222293842459084,1.0,0.011307304721215685,0.10225895297756628
243,1.0,1,1,1,1.0,0.9988914010254735,0.20332143778984196,0.6261390574212885,0.1705395047888695,0.9999999999999999,1.1981250564751644,1.4196251343224613,0.9972047782627182,-0.3965653965900987,0.4514578387553962,-0.0379692484514073,1.0863467225766739,1.3954306543311348,0.6069786846811578,0.7218200849393147,1.0863467225766739,0.9968941980696869,0.4793680378955161,0.47078839868744327,1.5955727174596341,0.2949672040992709,0.003105801930313068,0.9968941980696869,0.2268664259097666,0.13287966954719854,0.013188547213254204,0.0011278410763508168,0.002564134544358149,1.0,0.010182522516928482,0.10481139266303026
244,-1.0,0,0,0,1.0,0.0015052633107058221,0.1734192325727855,0.6823210010510128,0.1442597663762017,1.0,-1.144189561800792,1.4196251477513682,0.9999707610704269,-0.3966685595942747,0.4537760650117588,-0.03802619850802328,-0.7852470300500834,-1.2854825173393398,-0.9073971883714891,-1.0458663473493885,0.7852470300500834,0.9999675123004744,0.12215015832140563,0.23163222744996814,1.6014204779009418,0.04753586237357664,3.2487699525574065e-05,0.9999675123004744,0.009667454500056674,0.06792242854955587,0.019173707988046795,-0.0006990596885939903,-0.00011407504185588147,1.0,0.010176574249094114,0.10456484868370758
245,-1.0,0,0,0,1.0,0.0005468591065604764,0.32587881691966664,0.5049852159382389,0.16913596714209445,1.0,-1.322668235127485,1.4196251528271049,0.9999736849633842,-0.40488492690258115,0.456090822232672,-0.037268035903948935,-1.953009289223431,-0.9669493967967202,-1.1702344091792656,-1.0545165140486232,1.953009289223431,0.9999707610704269,0.7827748800441654,1.16573887178447,1.6037424402427498,0.5099162175228925,2.923892957307217e-05,0.9999707610704269,0.07190534551755567,0.8072892670413276,0.01339063125346634,-0.008824607058285264,0.0007021765711690721,1.0,0.009108950609081458,0.10599797131261157
246,1.0,1,1,1,1.0,0.9909143580301016,0.21996485024035403,0.6482376438420887,0.13179750591755734,1.0,0.8262626122700502,1.4196301890069118,0.9974843004364464,-0.4034240724133728,0.45839494610883974,-0.036317587565012244,1.158714553305311,0.6595554158734058,1.0913521413814702,1.0996230293187406,1.158714553305311,0.9972047782627182,0.06736241192384074,0.5220867157416677,1.602876317234798,0.009885652442739576,0.00279522173728175,0.9972047782627182,0.07472591760903395,0.00349180820705542,6.840758727088463e-05,0.0008548093128237425,0.0008958901202611567,1.0,0.008203467467083387,0.10500649324931155
247,1.0,1,1,1,1.0,0.86466347300573,0.16010708738900647,0.6878406748244995,0.15205223778649404,1.0,0.3265948991347721,1.4196568756803385,0.9977358703928018,-0.396786915800712,0.4607002805214617,-0.028332097801085643,0.6890145221690396,0.12028110090708255,0.8782807747460838,1.2023359647653615,0.6890145221690396,0.9974843004364464,0.18926625257704421,0.14778754532185884,1.605501891610753,0.0961687892389187,0.002515699563553575,0.9974843004364464,0.7669224140318005,0.26349890342916904,0.10501176617843021,0.006041082127231577,0.007942927774240443,1.0,0.007388532639285124,0.12033939855819387
248,1.0,1,1,1,1.0,0.9979245736933724,0.1760325561626126,0.6849210815725076,0.1390463622648797,1.0,1.0875006524862296,1.4196581021289871,0.9979622833535216,-0.3946517020996297,0.4629986839659823,-0.026921653600852583,0.8078109764505483,1.204003069725276,0.8677144421997055,0.7178852598436548,0.8078109764505483,0.9977358703928018,0.05990346574915717,0.2494618653597267,1.6080965314731837,0.013600328223324375,0.0022641296071982397,0.9977358703928018,0.13661553847832475,0.008086634507263326,0.022448783885482694,0.001542346847652737,0.0013700010551141047,1.0,0.006655091294266686,0.12252219646786072
249,1.0,1,1,1,1.0,0.9991982864768981,0.2973923748391526,0.544948023221017,0.15765960193983042,1.0,1.255224263375123,1.4196585942768116,0.9981660550181694,-0.39999499827840673,0.46529420835852836,-0.026500041400226666,1.749586232912399,1.006628605050628,1.1819793266664946,1.0014067909374218,1.749586232912399,0.9979622833535216,0.5676069062459044,1.0050172842302896,1.610655309822532,0.3704031807712805,0.002037716646478449,0.9979622833535216,0.06442330931466318,0.5597724773939883,0.032606440659627284,-0.005944190016951901,0.0003818024238604308,1.0,0.005994994083750094,0.1235757694275745
250,-1.0,0,0,0,1.0,0.0008431103452903048,0.09836024160873742,0.6985042147222214,0.20313554366904138,1.0000000000000002,-1.246350579488432,1.4196586009133232,0.9999763164670458,-0.40159479287226185,0.4675916963805015,-0.023421162850644734,-0.06869300677649992,-1.5857016266491781,-0.6496876265718987,-0.7354693144067211,0.06869300677649992,0.9999736849633842,0.5809946197953988,-0.3450405928572068,1.61526394606642,0.38019619245655245,2.6315036615764953e-05,0.9999736849633842,0.2609996670114893,0.4445906444169914,0.007358497967790922,-0.0022030917288660256,0.0030436940285243808,1.0,0.005364753995380864,0.12840441705134978
251,1.0,1,1,1,1.0,0.9986238713423178,0.24224866128250308,0.5436939400558553,0.2140573986616416,1.0,1.159980287160127,1.4196593035117813,0.9983494495163524,-0.4052207765502309,0.4698808892735093,-0.023416051372013517,1.510819623447058,1.2630436717418367,0.50116027878289,0.832471748426665,1.510819623447058,0.9981660550181694,1.009659344664168,0.8070609058853846,1.6154826596513963,0.6833403784142728,0.0018339449818306486,0.9981660550181694,0.10726184294332756,0.46015583954468253,0.10976728991751805,-0.004234727959216259,-3.0065363690285842e-05,1.0,0.004833743144826086,0.13041261359448353
252,1.0,1,1,1,1.0,0.9988678680522627,0.2520758376412526,0.5851360119314513,0.16278815042729622,1.0,1.194392195774994,1.4196598391654167,0.9985145045647171,-0.40515042720649447,0.47216713778986447,-0.024389919121195557,1.4763614984865958,1.1383484491913163,0.9592127082018154,1.2558337240267912,1.4763614984865958,0.9983494495163524,0.5171487902847804,0.7758684222390457,1.6179827562173146,0.3385881018273328,0.0016505504836475948,0.9983494495163524,0.0037750613939164022,0.048632499308194466,0.08798402702904054,-0.0005382892549713368,-0.0010105075876214898,1.0,0.004355833379326785,0.13045701858176728
253,1.0,1,1,1,1.0,0.9963491530336934,0.27054876668223166,0.5728431934386421,0.15660803987912622,0.9999999999999999,0.9877610133120398,1.419661124831162,0.9986630541082454,-0.4080345238190595,0.4744504380986588,-0.02433148895367727,1.5943119880294283,0.6713748707323645,1.0971936461999006,1.0508074569379238,1.5943119880294283,0.9985145045647171,0.49711834182952774,0.8702991632170483,1.620458818039289,0.3235929201594739,0.0014854954352828686,0.9985145045647171,0.003974854053871765,0.2953971753169962,0.0021516785542479316,-0.0034970678551574934,2.1878105995485995e-05,1.0,0.003925714590377416,0.13036891245408486
254,-1.0,0,0,0,1.0,0.00010281694721849978,0.2602579251144022,0.5847038284924464,0.15503824639315122,0.9999999999999998,-1.617015740495505,1.4196611257761724,0.9999786848203411,-0.40621809205755727,0.47673419861748,-0.019834926135332668,-1.5287818023315325,-1.8014004437065507,-1.0697516802677067,-1.0033006455098485,1.5287818023315325,0.9999763164670458,0.45903012206382576,0.8149909180461665,1.6244232020357612,0.29698959649100076,2.3683532954232867e-05,0.9999763164670458,0.37664621781325336,0.2761304461746552,0.004415740020390076,0.0012061892596631778,0.00446676573351436,1.0,0.003920250041394109,0.1349114777780204
255,-1.0,0,0,0,1.0,0.0024749539062755167,0.22974548062802322,0.6093125982214589,0.160941921150518,1.0000000000000002,-1.0564238493736755,1.4196611391515346,0.999980816338307,-0.4066693656061205,0.47901454043261443,-0.02006432717224685,-1.3219605435576265,-1.0051218613503026,-0.8715937715383271,-1.0225181232770835,1.3219605435576265,0.9999786848203411,0.4503667720192994,0.6513503427885439,1.6267096861608723,0.29542181427817693,2.131517965886509e-05,0.9999786848203411,0.0011495982621371223,0.08966576306346936,0.022778159947763863,-0.001062193977615987,-0.0002595427402275209,1.0,0.003506830517097761,0.13425766268129935
256,-1.0,0,0,0,1.0,0.0023142961277535347,0.2185456106747484,0.6451195625174512,0.13633482680780046,1.0,-1.068271248084283,1.4196611505341803,0.9999827347044763,-0.4065929483559657,0.4812914674185404,-0.020001521521714395,-1.1915261427810933,-1.0290695419813365,-1.0561904850271846,-0.9492471879272771,1.1915261427810933,0.999980816338307,0.13533565775390866,0.5465515486187542,1.6289924792216675,0.0746706332554892,1.9183661692956377e-05,0.999980816338307,0.014166726896258572,0.058699091965057466,0.011436868794599077,-0.0005343883808255868,3.2758297219913944e-05,1.0,0.003501869792653467,0.1311865808380916
257,-1.0,0,0,0,1.0,0.0003291442591962717,0.22142403356758303,0.6224927388771752,0.15608322755524184,1.0,-1.4120773157816058,1.4196611524600637,0.9999844612340286,-0.405000073606926,0.48356498373461837,-0.019063773870789776,-1.2552652049379844,-1.6031474998869382,-0.8725072835278452,-1.0720890994330425,1.2552652049379844,0.9999827347044763,0.3827579214101392,0.5976192155944219,1.6312716123286881,0.247929023465383,1.726529552370515e-05,0.9999827347044763,0.11559198725587745,0.033553485627957604,0.039832901240016066,0.000984462019535038,0.0009091090321903366,1.0,0.0034974051406536045,0.11918698246756008
258,-1.0,0,0,0,1.0,0.00042299194218022485,0.1553257747042531,0.7086851719894999,0.135989053306247,1.0,-1.3678852755514783,1.4196611546178555,0.9999860151106258,-0.4055004489801589,0.48583509445099904,-0.02016881878868754,-0.650825610707407,-1.6631288285174486,-0.6482914716220636,-1.0738282157435215,0.650825610707407,0.9999844612340286,0.00253413908534339,0.11566041495899959,1.6335471141537512,-0.017289876511049403,1.5538765971379043e-05,0.9999844612340286,0.0864695544229003,0.1789312038673391,0.18108152059749116,-0.0011095397933332655,-0.0011353435940950904,1.0,0.0034933869538537297,0.11935885537019947
259,-1.0,0,0,0,1.0,0.0024126984329459447,0.2668759113258065,0.5289533029792246,0.2041707856949689,1.0,-1.0609210942447032,1.4196611632091063,0.9999874135995632,-0.40779021581428987,0.4881018044275347,-0.022911921953179308,-1.6965038822110488,-0.8831384514519296,-0.6907260176737423,-1.1884428176758473,1.6965038822110488,0.9999860151106258,1.0057778645373063,0.9517026567886803,1.6358190118282185,0.6838756863874268,1.3984889374207832e-05,0.9999860151106258,0.016261789946849205,0.2581260452966422,0.24772201300433533,-0.0029023710641975157,-0.0027775226766898337,1.0,0.003489770585733842,0.11834757122790993
260,-1.0,0,0,0,1.0,0.0002612813711453821,0.22407869122751095,0.6203744766841831,0.15554683208830591,0.9999999999999999,-1.4527500609363617,1.4196611643557069,0.9999886722396069,-0.4053075761216548,0.49036511782525494,-0.019282453987826433,-1.2844394322600603,-1.655185066258436,-0.8878354052274563,-0.9047289588840625,1.2844394322600603,0.9999874135995632,0.396604027032604,0.6197613299937583,1.6380873300670322,0.25471089696964344,1.2586400436775946e-05,0.9999874135995632,0.3003271282946166,0.14418004359142436,0.0002853921551486315,0.001873765016438307,0.0036005008336736162,1.0,0.0031175610686420053,0.12399711914389339
261,-1.0,0,0,0,1.0,0.010778711524154157,0.12768313547397583,0.6911036859410549,0.18121317858496933,1.0,-0.7958492378517885,1.4196611876770173,0.9999898050156462,-0.41001928643420954,0.4926250411260541,-0.018195308469485864,-0.44615186647747507,-0.8319019695889491,-0.9047501533722939,-1.2557950449185513,0.44615186647747507,0.9999886722396069,0.45859828689481885,-0.048386082939674724,1.640352090900803,0.3017363468385468,1.132776039314276e-05,0.9999886722396069,0.21155014543829578,0.6555220763961684,0.12323251588072362,-0.005327663171494472,0.001059811554690866,1.0,0.0031142811645332347,0.120108964486781
262,1.0,1,1,1,1.0,0.999955919019663,0.23295223667460524,0.6314772610434457,0.13557050228194895,0.9999999999999998,1.7661675473206424,1.419661212657925,0.9987967486974209,-0.4048705874722081,0.49487799989396075,-0.013176101799529497,1.3173479327878823,2.06511565169463,1.1449011533951445,1.1202371738048749,1.3173479327878823,0.9986630541082454,0.17244677939273778,0.6438590597960963,1.6410875533505362,0.10251743710543058,0.0013369458917545929,0.9986630541082454,0.41722604743021896,0.03885265130685725,0.0006083118892292388,0.004540480753480341,0.004999412826491877,1.0,0.0028058049617778113,0.1256747276050371
263,1.0,1,1,1,1.0,0.9985731624594778,0.2102061528984068,0.6568760808308938,0.13291776627069937,1.0,1.1535968720887952,1.4196616879889692,0.9989170738276788,-0.4042392509929752,0.4971279592578905,-0.013315836496051881,1.1361977387223852,1.1456576459120416,1.2203486157681596,1.0872634528908738,1.1361977387223852,0.9987967486974209,0.0841508770457744,0.5040876035057,1.6434942608959946,0.04572951213251257,0.0012032513025791447,0.9987967486974209,0.004400122502487175,0.0023945643298400555,0.017711660578073683,2.4066698071765438e-05,-0.0001597384569070381,1.0,0.0028267141744444248,0.12488654442607026
264,1.0,1,1,1,1.0,0.9983899401652696,0.27027063088473197,0.560186539494077,0.16954282962119094,1.0,1.132289585834672,1.4196621618048586,0.9990253664449109,-0.40940607354958136,0.4993748653589176,-0.012840046887635436,1.6515947553202754,0.9252041902517939,0.9886887936240001,0.9280326884014745,1.6515947553202754,0.9989170738276788,0.6629059616962754,0.9170365532632453,1.645882594159721,0.4507183366913408,0.001082926172321197,0.9989170738276788,0.04172088014903577,0.5235420646838075,0.0036791631007661004,-0.005781854214417261,0.00045650060457923605,1.0,0.002546679089359385,0.12360154820142868
265,1.0,1,1,1,1.0,0.9963529525155126,0.2108413447010436,0.6631551704710974,0.12600348482785914,1.0,0.9879434318693103,1.419663004607906,0.9991228298004198,-0.40879592890310357,0.5016187178636489,-0.01282371524926962,1.139696292961115,0.9109687939550097,1.139132518895022,1.0627297073852957,1.139696292961115,0.9990253664449109,0.0005637740660928703,0.5023509608193106,1.6482540367705651,-0.012445405041370428,0.0009746335550890883,0.9990253664449109,0.005592987005552874,0.005923855295199909,0.005837389606590779,-3.970419475764424e-06,-2.932831212454856e-06,1.0,0.0025633315284146942,0.12340383476094165
266,1.0,1,1,1,1.0,0.9986032251178354,0.23978563251715834,0.6312053387433176,0.12900902873952397,1.0,1.1573506499149577,1.4196633449271336,0.9992105468203778,-0.4092945346298299,0.503859438879429,-0.013207535055519394,1.3643999997677092,1.0584761984294098,1.2562787827052229,1.0368003588147046,1.3643999997677092,0.9991228298004198,0.10812121706248634,0.6827240709110638,1.6506099721341316,0.06286113669447081,0.0008771701995802239,0.9991228298004198,0.014532372684355779,0.10732152475253756,0.048170778553466034,-0.0011134698248181814,-0.00040366087042932304,1.0,0.0025783187235644722,0.12352366052796379
267,-1.0,0,0,0,1.0,0.00029076600335080805,0.23522814753564103,0.5849309115520093,0.17984094091234962,0.9999999999999999,-1.4339140591452866,1.419663345947285,0.9999908245140815,-0.4087556075937234,0.5060991222671058,-0.01078389299429055,-1.4402554908640872,-1.6435947935371507,-0.7436350508789312,-0.9434563882093971,1.4402554908640872,0.9999898050156462,0.696620439985156,0.7429098580614398,1.653847714647422,0.47442677293408975,1.0194984353839587e-05,0.9999898050156462,0.2405487269798572,0.2468093483985053,0.03992856685253585,-7.512745702377699e-05,0.0024074419215278564,1.0,0.0025762220352939045,0.12365154955296837
268,-1.0,0,0,0,1.0,0.0004832463969259898,0.1704898877383495,0.6835189019517112,0.14599121030993942,1.0,-1.344420942193996,1.4196633473779705,0.9999917420626734,-0.40546461793087674,0.5083354489015254,-0.008568938176448623,-0.8453323164186125,-1.6130882452736388,-0.669382931329014,-0.8709785970100494,0.8453323164186125,0.9999908245140815,0.17594938508959845,0.26751024554116665,1.6560885704582995,0.11238067656842836,9.175485918500037e-06,0.9999908245140815,0.22414765421327532,0.0006577317081747141,0.040640812421379784,0.0026818790700612076,0.0022020821015027465,1.0,0.002304881297333958,0.12670008568199556
269,1.0,1,1,1,1.0,0.9995226493073182,0.13869952272859906,0.715925915205238,0.1453745620661631,1.0000000000000002,1.3465836252455476,1.4196634691670944,0.9992894921383401,-0.4078707318156975,0.5105663222508782,-0.010313011334614514,0.5270317384166733,1.6509670783534927,0.6295080571162031,1.0902878498167436,0.5270317384166733,0.9992105468203778,0.10247631869952978,0.01616077280246192,1.6574275777449596,0.06316448491322223,0.0007894531796222015,0.9992105468203778,0.06568752450265193,0.31725744702952846,0.21231801736115316,-0.003018839070322519,-0.0017595659143020146,1.0,0.0020762985380159173,0.12732872818806926
270,-1.0,0,0,0,1.0,0.0008776544900971928,0.15532628827319908,0.6967874398143723,0.14788627191242856,0.9999999999999999,-1.2392689665572907,1.4196634713227132,0.999992567856406,-0.40414123923285633,0.5127959505952802,-0.007617377346235563,-0.709343934440188,-1.5065066180110542,-0.536725388082403,-0.7288023814527433,0.709343934440188,0.9999917420626734,0.17261854635778495,0.15960441573645284,1.6605568256229524,0.11051997111583495,8.257937326616727e-06,0.9999917420626734,0.2605761345082981,0.0003786311601404258,0.036893571382189766,0.003122370040177892,0.0026841907575133,1.0,0.0018565290561430125,0.13201765206308144
271,1.0,1,1,1,1.0,0.9941223949917078,0.1469824316548759,0.6908809044013347,0.16213666394378956,1.0,0.9035083083226508,1.4196643768732176,0.999360542924506,-0.40524519113429736,0.5150203930310053,-0.0074333013319390455,0.6480821456115867,0.9440131630330488,0.96246553376486,1.0551866111217627,0.6480821456115867,0.9992894921383401,0.31438338815327327,0.11432447725641309,1.661978866554371,0.2124509943610557,0.000710507861659937,0.9992894921383401,0.023006307540019068,0.16573404583832607,0.008597198186224737,-0.0017127328595796841,0.00017290931224553198,1.0,0.0018686686842143319,0.13191228632027976
272,1.0,1,1,1,1.0,0.9994558440521535,0.2114905764980967,0.64573634959084,0.14277307391106342,1.0,1.323504784252824,1.4196644874010198,0.9994244886320555,-0.40464179520282,0.5172416425355679,-0.008447827254498039,1.1916491969376428,1.4471967861170785,0.9593870542247671,1.2589922299159264,1.1916491969376428,0.999360542924506,0.2322621427128757,0.548074166415817,1.6642850173941872,0.15515019856707396,0.0006394570754939544,0.999360542924506,0.004161869667071168,0.004535084090714191,0.08976326130093043,-4.478573083716284e-06,-0.0010272166996063113,1.0,0.0016835166491667186,0.13180902188789342
273,1.0,1,1,1,1.0,0.9817205344872767,0.1101996301362247,0.714499863675203,0.17530050618857232,1.0,0.701491160132719,1.4196662585326694,0.99948203976885,-0.40774922433637883,0.519459863617156,-0.008666734186487017,0.2524154168880054,0.7863178707835472,0.638053280635939,0.8221040268135417,0.2524154168880054,0.9994244886320555,0.38563786374793363,-0.2027094616924157,1.6665798044624316,0.26149867736905547,0.0005755113679445367,0.9994244886320555,0.014547463608965914,0.3245451122788898,0.03387467716853231,-0.003719971784039087,-0.00023192656271479674,1.0,0.0015168798176238662,0.12891416919176055
274,1.0,1,1,1,1.0,0.9982217741583428,0.23898010715070575,0.571572049420769,0.18944784342852533,1.0,1.1147618820783658,1.4196665049530846,0.999533835791965,-0.4107578392555832,0.5216747868886696,-0.008890541983660731,1.5057540030749108,1.0931258035853726,0.6868195007983471,0.9238821610588248,1.5057540030749108,0.99948203976885,0.8189345022765637,0.7968539781235499,1.6688642093513333,0.5645874174071076,0.0005179602311500275,0.99948203976885,0.036435067896497794,0.3385748405311929,0.05619870488977469,-0.0036256772716163413,-0.0002371636439193227,1.0,0.0013669066692352972,0.12834814615212106
275,-1.0,0,0,1,0.0,0.00290134745614637,0.17078613874118825,0.6874206118545737,0.14179324940423801,1.0,-1.0283532127005675,1.6657533806399856,0.8999933110707654,-0.40989587071751815,0.535907277591972,-0.008959681638515956,-0.8623623164027756,-1.13388201317344,-0.7166759746787441,-0.8835569152545976,0.8623623164027756,0.999992567856406,0.1456863417240315,0.27913201386663733,1.6716662399235362,0.0930898972231613,-0.999992567856406,0.999992567856406,0.020965967754061787,0.00044921102048965254,0.02784924832748153,0.00024620108080286563,-8.259936688103693e-05,0.98,0.021364894550117725,0.12108024608552499
276,1.0,1,1,1,1.0,0.9999663312915761,0.19598146563730545,0.6534080478075711,0.15061048655512335,0.9999999999999999,1.5456831929321286,1.6657533864623195,0.9995804522127685,-0.40712068248991706,0.5380976601045065,-0.008099528784191116,1.11385666905914,1.8494305835148543,0.7898195272507517,1.1210065265358526,1.11385666905914,0.999533835791965,0.3240371418083884,0.4811894645297939,1.6853711887527316,0.2178663176273559,0.0004661642080350248,0.999533835791965,0.1803502709814539,5.1120461937303e-05,0.10968482849546948,0.0021635898062341992,0.000847985309831813,0.98,0.021229918716568007,0.12467421896479795
277,1.0,1,1,1,1.0,0.9978109970753655,0.16988846870739574,0.6975574389131842,0.13255409237942006,1.0,0.918821143010101,1.6657535889832895,0.9996224069914916,-0.4065460470813836,0.5402848940485485,-0.0082206569052607,0.8528664474440497,0.9569514213919448,0.8026940825550684,0.908649705492963,0.8528664474440497,0.9995804522127685,0.05017236488898136,0.27517247546532275,1.6876151801491903,0.027021126638095833,0.0004195477872315223,0.9995804522127685,0.00010345814116504253,0.0031117718785516465,0.0112265940321573,-3.6099764848639245e-05,-0.0001334776306919071,0.98,0.02110844046637327,0.11885304280799158
278,1.0,1,1,1,1.0,0.9997919208480225,0.25581190087208694,0.5903038230290585,0.1538842760988545,0.9999999999999999,1.2723046144939294,1.6657536129746489,0.9996601662923424,-0.4087233999104382,0.5424689495691871,-0.007571868794360719,1.5752522033979925,1.1937429175444991,1.0700595942861986,1.0398617623705377,1.5752522033979925,0.9996224069914916,0.505192609111794,0.8536557156370106,1.6898506620887639,0.3454141694729951,0.0003775930085083701,0.9996224069914916,0.054029679503256926,0.2866429243435726,0.0009119090524065041,-0.002791358938083788,0.000637413245410205,0.98,0.020999110041198,0.11943090378283322
279,1.0,1,1,1,1.0,0.9999933321993887,0.1991389898357249,0.6682914817689929,0.13256952839528213,0.9999999999999999,1.7887119882517533,1.6657536139473976,0.9996941496631082,-0.40325240119333633,0.5446498299973659,-0.0029745087052414714,1.1126001683898987,2.1475491837318446,0.9954104088393376,1.1508282434208046,1.1126001683898987,0.9996601662923424,0.1171897595505611,0.48135673480148083,1.6920781408053807,0.07446096289103205,0.00033983370765755527,0.9996601662923424,0.40689567191955484,0.001461385720568568,0.024154703305992228,0.004865211434387835,0.004592891623362751,0.98,0.021004229586730032,0.12714710882635127
280,-1.0,0,0,0,1.0,0.00011341990357635585,0.15902260232368137,0.6690437536388294,0.17193364403748923,1.0,-1.3633919451121588,1.665757325454432,0.9099939799636889,-0.40123066816748093,0.5465588786127704,-0.0008355955387631853,-0.6826142805952691,-1.6179632787132674,-1.002436850293819,-0.9361549529984197,0.6826142805952691,0.8999933110707654,0.31982256969854994,0.14283902328287895,1.579642137728746,0.22090129008374348,0.10000668892923459,0.8999933110707654,0.18253144743039518,0.06428287256264173,0.0043932899090778675,0.0014189828984130415,0.0021376578902558077,0.98,0.023002853949555712,0.12802638581189257
281,-1.0,0,0,0,1.0,0.0002902497037815238,0.21256832718536978,0.6307751731162091,0.15665649969842108,1.0,-1.2223387136979513,1.665764989289537,0.91899458196732,-0.40063734594217193,0.5484921847333911,-0.0021647202499034263,-1.1332457544694883,-1.3458005906111659,-0.8461120931015625,-1.181784591190671,1.1332457544694883,0.9099939799636889,0.28713366136792573,0.5053659354081097,1.5930519555710125,0.2001579674187848,0.09000602003631109,0.9099939799636889,0.0016446368523354985,0.0023560186702456395,0.11267602597338254,-8.536581814921691e-06,-0.0013323766694525645,0.98,0.02469778029347104,0.12377424500595208
282,1.0,1,1,1,1.0,0.9903339666749347,0.18054579630169043,0.6559339812287014,0.1635202224696082,1.0,0.6947895163796738,1.665765482260966,0.9997247346967973,-0.39968654323544084,0.550664156751898,-0.0029878820230882395,1.0108776524924148,0.6398098327585324,0.5663323680560994,0.8990195747445276,1.0108776524924148,0.9996941496631082,0.44454528443631536,0.40806477605175995,1.6981404568459655,0.30901697885551727,0.00030585033689178864,0.9996941496631082,0.04170991673971162,0.012512229557452365,0.11068077749414895,0.00035037224618711106,-0.0008276503290532481,0.98,0.024702538826025768,0.12296571501783711
283,-1.0,0,0,0,1.0,0.00029029250003837355,0.2285322575730406,0.6268716015509944,0.14459614087596498,1.0,-1.222310594523263,1.6657723805708693,0.927095123770588,-0.399160419529474,0.552615538900953,-0.002904992918926001,-1.2476626289643225,-1.2545718865510178,-1.042378783696129,-1.1141607012493022,1.2476626289643225,0.91899458196732,0.20528384526819354,0.5984435599360172,1.607507926014316,0.14071080966464722,0.08100541803268002,0.91899458196732,0.011696399415169123,0.01782276470362649,0.005152643687610571,-7.351638346148838e-05,7.852506873070262e-05,0.98,0.02632142455991457,0.12306123061552202
284,-1.0,0,0,0,1.0,0.0010691189128262148,0.17290970190284408,0.6818625125463461,0.1452277855508099,1.0,-1.0265284147811977,1.6657915833818209,0.9343856113935292,-0.39872911482179957,0.5545865229039894,-0.002842207006168051,-0.8073460145828171,-1.1059253489854357,-0.9147107656809477,-0.9488146701420815,0.8073460145828171,0.927095123770588,0.1073647510981306,0.24671639213677965,1.6187749312371291,0.07225033284976541,0.072904876229412,0.927095123770588,0.006039426105833758,0.02001338050574581,0.0011630762994941468,-0.00016768745279894463,5.8516197676075345e-05,0.98,0.02768484743337301,0.12125619563564066
285,1.0,1,1,1,1.0,0.999716610914022,0.2677046765298465,0.5530205483009357,0.17927477516921772,0.9999999999999999,1.2259046081614409,1.6657916063328684,0.9997522612271176,-0.4030621892500445,0.5567494017934869,-0.002836637811710344,1.7218604294929545,1.093943795719796,0.8923794269668562,1.0589786308856741,1.7218604294929545,0.9997247346967973,0.8294810025260982,0.9787592287725642,1.7042699678053062,0.5777944947621008,0.0002752653032026542,0.9997247346967973,0.027864281889469798,0.439412278924823,0.027755294746383864,-0.004938575964424238,1.3078457170312002e-06,0.98,0.027605145553420238,0.11936881393480232
286,-1.0,0,0,0,1.0,0.0006881035943007959,0.25307297878082535,0.5552514903911175,0.1916755308280572,1.0,-1.0927061329472738,1.6658034467645186,0.9409470502541762,-0.406151651387911,0.5587333351508166,-0.0034823234785764565,-1.5607647475084407,-0.9991459457521602,-0.7457471123442777,-0.9973959164756161,1.5607647475084407,0.9343856113935292,0.815017635164163,0.845549608756708,1.6312928548960453,0.5676757068032037,0.06561438860647084,0.9343856113935292,0.009084037363874253,0.3173844397792913,0.06332712062073272,-0.0036996048289850048,-0.0006509169990823016,0.98,0.02891633296146134,0.11953680044557506
287,1.0,1,1,1,1.0,0.9992633625300075,0.14288347353949155,0.7022986725922634,0.15481785386824518,1.0000000000000002,1.0824623084267166,1.6658034941747215,0.9997770351044059,-0.4068042443612194,0.5608900695602562,-0.008023170893014723,0.652838426990737,1.3275058359772562,0.3673794619405876,0.9902106736561717,0.652838426990737,0.9997522612271176,0.2854589650501494,0.1161190902046787,1.7084484355620018,0.1963389520565281,0.0002477387728824221,0.9997522612271176,0.008510364117838025,0.11382003282008288,0.3879187182871027,-0.0012637160244269384,-0.004552900250031177,0.98,0.028920297409239498,0.11938160647044907
288,1.0,1,1,1,1.0,0.9997859080188495,0.16882630379934868,0.6928814971061772,0.13829219909447416,1.0,1.2679903018979175,1.6658035087013245,0.9997993315939653,-0.4047748402094401,0.5630436339481572,-0.0070185539953275065,0.8818116472345803,1.4697195877011981,0.7287163936598019,0.9215468897465283,0.8818116472345803,0.9997770351044059,0.15309525357477838,0.29864507342644486,1.710633659930323,0.09914350660933013,0.00022296489559414656,0.9997770351044059,0.12002303782309731,0.001578889497483323,0.03718360022105301,0.001421329779907368,0.0009940732512245315,0.98,0.028848070239736245,0.11948371072124062
289,1.0,1,1,1,1.0,0.999138743388018,0.16364689373646937,0.6860924756468055,0.1502606306167251,1.0,1.058986908406129,1.6658035526264896,0.9998193984345688,-0.40482323461656555,0.5651940296363995,-0.0070268306969773885,0.8553578779092548,1.089206689296626,1.1427726211310425,1.0915142152399584,0.8553578779092548,0.9997993315939653,0.2874147432217877,0.27951146211796374,1.7128128652812173,0.1941717662599239,0.0002006684060347208,0.9997993315939653,0.0010580256898620867,0.05576981566145308,0.0026274241744951255,-0.0006565414796590919,-1.8832781815596466e-05,0.98,0.028851192312945403,0.11770405630590243
290,-1.0,0,0,0,1.0,0.00035812693077722104,0.2643810338051722,0.5817201035728865,0.1538988626219413,1.0,-1.1907563883472663,1.6658095964634259,0.9468523452287586,-0.4083911825114017,0.5671827559045415,-0.0066267135615261236,-1.5793854176670732,-1.0340022295113056,-1.115647977357052,-0.9367583077805091,1.5793854176670732,0.9409470502541762,0.4637374403100212,0.858685099517093,1.647283137428702,0.3175893775200374,0.05905294974582376,0.9409470502541762,0.06451502493159689,0.41296960236115815,0.032001513881204716,-0.004181454929154735,0.0003901621326047061,0.98,0.029963233487188247,0.1168578826429665
291,-1.0,0,0,0,1.0,0.0009317048630498211,0.271244592609154,0.5101436238005259,0.21861178359032013,1.0,-1.0471728491090155,1.6658220413826679,0.9521671107058828,-0.41037851033248124,0.5691846523713482,-0.011019441294570059,-1.790978504545178,-0.8320583585161191,-0.6262715842506801,-1.2732143046222972,1.790978504545178,0.9468523452287586,1.164706920294498,1.0243916211247408,1.6560629529176139,0.8086681306446224,0.05314765477124139,0.9468523452287586,0.051094739610562906,0.2680797667217809,0.41853488344182843,-0.002603820325334616,-0.004409281725975186,0.98,0.031025384417192693,0.11690741674620206
292,1.0,1,1,1,1.0,0.9998673953418294,0.23668089296310466,0.5366330755114465,0.2266860315254488,1.0,1.3398798785369483,1.66582204908385,0.999837458591112,-0.4138812086488462,0.571325888730983,-0.012008990910623882,1.6384421080490197,1.6060339031880961,0.39808815693146543,0.9135617332791971,1.6384421080490197,0.9998193984345688,1.2403539511175543,0.9003751761067345,1.7189769605711023,0.8572283244877179,0.00018060156543120431,0.9998193984345688,0.1817471609760091,0.5254515577264385,0.2657130079127207,-0.004124452761005153,-0.001007590163240539,0.98,0.031028274499622973,0.1114349537005506
293,1.0,1,1,1,1.0,0.9999651494869497,0.15395117258669588,0.7139564006572273,0.1320924267560768,1.0,1.5404418277625318,1.665822051178106,0.9998537127320007,-0.4096914170157092,0.5734639617670637,-0.008150115440262829,0.7510422110044137,1.8445987990919375,0.816510697158589,0.9570790552955243,0.7510422110044137,0.999837458591112,0.06546848615417533,0.1869525601546848,1.7211389661107614,0.03381894939729885,0.00016254140888805058,0.999837458591112,0.3403121243003936,0.042451181205439344,0.01975946330931369,0.003574331317139451,0.003846631931892959,0.98,0.03096940928919447,0.11370386766836313
294,-1.0,0,0,0,1.0,0.0014335552450842318,0.16220831118501455,0.6864637691686244,0.1513279196463611,1.0,-0.9824223341239506,1.665838218962819,0.9569503996352945,-0.4086408611386144,0.5754711567638202,-0.008378806443926586,-0.7943443614446388,-1.0165199496021218,-1.0293471362040896,-0.7916429382984036,0.7943443614446388,0.9521671107058828,0.23500277475945075,0.22578407214000185,1.6684561390788288,0.15635182689135269,0.04783288929411722,0.9521671107058828,0.03639677787156075,7.297687015015431e-06,0.056503285701985526,0.0004366737622145488,-0.00024127809396509728,0.98,0.03192541732108631,0.11423845413579321
295,1.0,1,1,1,1.0,0.9999559102190692,0.19972129203111508,0.639045096418475,0.16123361155040997,1.0,1.5051339203245624,1.6658382212926846,0.9998683414588007,-0.40574646693223865,0.5776030557195936,-0.006986540117784525,1.2136145213200005,1.7983110193726044,0.7042416295310479,1.032800727374773,1.2136145213200005,0.9998537127320007,0.5093728917889526,0.562250755917386,1.725302926405621,0.34818221780834024,0.00014628726799925662,0.9998537127320007,0.22309864516214295,0.03269362808086717,0.10795108077588257,0.0022848602049753094,0.0013817707726351245,0.98,0.03192775828785483,0.11726232012868497
296,-1.0,0,0,0,1.0,0.00431231266812022,0.16365257228808022,0.685875898275649,0.15047152943627087,1.0,-0.8166998496282412,1.6658746088651855,0.961255359671765,-0.405149379857228,0.5796183800372767,-0.008585853772602181,-0.8136143702848102,-0.8708156582386789,-0.5733861653222072,-0.9711289626737911,0.8136143702848102,0.9569503996352945,0.240228204962603,0.2451450292956096,1.678096015300182,0.16117320335603758,0.04304960036470551,0.9569503996352945,0.02384835095603525,0.024810846815466803,0.15819933284506316,-1.1549950313178653e-05,-0.001612211782668335,0.98,0.0327328458604033,0.116244768795625
297,1.0,1,1,1,1.0,0.9998894410158393,0.17129093013187852,0.6450946417426897,0.1836144281254317,1.0,1.367127329472856,1.6658746136411742,0.9998815073129206,-0.4016819110184918,0.5817440976911435,-0.008800410169461531,1.010728464762693,1.7589872718848425,0.32288010943173784,0.8540922777940921,1.010728464762693,0.9998683414588007,0.6878483553309552,0.4034333919529265,1.7294669727148975,0.47290799495906644,0.00013165854119934206,0.9998683414588007,0.263204964251032,0.024534895068062508,0.28218636781623424,0.002864040830195634,-0.00022777684278242673,0.98,0.03268516503995622,0.10617041980000963
298,1.0,1,1,1,1.0,0.9989070256256508,0.20251457067162515,0.6531062034876021,0.14437922584077284,1.0,1.0231500749473437,1.665874645443004,0.9998933565816285,-0.40091536255776183,0.5838666636144654,-0.009519184751710322,1.2029522807769535,1.000636036315767,0.8727925141754544,1.1511189353014066,1.2029522807769535,0.9998815073129206,0.33015976660149904,0.560679913603071,1.7316078311010021,0.22231142645158777,0.00011849268707941896,0.9998815073129206,0.016376029220317667,0.0026866957031873935,0.07746559669678088,0.0001642720022055633,-0.0007330748097175585,0.98,0.03264225230155384,0.10376562961484949
299,-1.0,0,0,0,1.0,0.00035669747289136425,0.1993424370621531,0.6534467885304476,0.14721077440739927,0.9999999999999999,-1.1913059921591729,1.6658785967996828,0.9651298237045886,-0.3998420457581849,0.5858820723149009,-0.008072637635281014,-1.1287359006510025,-1.2915708147698326,-0.8309733193463074,-0.8452721027150949,1.1287359006510025,0.961255359671765,0.29776258130469513,0.5020733579630402,1.6893103272369951,0.19891462216157627,0.03874464032823499,0.961255359671765,0.11973945264379639,0.08035172474024904,0.00020445520582751509,0.00047265273484256814,0.0014344199692556264,0.98,0.033376390775188974,0.10487195248143215
300,-1.0,0,0,0,1.0,0.000735431772116728,0.2154504782345468,0.6538266147196311,0.130722907045822,0.9999999999999999,-1.0826594893676014,1.665885260257609,0.9686168413341297,-0.3989368146798616,0.5879050423105464,-0.008006345289676914,-1.2318903723665144,-1.0305226994314538,-1.09747369294205,-1.2426925998643228,1.2318903723665144,0.9651298237045886,0.13441667942446434,0.5856702521350268,1.6957813695751778,0.08601903796184401,0.03487017629541145,0.9651298237045886,0.025610596455255846,0.0001166881189144068,0.021088530927699696,0.0003059269000360973,5.4264786330673807e-05,0.98,0.03407326800036489,0.10016417107030748
301,1.0,1,1,1,1.0,0.9993642572506763,0.1714191345485618,0.6730490194281386,0.15553184602329972,1.0,1.1045299441251875,1.6658852782299318,0.9999040209234656,-0.39966764083837014,0.5900183980618869,-0.01566275629196123,0.9612658620212152,1.2668294266229976,0.5600928738546832,1.4200699130053258,0.9612658620212152,0.9998933565816285,0.401172988166532,0.37007587493711064,1.7377824023794193,0.27281474642689546,0.00010664341837152147,0.9998933565816285,0.09956547196087868,0.21050115719943036,0.7395605078663059,-0.0013312282228626201,-0.007679940430865126,0.98,0.0340387219690957,0.10001024365065851
302,-1.0,0,0,0,1.0,4.2220261917014084e-05,0.21388136083843837,0.6397964176458905,0.14632222151567106,0.9999999999999999,-1.5115938988140307,1.6658857589186704,0.9717551572007168,-0.39544117211429125,0.5920442782745043,-0.00949687063048842,-1.2598335634988045,-1.7331351980235261,-0.9109025919022116,-0.7845441237426848,1.2598335634988045,0.9686168413341297,0.3489309715965929,0.6081992099606734,1.703927765596136,0.2285889238256538,0.03138315866587027,0.9686168413341297,0.5286013754312947,0.22590005154368614,0.015966462475622143,0.0036324158866513027,0.00615161895546807,0.98,0.034633374132740154,0.11050676993140605
303,1.0,1,1,1,1.0,0.9999651250568892,0.1622503925686209,0.7136460920006809,0.12410351543069816,1.0,1.5402777499234155,1.6658857601560426,0.9999136188311191,-0.38840765486194495,0.5941514531452344,-0.0030433558487316485,0.8201608494665893,1.8286915869230365,0.8232460240254181,0.8070142376712124,0.8201608494665893,0.9999040209234656,0.0030851745588288404,0.2606875074589802,1.7419339023364897,-0.0073372484393082315,9.597907653435822e-05,0.9999040209234656,0.5376753784004368,0.00017283340169834318,0.00026347088824857986,0.0064500305399848605,0.006448942890146258,0.98,0.034605583805565186,0.12118078041833737
304,-1.0,0,0,0,1.0,0.0009334360891102252,0.20833258518166137,0.6350859964072062,0.1565814184111324,0.9999999999999999,-1.0468461217275533,1.6658923841181588,0.9745796414806451,-0.3885730214490531,0.5961798802194544,-0.0033930441540405065,-1.2318161144820894,-1.0513465011637444,-0.7824890533725851,-0.9705871435578045,1.2318161144820894,0.9717551572007168,0.44932706110950427,0.5970452367237266,1.7116698839260587,0.3114855869279213,0.028244842799283187,0.9717551572007168,0.005815431751494225,0.06824057525016088,0.035380891531326925,-0.0007491017219839999,-0.0003547855173579924,0.98,0.03517000699089176,0.11376416469710218
305,1.0,1,1,1,1.0,0.9998071812725686,0.11690364084932336,0.7215843752146546,0.16151198393602204,1.0,1.2836314174238896,1.6658923892493698,0.9999222569480072,-0.39213355161397156,0.5982808777358242,-0.0035623698988093274,0.3931928259578892,1.5464259516297414,0.7540551321525871,1.032586756436408,0.3931928259578892,0.9999136188311191,0.36086230619469795,-0.07401876068274171,1.7460805418752412,0.24921057018224801,8.63811688809335e-05,0.9999136188311191,0.06302342181031961,0.4088245983327689,0.07757986572618353,-0.004149614118269392,-0.00017467732699036697,0.98,0.035171308310676205,0.11500164116806584
306,1.0,1,1,1,1.0,0.9953619017691142,0.09216667597703117,0.6810577655601819,0.2267755584627868,1.0,0.8056945946596761,1.6658924589735185,0.9999300312532065,-0.39735928609376847,0.6003787512415724,-0.004140757800638402,0.17534566373456228,0.7907146458282326,1.10687068529027,0.8754041014419317,0.17534566373456228,0.9999222569480072,0.9315250215557078,-0.25185702062632176,1.7481914732260324,0.6485051451901861,7.774305199281795e-05,0.9999222569480072,0.004859415335825343,0.49008181620528285,0.053576779438419875,-0.00582266881043349,-0.0005846083692311344,0.98,0.035172479498482206,0.11481549493685715
307,-1.0,0,0,0,1.0,0.00019140047938233696,0.21483246593788854,0.6326850966405744,0.15248243742153694,0.9999999999999998,-1.2847394664381426,1.66589395917987,0.9771216773325806,-0.39684927493733946,0.6024052064256182,-0.0035827625270791344,-1.2979878756421128,-1.3811506988637234,-0.8660411599114608,-1.0203971506529228,1.2979878756421128,0.9745796414806451,0.431946715730652,0.6410310144199218,1.721145338944314,0.298221943210818,0.02542035851935487,0.9745796414806451,0.06987685991469288,0.07705661060002413,0.023825771877778304,-8.615700822397499e-05,0.0005526130564429748,0.98,0.035680541362958826,0.11390119239003348
308,-1.0,0,0,0,1.0,0.00036470158581247675,0.2134642929322967,0.6214951829973856,0.1650405240703178,1.0000000000000002,-1.1879607192532498,1.6658963380742204,0.9794095095993225,-0.39694604244023357,0.6044355130028991,-0.004284906544782623,-1.3178572780562514,-1.262014985792714,-0.7410847327077907,-1.0305907417143432,1.3178572780562514,0.9771216773325806,0.5767725453484607,0.6574365475076617,1.7260951353580858,0.40015801921684335,0.022878322667419404,0.9771216773325806,0.024765309830595963,0.08252206290187689,0.08381372925090202,-0.0006930810368553711,-0.0007085810330436727,0.98,0.03613779704098779,0.11266710749818738
309,1.0,1,1,1,1.0,0.9988716160413469,0.19058709071604416,0.6854955565398524,0.12391735274410336,0.9999999999999999,1.0183466430044827,1.6658963573702465,0.9999370281278858,-0.39671238143186394,0.6065241720738682,-0.004287086862421097,1.08908541710568,0.9983166000156503,1.0203528859065056,0.8403126124837863,1.08908541710568,0.9999300312532065,0.06873253119917444,0.4743222912443106,1.7543550489440864,0.04382786529463949,6.996874679354725e-05,0.9999300312532065,0.03169611602344427,0.06188790831944293,0.032414500054127535,-0.0003623015075519839,-8.620608368199168e-06,0.98,0.036138916718136176,0.1129757940197193
310,1.0,1,1,1,1.0,0.9996434567849374,0.13820416379871747,0.7281997647161212,0.13359607148516137,1.0,1.1913554020288717,1.6658963637898967,0.9999433253150972,-0.3999358396211649,0.6086097163405916,-0.009458650713338696,0.6141509536052061,1.4238282250286396,0.5213162617988139,1.1788153228844547,0.6141509536052061,0.9999370281278858,0.09283469180639226,0.094608381452301,1.7564517544209366,0.060697197402053475,6.297187211423694e-05,0.9999370281278858,0.0001572535849482426,0.3188458499335316,0.43230501532849924,-0.0038242631561830006,-0.005185773140922612,0.98,0.03613992442756972,0.10697239652552593
311,-1.0,0,0,0,1.0,0.004416056800473664,0.20202738863876288,0.6673933512915476,0.1305792600696895,1.0,-0.8130881351701402,1.6659141077358712,0.9814685586393902,-0.3975369155607078,0.6106378815296627,-0.008060608545081617,-1.1748627042104656,-0.6643733622463615,-1.0134482782362637,-1.2014852706145065,1.1748627042104656,0.9794095095993225,0.16141442597420186,0.5399543237472075,1.7349306523798123,0.1035314474686026,0.020590490400677508,0.9794095095993225,0.1508523348213894,0.0007087610419375686,0.03535791050265533,0.001801722885353422,0.001385933091824809,0.98,0.03655150768037541,0.10575844031318779
312,1.0,1,1,1,1.0,0.9999135182769177,0.2355898231500714,0.583272364316902,0.18113781253302658,1.0,1.4039575827007127,1.6659141093873715,0.9999489927835875,-0.3987375606510069,0.6127172719666328,-0.007394444507102333,1.564434527644955,1.5551535253581041,0.7083813898226822,1.0169300928738947,1.564434527644955,0.9999433253150972,0.8560531378222728,0.8540107065552562,1.7605727056420244,0.5911765879305093,5.667468490277994e-05,0.9999433253150972,0.14979027788164773,0.29976110609397816,0.09520230215458532,-0.0017996499385479652,0.0006550557087247489,0.98,0.03652590225623838,0.10040972492221636
313,1.0,1,1,1,1.0,0.9998962599028168,0.289800534508638,0.5441244799783798,0.16607498551298222,1.0,1.376649320495455,1.665914111135659,0.9999540935052288,-0.4072348227681762,0.6147935585975264,-0.005333221216802179,1.9142637555492188,1.1805656486019378,1.0809574407994003,0.939480329964417,1.9142637555492188,0.9999489927835875,0.8333063147498185,1.1326734437883683,1.7626586136677584,0.5759199758177705,5.100721641249084e-05,0.9999489927835875,0.19111672628192686,0.9502027267948409,0.02001577289021414,-0.009109032006154968,0.0020532114407005525,0.98,0.036502857374515044,0.10414405699780517
314,1.0,1,1,1,1.0,0.9976075560416637,0.1358274048753997,0.7187327375919791,0.14543985753262131,1.0,0.9053654849388393,1.66591413500009,0.9999586841547059,-0.4072145615925337,0.616866745916759,-0.0053041176686856074,0.6323387653851988,0.962389070036733,0.8785488563181109,0.8591177526572911,0.6323387653851988,0.9999540935052288,0.24621009093291202,0.09863618953998293,1.7647407661285395,0.1670138424362362,4.590649477120845e-05,0.9999540935052288,0.002138852741185757,0.05142870906815577,0.00037756778947752436,-0.0005914782759236402,2.1135419420498793e-05,0.98,0.03648211698096404,0.10335241644964815
315,-1.0,0,0,0,1.0,0.0003566427433394464,0.1836775839851172,0.6839547253271904,0.13236769068769233,0.9999999999999998,-1.191300788413585,1.6659160246235076,0.9833217027754512,-0.4061626745706288,0.6188870672024024,-0.004934401397075137,-1.0475754815105607,-1.2877259535908807,-0.8925018139167331,-0.9913791021065257,1.0475754815105607,0.9814685586393902,0.15507366759382757,0.4308458236159149,1.7455555883520577,0.10324744964699369,0.0185314413606098,0.9814685586393902,0.03996868065585827,0.003158033058122248,0.009776718119767295,0.0004417277711728323,0.0003623035504330917,0.98,0.03683325313707446,0.10403993032265425
316,1.0,1,1,1,1.0,0.9998460734754131,0.3287651547670855,0.4565344841805599,0.2147003610523546,1.0,1.317425535613166,1.665916026634301,0.9999628157392353,-0.42570880753649326,0.6209541252683282,-0.0035815993384842857,2.308352089469553,0.8226464258399491,0.8521333689483075,0.9641185638636927,2.308352089469553,0.9999586841547059,1.4562187205212453,1.4405189970050136,1.768839553980314,1.0144187029677965,4.131584529409871e-05,0.9999586841547059,0.12482581628678323,1.8069637713627607,0.012540683880236807,-0.02018565546091173,0.001347421588878557,0.98,0.03681653604998874,0.10624579919470283
317,1.0,1,1,1,1.0,0.9993436222934509,0.1329244467960019,0.707274799039868,0.15980075416413014,1.0,1.0997129285266667,1.6659160330760463,0.9999665341653118,-0.42314181171403703,0.623018094143775,-0.003266135142170429,0.6562272436346723,1.1906263867153937,1.0662293034197328,0.6965165022565906,0.6562272436346723,0.9999628157392353,0.41000205978506044,0.09927298737124463,1.7709113633684486,0.283419842511058,3.718426076471104e-05,0.9999628157392353,0.16256735815696094,0.0016232243603038128,0.13668755534389712,0.0019313296055598855,0.0003105576337567658,0.98,0.03681707583551695,0.1046861718182449
318,1.0,1,1,1,1.0,0.9983302283599271,0.19437707521862532,0.6662628521869239,0.13936007259445068,1.0,0.9594416990673863,1.6659160459433804,0.9999698807487806,-0.42275338902654114,0.6250789774494946,-0.00340920346820471,1.2052963921993758,0.899525701902407,0.9029785179674127,1.0405658947282943,1.2052963921993758,0.9999665341653118,0.3023178742319631,0.5410953020454636,1.7729796084338836,0.20835637682020375,3.346583468821773e-05,0.9999665341653118,0.006581135121629285,0.02713613679706998,0.01893028624394079,-0.00024666002010528837,-0.00014818981346773806,0.98,0.03681756164249235,0.10033484143641197
319,1.0,1,1,1,1.0,0.999690924617015,0.11947829528447616,0.7329651606894659,0.14755654402605786,1.0,1.2127886410395003,1.665916048652979,0.9999728926739025,-0.42195166050793065,0.6271367779059595,-0.0018447718742234268,0.47979285473944255,1.4293429886752107,0.7306026039199878,0.8367494123227307,0.47979285473944255,0.9999698807487806,0.2508097491805452,-0.038919105234987095,1.775044340310592,0.17215762095817694,3.0119251219429266e-05,0.9999698807487806,0.141405501533903,0.1274179840017113,0.011267144934088617,0.00016785021038630022,0.0015616602791977726,0.98,0.03680237496392429,0.101849200977037
320,-1.0,0,0,0,1.0,0.0008694138020028423,0.2031498861747287,0.6750383095112318,0.12181180431403951,1.0,-1.05749950274393,1.6659197288379974,0.9849895324979061,-0.42172606325827733,0.6291467848085662,-0.002003059901129556,-1.2238537683051771,-0.9896643323162091,-1.1559832968642392,-1.0384995755806827,1.2238537683051771,0.9833217027754512,0.06787047144093794,0.5571313541362111,1.7579567360977282,0.04566455813443313,0.016678297224548833,0.9833217027754512,0.0003609972322087017,0.03435617676054901,0.013802424766632373,-0.00040794215434008374,-0.00016129713041308406,0.98,0.03713577574966873,0.0966448982315152
321,-1.0,0,0,0,1.0,0.000637589389301446,0.24126593433977367,0.6243171845886599,0.1344168810715665,1.0,-1.1040715456088028,1.6659222648059357,0.9864905792481155,-0.4248810560037258,0.6311582045508286,-0.0025287362823624036,-1.5410650621176756,-0.9112916563627739,-1.2151003726391807,-0.960885616300912,1.5410650621176756,0.9849895324979061,0.3259646894784949,0.8111259864358633,1.761884747181158,0.22617222273381685,0.015010467502093894,0.9849895324979061,0.020502210351764322,0.33660818934824693,0.06462514234012534,-0.0037932717479577916,-0.0005294751838603323,0.98,0.03742177494247742,0.09659481628775012
322,1.0,1,1,1,1.0,0.997441348579937,0.17807623299319833,0.6315899985519482,0.19033376845485345,1.0,0.8952568111968147,1.6659222797083517,0.9999756034065123,-0.42604801204755544,0.6332068949513309,-0.0044943045278277,1.17497421727848,0.9835972648880758,0.3404106067953962,0.765946811779326,1.17497421727848,0.9999728926739025,0.8345636104830838,0.5150983178190582,1.7811270311258165,0.5816657910557962,2.7107326097453033e-05,0.9999728926739025,0.01672107594935092,0.1673034184493694,0.18108106175212513,-0.001806988110000222,-0.0019723198296332906,0.98,0.03740952794748949,0.0968460004133957
323,1.0,1,1,1,1.0,0.9998017943409968,0.13706008642976336,0.735592349526391,0.1273475640438455,0.9999999999999998,1.2794725274760124,1.6659222811932184,0.999978043065861,-0.4240945564635529,0.6352525189008374,-0.0034572408853576196,0.661212719141698,1.510093467652176,0.6127596845151004,0.8816286982633073,0.661212719141698,0.9999756034065123,0.04845303462659756,0.102922163265803,1.7831788388688197,0.029422819710790585,2.4396593487741036e-05,0.9999756034065123,0.15827971244262806,0.04858320385213769,0.07229054655393342,0.0013163581030858846,0.0010318699906643356,0.98,0.03739850565200035,0.09972064539006893
324,-1.0,0,0,0,1.0,0.010294559923111405,0.1277261871441872,0.7088214111927693,0.1634524016630434,1.0,-0.6851747860960152,1.665945150717383,0.9878415213233039,-0.4241271555065193,0.6372604911474664,-0.0025281458955121704,-0.6001205558833811,-0.6192800560196282,-1.037395050238343,-0.9707449597387208,0.6001205558833811,0.9864905792481155,0.437274494354962,0.056001888243152,1.7697166850361703,0.3026349051631158,0.013509420751884549,0.9864905792481155,0.081550324074325,0.13736244873312592,0.004442234563607848,-0.0006697454959056111,0.0009252970741286059,0.98,0.03765833486241504,0.1006229505136255
325,1.0,1,1,1,1.0,0.9992896952795438,0.07863443062278118,0.7017436464450695,0.21962192293214933,1.0,1.0878368258452098,1.6659451547892294,0.9999802387592749,-0.42897831209603676,0.6393000414126537,-0.0016199733659436081,0.028254858758552936,1.2573610874839398,0.9255445174664311,0.7741527158751261,0.028254858758552936,0.999978043065861,0.8972896587078781,-0.40152326849967696,1.7872352406732066,0.6255746152000025,2.1956934138978035e-05,0.999978043065861,0.09839772084772354,0.5563636132510958,0.02291947758906104,-0.005495590708840468,0.00090573891910395,1.0,0.017658922643969698,0.10217158557549873
326,-1.0,0,0,0,1.0,0.0011408872143148082,0.17353300324558588,0.7029589054543874,0.12350809130002677,1.0,-1.0166612482849524,1.6659485394056905,0.9890573691909735,-0.4283209394156056,0.6413039879557715,-0.001569590396755013,-1.0067068382869375,-1.0303918747512757,-0.9524982658757617,-0.9533928711568718,1.0067068382869375,0.9878415213233039,0.054208572411175826,0.37638715853351334,1.775317790934453,0.03632602732187947,0.01215847867669606,0.9878415213233039,0.004002887544421038,0.0028423790911457315,8.003186089900317e-07,1.3926101439303677e-05,4.8025046709744574e-05,1.0,0.01789276893334292,0.09864463790675806
327,1.0,1,1,1,1.0,0.9985235117520731,0.16982380385264845,0.6607609738831894,0.16941522226416214,1.0,0.9779130451440569,1.6659485462535633,0.9999822148833474,-0.42721713513636816,0.6433374790450257,-0.007833827689081687,1.0762143650204958,1.085607189804789,0.45934103727744224,1.222896907243975,1.0762143650204958,0.9999802387592749,0.6168733277430536,0.43265055260079105,1.7912812625289374,0.4302417390233825,1.9761240725113538e-05,0.9999802387592749,0.060017092689391725,0.02151576819314276,0.5830175665603488,0.00046201589395498754,-0.0062760056864514845,1.0,0.01788477320241279,0.0998429105977226
328,1.0,1,1,1,1.0,0.998888266601433,0.20458478351152945,0.6291594144377638,0.16625580205070672,1.0,1.020548102288256,1.6659485510964251,0.9999839933950126,-0.4263256514818689,0.6453679251022558,-0.010635312335749032,1.3714149681161667,0.991275701883199,0.6995667300263577,1.225792759914391,1.3714149681161667,0.9999822148833474,0.671848238089809,0.6699148393565652,1.793317026160875,0.46245993897378457,1.778511665262439e-05,0.9999822148833474,0.04212536948406932,0.021205827521561322,0.27691383453172125,0.000251034503550096,-0.0028174615805718235,1.0,0.017877577044575675,0.09960482439733884
329,1.0,1,1,1,1.0,0.9995127631661574,0.17056178650352613,0.6899406369446262,0.13949757655184777,1.0,1.1444340343989052,1.665948553238533,0.9999855940555114,-0.42504052745317467,0.6473953301583059,-0.009756482894610358,1.0302090297186766,1.2556797674296278,0.7338854610215814,0.8514546636094301,1.0302090297186766,0.9999839933950126,0.2963235686970952,0.39784157229307243,1.7953495175065202,0.1967911857522176,1.6006604987350848e-05,0.9999839933950126,0.08583691170819674,0.03195312340311851,0.013822517397142622,0.0006466054596609387,0.0008641727317326495,1.0,0.01787110050252227,0.0931836491931117
330,-1.0,0,0,0,1.0,0.0002655608924293566,0.1515910166358185,0.7017472098884666,0.14666177347571477,0.9999999999999999,-1.2355424753959565,1.6659494149359442,0.9901516322718762,-0.4249173965876648,0.649390273028649,-0.009582319929746782,-0.8468310091420436,-1.3323423281392315,-1.174150471062476,-1.0964122302478723,0.8468310091420436,0.9890573691909735,0.3273194619204324,0.25242427986046023,1.7848113047279255,0.21936714044969227,0.010942630809026466,0.9890573691909735,0.01935722511496602,0.062290785928676554,0.006043234084949313,-0.0005152027297645263,0.0001597678923602005,1.0,0.01608981934011811,0.0899201647468031
331,1.0,1,1,1,1.0,0.9998915763319502,0.15570284408348,0.7217607960038739,0.12253635991264619,1.0,1.3699929363782162,1.6659494154495091,0.9999870346499602,-0.4214240962080764,0.6514116488016619,-0.006765428331289661,0.8631833392010835,1.5740195494382565,0.8122261232655223,0.8814394561687261,0.8631833392010835,0.9999855940555114,0.05095721593556113,0.265629274773202,1.7993737061924868,0.026087731225146005,1.440594448864907e-05,0.9999855940555114,0.23868450302480462,0.0003332858067362488,0.004790485451569707,0.0028602146066168204,0.002806728210878819,1.0,0.014289987058281661,0.09466096207025249
332,1.0,1,1,1,1.0,0.9910541160084109,0.12267974105124868,0.7372305738105472,0.14008968513820413,1.0,0.7064403575763984,1.6659494351145228,0.9999883311849642,-0.4224753773939134,0.6534299979113738,-0.006450247361459645,0.5368717068935901,0.7268270520503881,0.7476492708901913,1.0359293080671454,0.5368717068935901,0.9999870346499602,0.2107775639966012,0.008073269306795694,1.801396738649116,0.14077886646633117,1.2965350039806367e-05,0.9999870346499602,0.10856296849549393,0.24905848928910343,0.08310537983474607,-0.001685946249523314,0.00030549106392897433,1.0,0.014284129358544622,0.09599802310536813
333,1.0,1,1,1,1.0,0.9977714702146278,0.1514322368988293,0.6947343871364601,0.15383337596471064,1.0,0.9160215272281911,1.6659494408314428,0.9999894980664678,-0.4219655054700372,0.6554453217806666,-0.007190809826662408,0.8781257551586749,0.8370771288526034,1.3098504305912257,1.0334423970993762,0.8781257551586749,0.9999883311849642,0.4317246754325509,0.28002522673302654,1.8034165787740826,0.2957570254413259,1.1668815035781321e-05,0.9999883311849642,0.0137876606813058,0.02412325926373604,0.0764014009788314,-0.00012402718298916288,-0.0007513648835703072,1.0,0.012664254374191736,0.09603984833069086
334,1.0,1,1,1,1.0,0.9956514528532384,0.16110853884180776,0.7202293650632222,0.11866209609496998,1.0,0.8153842061721059,1.6659494497683447,0.999990548259821,-0.42091678697267965,0.6574576260764677,-0.006724725937883672,0.9123841478762452,0.7755079468225194,0.9257187991686445,1.0427480437115317,0.9123841478762452,0.9999894980664678,0.013334651292399302,0.307941812830959,1.8054332445571044,0.0021434460780171034,1.0501933532247598e-05,0.9999894980664678,0.05169431462065441,0.016994745337353432,0.013695844078278896,0.00041639483139961175,0.0004559816465085062,1.0,0.011206366888274142,0.09695294610098727
335,1.0,1,1,1,1.0,0.9999261075920605,0.20454509675394209,0.6325842017817772,0.16287070146428068,1.0,1.427538298913454,1.665949450007627,0.999991493433839,-0.4196795189788728,0.6594669141638747,-0.004223029184726487,1.374173349569489,1.626739715288297,0.7208665082863928,0.9270718257756186,1.374173349569489,0.999990548259821,0.6533068412830962,0.6784218926829116,1.8074467565752619,0.4505900629602837,9.451740178967327e-06,0.999990548259821,0.25046669073502364,0.19989977257880082,0.042520632960832444,0.0006068030178746739,0.0024953526932902943,1.0,0.011201050617013668,0.10140499427789836
336,1.0,1,1,1,1.0,0.998952782948491,0.1205557046897445,0.7409412465239914,0.13850304878626415,1.0,1.0295287313113906,1.6659494522087317,0.9999923440904551,-0.42289590024533863,0.6614731909779821,-0.005855695620681139,0.5166590544697753,1.17235432667025,0.7118750064249713,1.0860127359505156,0.5166590544697753,0.999991493433839,0.19521595195519592,-0.006352275403052499,1.8094571316127894,0.13242813718391067,8.506566161026186e-06,0.999991493433839,0.0031904427800727017,0.3241636146156723,0.1399790406545294,-0.0038516780620271953,-0.0016414631744934806,1.0,0.009888932976207472,0.10128712238622231
337,1.0,1,1,1,1.0,0.9998776882025171,0.1633166547672233,0.6651174143495016,0.17156593088327526,1.0000000000000002,1.3519039736209535,1.6659494525125558,0.9999931096814096,-0.4199199999513196,0.6634764605627599,-0.006298679384930811,1.0376096030973172,1.6805146248391503,0.37714656928733403,0.8838653817315898,1.0376096030973172,0.9999923440904551,0.6604630338099832,0.4071917822325152,1.8114643866820053,0.45646842804630705,7.655909544879158e-06,0.9999923440904551,0.21906012349777834,0.02363728560335379,0.2567639548849168,0.0023450740547330947,-0.0004524459766456618,1.0,0.00988413131894072,0.10549811757382115
338,-1.0,0,0,0,1.0,0.00011099737801790201,0.23369452267621466,0.5944368864310435,0.17186859089274178,1.0,-1.3664719780542025,1.665949811012381,0.9911364690446886,-0.4210080024716957,0.6654502068438758,-0.00780680730898398,-1.6105888667804753,-1.4343471600422542,-0.799781513385245,-1.1948761501916825,1.6105888667804753,0.9901516322718762,0.8108073533952304,0.8685510934730607,1.8021508376754174,0.5612664679917304,0.009848367728123808,0.9901516322718762,0.02944512813982361,0.17281706273363398,0.15609977203321077,-0.0017204632151257245,-0.001519855726720646,1.0,0.010076639375591313,0.10368655938015565
339,1.0,1,1,1,1.0,0.9994103361271343,0.1158684198471163,0.7179806491442772,0.16615093100860662,1.0,1.1157851220177493,1.6659498121003977,0.9999937987132687,-0.4225698737804663,0.6674475130100852,-0.007579000897262455,0.5155786293023582,1.2326284853715166,1.029440159103979,0.9681765001930167,0.5155786293023582,0.9999931096814096,0.5138615298016208,-0.0085450990298091,1.815442282977497,0.3518962635521506,6.890318590357936e-06,0.9999931096814096,0.021788305236996913,0.20484483273475718,0.003753235903158731,-0.002196678329973123,0.00021642083200605817,1.0,0.010072763813842428,0.10410116497109836
340,1.0,1,1,1,1.0,0.9995585479921576,0.19997984170507624,0.6686428332659416,0.13137732502898214,1.0,1.159248562104279,1.6659498128620436,0.9999944188419418,-0.4224957928639021,0.66944182505511,-0.00743880391622721,1.291220986571826,1.1493800891086512,1.0085883107535705,1.0482360507433346,1.291220986571826,0.9999937987132687,0.2826326758182556,0.6104069154769945,1.8174403815303442,0.19026387217551644,6.2012867313443465e-06,0.9999937987132687,0.012323777678663802,0.05904167903957611,0.0015719432862959409,-0.0005606148163309478,0.00012902201270841433,1.0,0.008891828844660579,0.1030573400260397
341,1.0,1,1,1,1.0,0.9998530068434691,0.20197676146590746,0.6288047143377755,0.16921852419631697,1.0,1.3243162330560985,1.6659498131227937,0.9999949769577476,-0.4222742115278342,0.6714331472802759,-0.008616544471955007,1.3828288870989938,1.4874737306599142,0.6481940378970267,1.0596322062998564,1.3828288870989938,0.9999944188419418,0.7346348492019671,0.6837673168152929,1.819435406723343,0.5068055905251497,5.581158058154401e-06,0.9999944188419418,0.07005763401989905,0.10445609447957946,0.1692813664186753,-0.00041278152551616496,-0.001190684788785315,1.0,0.007828987372396914,0.10343659791422642
342,1.0,1,1,1,1.0,0.999941049689316,0.183293025737113,0.700546502672443,0.116160471590444,1.0,1.46144209026243,1.665949813226653,0.9999954792619729,-0.4192100645358762,0.673421484021213,-0.006042661624580491,1.128658674418083,1.6115465360498833,1.0812932778296107,0.9902491287765596,1.128658674418083,0.9999949769577476,0.047365396588472386,0.4806527280066324,1.8214273707816857,0.024539233139975664,5.023042252361165e-06,0.9999949769577476,0.22202280695382506,0.019157202324692982,0.008289037076794192,0.002434387255549585,0.0025648052385243707,1.0,0.007825475801933338,0.10424211083378272
343,-1.0,0,0,0,1.0,0.0004915822390253706,0.12905105313170895,0.7260327794902136,0.14491616737807742,1.0,-1.1431001021545413,1.6659510085859246,0.9920228221402196,-0.4200566681967023,0.6753830130153539,-0.005888637878956459,-0.631314262649957,-1.276959976336444,-0.9282161764204859,-1.0075077632627158,0.631314262649957,0.9911364690446886,0.2969019137705289,0.08584134558408946,1.8132284234226046,0.2017886780147897,0.00886353095531145,0.9911364690446886,0.018385282366155633,0.14152154990328175,0.006287155743958889,-0.0014776352104455134,0.00014517751946636093,1.0,0.007999495592861805,0.09780357399509798
344,-1.0,0,0,0,1.0,0.0008401411948006977,0.15751666778952017,0.7136919496575415,0.12879138255293832,1.0,-1.0626212986453825,1.665952717779743,0.9928205399261977,-0.4198400431628636,0.6773440183904087,-0.005879052359093341,-0.906682225487691,-1.0968620310070274,-1.0635970482849184,-1.0952935557135077,0.906682225487691,0.9920228221402196,0.15691482279722746,0.30528911219345056,1.8162092584766065,0.10395173807910275,0.00797717785978036,0.9920228221402196,0.0010674763819256614,0.0355742338895521,0.0010046685831706177,-0.00041408109009151726,7.536935850605241e-07,1.0,0.007202381364175068,0.09709698796530528
345,1.0,1,1,1,1.0,0.9999930996970151,0.17679945235027175,0.7074861885313275,0.11571435911840074,1.0,1.7833546848759199,1.6659527177930944,0.9999959313357756,-0.411700731048556,0.6793234901755361,0.001695643483449755,1.0755960094007446,2.0812674377075844,1.0432752993265504,0.9867141843225293,1.0755960094007446,0.9999954792619729,0.03232071007419424,0.44063676435773214,1.8273388195416773,0.016745444692842622,4.520738027147253e-06,0.9999954792619729,0.6346360871219566,0.00789997882923446,0.003199159730498096,0.007520833299512667,0.007577243128697502,1.0,0.007199546033575626,0.10532773680450154
346,1.0,1,1,1,1.0,0.9996755344302782,0.21641317838894258,0.5741435358453293,0.20944328576572813,1.0,1.2054673770128306,1.6659527181750273,0.999996338202198,-0.4145217009258787,0.6812999939849801,-0.0021836577298598512,1.581661947695224,1.3533443660559459,0.4113809039833345,1.012147840224327,1.581661947695224,0.9999959313357756,1.1702810437118896,0.8536288271076234,1.8293188112116778,0.8208923740817724,4.0686642244214255e-06,0.9999959313357756,0.03737244330412162,0.3243463186083726,0.36092091168038865,-0.003443686503651012,-0.0038825816205152047,1.0,0.006338635399566004,0.10559821865146328
347,-1.0,0,0,0,1.0,0.0010742998088876148,0.25376058006048874,0.5676733654095439,0.1785660545299673,1.0,-1.025691068290263,1.665954616825836,0.9935384859335779,-0.42377204663195944,0.6832542672216662,-0.001901945827924948,-1.7905129346511415,-0.7436861987320942,-0.8353134112590843,-0.8694712033305081,1.7905129346511415,0.9928205399261977,0.9551995233920572,1.0178886467950345,1.8230436149001075,0.6664560086445801,0.007179460073802324,0.9928205399261977,0.024404646208044032,0.8483178708341098,0.001166754759194621,-0.00988695869551279,0.00027885469738619294,1.0,0.006479591430218063,0.10082221229060352
348,-1.0,0,0,0,1.0,0.002831658556394645,0.16308028921694354,0.7063935998676906,0.1305261109153658,0.9999999999999999,-0.8799845059031529,1.6659584810422943,0.9941846373402201,-0.42332323604913197,0.685207698198402,-0.0019492071379631647,-0.9795820438182858,-0.8753126186452242,-0.7808303677814487,-0.8514981320973637,0.9795820438182858,0.9935384859335779,0.1987516760368372,0.3598935884226693,1.8258235260452806,0.13722422739786108,0.006461514066422147,0.9935384859335779,0.0008114734926031544,0.01640548844173298,0.004993932913409715,-0.0001871281793895579,-5.018951304967872e-05,1.0,0.006606451857804918,0.10051092117604922
349,1.0,1,1,1,1.0,0.998907093376554,0.1606060875230757,0.7102209563001001,0.12917295617682437,1.0000000000000002,1.0231078802638272,1.6659584820249698,0.9999967043819782,-0.4229648678756985,0.6871753768301654,-0.003686771080476191,0.9648816264662626,1.0813511179108968,0.7752690285901103,1.1922388234904777,0.9648816264662626,0.999996338202198,0.18961259787615237,0.3485820651238782,1.8352034871309297,0.13077961137534347,3.661797801979283e-06,0.999996338202198,0.028605275956736495,0.05169129503870776,0.1738638098592545,-0.00027703222898365514,-0.0017431024068302163,1.0,0.005831632287196258,0.09868823764230802
350,1.0,1,1,1,1.0,0.9994986201600112,0.1005463129466739,0.7056302663378741,0.19382342071545205,1.0,1.1401312152872953,1.6659584824771065,0.9999970339437804,-0.4292292947773161,0.6891401049010544,-0.0036879290797755863,0.3895793789931298,1.237924435408423,1.1734572386893234,1.1484196364266746,0.3895793789931298,0.9999967043819782,0.7838778596961936,-0.11130136468119461,1.8371715868694403,0.5450277307068593,3.2956180218146613e-06,0.9999967043819782,6.869792498370834e-05,0.5758385363018085,0.0006268815270625982,-0.006909238060521896,-6.698203224946678e-06,1.0,0.005134294673648465,0.0981773996717026
351,-1.0,0,0,0,1.0,0.0002485094970303173,0.2065569978263681,0.6812763525180552,0.1121666496555767,1.0,-1.2454963678042104,1.665958914466915,0.9947661736061981,-0.4290326460833273,0.6910862345122746,-0.004432955950541777,-1.3353626220495256,-1.1958902956617101,-1.3813026904139312,-1.0827750512430243,1.3353626220495256,0.9941846373402201,0.04594006836440556,0.6390608028623045,1.8324524378423075,0.02847011877530831,0.005815362659779888,0.9941846373402201,0.02647822686340572,0.0638004809259293,0.08911875134895517,-0.000447867048750283,-0.0007516862938265934,1.0,0.005248469058476633,0.09671565476975312
352,-1.0,0,0,0,1.0,1.068613175231218e-05,0.2410019286564263,0.6125757962221065,0.14642227512146735,1.0000000000000002,-1.7177123891657358,1.6659589375238473,0.9952895562455784,-0.42745716856768556,0.6930309956420122,0.002181862544609902,-1.6640402909105725,-1.8910861442645117,-1.080722649716978,-0.966315713515005,1.6640402909105725,0.9947661736061981,0.5833176411935945,0.9021995866451307,1.8350673341594024,0.4038893928849744,0.005233826393801877,0.9947661736061981,0.5645969641789695,0.4868195859018232,0.01308894705112231,0.0009333285393257558,0.006618096205534167,1.0,0.0047254824130352644,0.09743556654470663
353,-1.0,0,0,0,1.0,4.5275431610033334e-05,0.10508430509855236,0.6958606042839679,0.19905509061747984,1.0,-1.5010425106237193,1.665959014353462,0.9957606006210206,-0.4265648646318253,0.694974252694981,0.004211654473348823,-0.4683559106493953,-1.7138012478059832,-1.302447892637173,-0.9745519151359089,0.4683559106493953,0.9952895562455784,0.8340919819877777,-0.05277244004816928,1.8376139853244273,0.5860462499360543,0.004710443754421645,0.9952895562455784,0.2771923471371092,0.25623439495811046,0.10751577206150949,0.00025149542614798514,0.002036118900907197,1.0,0.00481777170659301,0.09222590591944008
354,-1.0,0,0,0,1.0,0.00010253007801594347,0.23737844512247888,0.5970275500285641,0.165594004848957,1.0,-1.378373018769044,1.6659591581450979,0.9961845405589185,-0.42983466096555756,0.6969158667713119,0.005900270805481848,-1.6804452883827976,-1.3937860527776915,-0.8897837628837314,-0.989318075502997,1.6804452883827976,0.9957606006210206,0.7906615254990662,0.9177913660744129,1.8400989434091546,0.5576747223226951,0.004239399378979436,0.9957606006210206,0.15136374887974702,0.4776568243830012,0.009907079388589694,-0.00391551690603905,0.0016974800338938878,1.0,0.004337662838186936,0.09513687226200512
355,1.0,1,1,1,1.0,0.999803808496264,0.215987976140488,0.638722374993762,0.1452896488657499,1.0,1.280977247158532,1.6659591583239985,0.9999973305494023,-0.42969440216484883,0.698865984981496,0.004744389701044024,1.4906249560626237,1.279467579175721,0.9759512114069993,1.285384417279003,1.4906249560626237,0.9999970339437804,0.5146737446556244,0.7626653038845413,1.8469124558066592,0.3661718920644189,2.9660562196331952e-06,0.9999970339437804,1.9423148470773192e-05,0.04212367876019091,0.09574890889622585,-0.0005052510673406416,-0.001148753828973061,1.0,0.004335994535933709,0.09387679228876815
356,1.0,1,1,1,1.0,0.9998195665736286,0.1230511063433895,0.7104208878842859,0.16652800577232457,1.0,1.2935443501744384,1.6659591584735296,0.999997597494462,-0.42992008788139296,0.7008131788134684,0.005139256012175204,0.656624363557072,1.4214180865191488,1.2186592625414547,1.0320992776326359,0.656624363557072,0.9999973305494023,0.5620348989843827,0.0956050886808088,1.8488629151133085,0.3981688189901119,2.669450597680978e-06,0.9999973305494023,0.06835352595638837,0.14098141110005208,0.03480462796917872,-0.0008715346217239645,0.0004025867758465158,1.0,0.004334493063905807,0.09514667450117942
357,-1.0,0,0,0,1.0,0.0002876306589878232,0.13027119734811296,0.7490697632283342,0.12065903942355287,1.0,-1.2235512529549226,1.6659594807402247,0.9965660865030266,-0.4291875829087563,0.7027471875322786,0.005067714537783941,-0.6589147228483718,-1.4162473181878976,-0.6368822437052585,-0.93475710542027,0.6589147228483718,0.9961845405589185,0.022032479143113348,0.09721169039730454,1.8464254004562246,0.020561991412354548,0.0038154594410815257,0.9961845405589185,0.08340205965026669,0.07608902002294145,0.08872943324173725,8.77564755279029e-05,-6.392848309764677e-05,1.0,0.0039023950823403398,0.09541717849589089
358,1.0,1,1,1,1.0,0.9999335603107242,0.22341808833528332,0.5954044826080492,0.1811774290566675,1.0,1.443484913544051,1.6659594807955236,0.9999978377450158,-0.4303072940252811,0.7046885602756536,0.0038041221202622347,1.6271698525079277,1.604662819066406,0.6872947739774498,1.134699884339592,1.6271698525079277,0.999997597494462,0.9398750785304779,0.8725482990975859,1.85274442465091,0.6629802695091185,2.402505537957289e-06,0.999997597494462,0.0953481942607987,0.24252666954772165,0.2001713327781606,-0.0017661417034430756,-0.0012578776622083428,1.0,0.0034448766791027106,0.09682883618449495
359,1.0,1,1,1,1.0,0.9999694594885674,0.29676430339259247,0.5113005748717557,0.19193512173565175,1.0,1.5601258750376852,1.6659594808202496,0.9999980539705142,-0.44214619994405285,0.7066270216065157,0.007162006535910362,2.176217467200658,1.4383989115563327,0.9318149922855341,1.0225776000177424,2.176217467200658,0.9999978377450158,1.244402474915124,1.3106666797352453,1.8546860736824218,0.874885854560849,2.1622549841726624e-06,0.9999978377450158,0.288958147976916,1.330884943153815,0.008237850962350727,-0.01250312154212279,0.003368643564174783,1.0,0.003443520549266523,0.10197407682356438
360,-1.0,0,0,0,1.0,0.0012271391622700936,0.17811559037373867,0.6837238107622011,0.13816059886406026,1.0,-1.0057030029007257,1.6659604979214233,0.9969094778527239,-0.4417143939726903,0.7085533751976845,0.006649561845246849,-1.187128617550935,-0.9929021193456166,-0.8351589999748134,-1.0431889982218856,1.187128617550935,0.9965660865030266,0.35196961757612166,0.5075566940966951,1.852678021084996,0.2535407388391955,0.0034339134969734175,0.9965660865030266,0.0014051998452180238,0.020718614012591657,0.04327648017067688,-0.0002317609700084836,-0.0005024553639055063,1.0,0.003510939381763707,0.10199903574876977
361,-1.0,0,0,0,1.0,0.0036193705684343905,0.22940779468024292,0.5902719168963702,0.18032028842338704,1.0,-0.8430315747368367,1.6659627611060965,0.9972185300674515,-0.4420360801192412,0.7104778319107935,0.005622639263076763,-1.6895394306853562,-0.5445632059300041,-0.7431093508892179,-1.2177657550257437,1.6895394306853562,0.9969094778527239,0.9464300797961382,0.9099171505755946,1.8549992747283168,0.6691506177025436,0.00309052214727612,0.9969094778527239,0.1404257058767991,0.22257040104538123,0.22529870198781687,-0.0009857363420229857,-0.0010184759533322135,1.0,0.0031609400166956792,0.10179050316987798
362,-1.0,0,0,0,1.0,0.000965096210059354,0.1574476437983126,0.6982346788439543,0.14431767735773307,1.0,-1.0417875720143734,1.6659634322805128,0.9974966770607063,-0.44142914574065995,0.712400150146422,0.0028200406659190207,-1.0123161773975167,-1.1357589068611293,-0.6192901740397195,-1.106513174382715,1.0123161773975167,0.9972185300674515,0.39302600335779714,0.36781686179877215,1.8572791414883625,0.28074084161353474,0.0027814699325484638,0.9972185300674515,0.004189403601944664,0.008873074241029465,0.23738625206323058,-5.620404766901762e-05,-0.0027983621815354308,1.0,0.003215435921648593,0.09887848568428391
363,1.0,1,1,1,1.0,0.9999013770019438,0.17485044896805166,0.6730329920182733,0.1521165590136751,1.0,1.3842001677459759,1.6659634323442714,0.9999982485734628,-0.43936515927374603,0.7143270446771258,0.0035606052690183515,1.1949546730416398,1.5963884115942797,0.6629109824954127,0.9804664352368133,1.1949546730416398,0.9999980539705142,0.5320436905462271,0.514534592692652,1.8623979122125132,0.37525062404827797,1.9460294857776006e-06,0.9999980539705142,0.16300092676578,0.04600520415661981,0.10084146556579593,0.0014039486713099225,0.000745913534399809,1.0,0.0032144546979100586,0.09831616969396097
364,1.0,1,1,1,1.0,0.9994538078495528,0.15743475488000025,0.7226534567921539,0.1199117883278459,1.0,1.1272746497646426,1.6659634326030797,0.9999984237161165,-0.43808047636059483,0.7162510494007766,0.004288611019212758,0.9747143914262284,1.2011366982144174,0.8824415255869428,0.8798667741943222,0.9747143914262284,0.9999982485734628,0.09227286583928562,0.3404063538672368,1.864325030536608,0.06815161135651829,1.7514265372442495e-06,0.9999982485734628,0.061210656894219145,0.008996070494570182,6.629344733801376e-06,0.0006265750367957875,0.0007344483305938242,1.0,0.003213571596545379,0.09949760577702163
365,1.0,1,1,1,1.0,0.9993107165573315,0.16723139944607046,0.6874554635011008,0.14531313705282886,1.0,1.0923361709657657,1.665963432887919,0.9999985813445048,-0.43742941462412327,0.7181721685905175,0.0021961057023212748,1.1133889308797869,1.1757272646443488,0.6735967046422466,1.0908528820908074,1.1133889308797869,0.9999984237161165,0.4397922262375402,0.4526306683432347,1.8662492366743104,0.31214316938549086,1.5762838835309267e-06,0.9999984237161165,2.200145886575058e-06,0.0005078734950192604,0.17410271761898485,-6.0680801895922255e-06,-0.0020892062096771794,1.0,0.0028429742950108537,0.09869827616682221
366,-1.0,0,0,0,1.0,0.0019849489833701894,0.10419284838125357,0.7394738289115355,0.1563333227072109,0.9999999999999999,-0.9334201192306848,1.66596454604032,0.9977470093546357,-0.4389896954976611,0.7200837275445406,0.0022494827334719313,-0.4287842049307433,-1.0178418273107792,-0.870425293557502,-0.8643823716761836,0.4287842049307433,0.9974966770607063,0.44164108862675866,-0.09440205067952862,1.8652933472103297,0.3113448677410523,0.002503322939293673,0.9974966770607063,0.004766210587399037,0.18974576287198838,3.651690486371654e-05,-0.002219754627415072,5.675632419042385e-05,1.0,0.0028922144368908453,0.09629708405283452
367,-1.0,0,0,0,1.0,0.0013325609134830548,0.13760578284784916,0.7299740278843517,0.1324201892677993,1.0000000000000002,-0.9933163426941335,1.6659652617638274,0.9979723084191721,-0.43971484010950224,0.7219930673920469,0.0023768240727698267,-0.7973330995722705,-1.024811799993087,-1.0233537697077997,-1.1899306303318171,0.7973330995722705,0.9977470093546357,0.22602067013552918,0.1988767841601553,1.8674927883023715,0.16046395182834233,0.002252990645364328,0.9977470093546357,0.03865717810327379,0.15413282115849317,0.027747850495353332,-0.0013857077166626326,0.00013091193129504552,1.0,0.0029365305645828376,0.09381888045176077
368,-1.0,0,0,0,1.0,3.348914216063205e-05,0.1818187095958765,0.6974185823682991,0.12076270803582421,0.9999999999999999,-1.5462891143458268,1.6659652869642523,0.9981750775772549,-0.4358527386242886,0.7239001120870188,0.006127704830134746,-1.2062504657568736,-1.7219500512129022,-1.0437845394223189,-0.9832580632089339,1.2062504657568736,0.9979723084191721,0.1624659263345547,0.5252855324959966,1.8696612220740947,0.11610297250695811,0.0020276915808279394,0.9979723084191721,0.3170039645443145,0.04972561159410235,0.00366345432280945,0.0032073402354025463,0.0037600861226580605,1.0,0.002976415079505632,0.10002733704021448
369,-1.0,0,0,0,1.0,0.005249423419217052,0.11806989819540327,0.7518618914846754,0.13006821031992136,1.0,-0.7869872536218566,1.665967096365777,0.9983575698195294,-0.43645886840759346,0.7258049714730397,0.005892618173597053,-0.5704729305773254,-0.8309672557801033,-0.7293016476461136,-0.9215549808276565,0.5704729305773254,0.9981750775772549,0.1588287170687882,0.020525605837571737,1.8718014513008618,0.11730780677828649,0.0018249224227451233,0.9981750775772549,0.01810847320533458,0.12325860600797603,0.036961344119413354,-0.0012618015936316973,-0.0002262344509689453,1.0,0.003012311142936146,0.0975613964736431
370,-1.0,0,0,0,1.0,0.0006948507163261107,0.1741034659622044,0.6940381442451702,0.13185838979262535,0.9999999999999999,-1.0911257574878386,1.665967395223495,0.9985218128375765,-0.4358869278214118,0.7277073503420003,0.0053519772278161105,-1.159372347181355,-1.1172827824450424,-0.8633363774320695,-1.0746531026330457,1.159372347181355,0.9983575698195294,0.2960359697492856,0.4910390093374906,1.8739161767654984,0.21311779699809694,0.001642430180470611,0.9983575698195294,0.0002713483579651314,0.007177350396836247,0.0446547583496649,-8.287202446645339e-05,-0.0005326009199003971,1.0,0.0027115938020545816,0.09755960349615825
371,1.0,1,1,1,1.0,0.998779485157302,0.16847691633466852,0.697633930148874,0.13388915351645755,1.0,1.006511481856771,1.6659673956417584,0.9999987232100543,-0.43555262698247893,0.7296112855135736,0.005163055751353491,1.1158711028217616,1.0198888604608036,0.7991975643860885,0.9392657420591465,1.1158711028217616,0.9999985813445048,0.31667353843567314,0.4568099544359975,1.8777057188881807,0.2270234541327873,1.4186554951889363e-06,0.9999985813445048,0.004521989520929834,0.031189453450093437,0.019619094396651347,-0.00032000956714996323,-0.00018116525850865817,1.0,0.0024114128251226073,0.09723999907954153
372,-1.0,0,0,0,1.0,0.0009711125672052065,0.15083097909566526,0.6919667224206166,0.15720229848371814,1.0,-1.0408511896727775,1.6659677542323454,0.9986696315538188,-0.4353736268355608,0.7315084013193588,-0.004381499749163649,-0.9876074974124797,-1.1913671549963014,-0.429401854073142,-1.3859802303789488,0.9876074974124797,0.9985218128375765,0.5582056433393376,0.35453337094750487,1.8779113702767862,0.39590700608888985,0.0014781871624235388,0.9985218128375765,0.11911405473876208,0.15870083437117372,0.9150421900158536,-0.0004750413555889397,-0.009551137623325098,1.0,0.002440434421849129,0.09928785865532978
373,-1.0,0,0,0,1.0,0.0011508392093157443,0.15801744996511013,0.7027658401550231,0.13921670987986676,1.0,-1.015342634392165,1.6659681273196318,0.9988026683984369,-0.4347418818624585,0.7334030714488455,-0.0054563327035298545,-1.028792280516273,-1.0847526170521231,-0.6496951226346889,-0.9559334733745762,1.028792280516273,0.9986696315538188,0.37909715788158416,0.3876601975774576,1.8799784776062505,0.26098651076794527,0.0013303684461811738,0.9986696315538188,0.003529448412813787,0.005308405778110968,0.09378192746388628,-2.1347488383566164e-05,-0.00108302974861287,1.0,0.002466553858902998,0.0961928533747335
374,1.0,1,1,1,1.0,0.9998662216218458,0.23479096374504965,0.5866518333554785,0.17855720289947177,1.0,1.3384398068588594,1.6659681273744993,0.9999988508890489,-0.4409714311104434,0.7352984634013114,-0.0027426402610158983,1.7530094654039163,1.3504163760126366,0.7539588437504764,0.8530384645769508,1.7530094654039163,0.9999987232100543,0.9990506216534399,0.9676656904606746,1.883401603140408,0.6938791024538781,1.2767899456589404e-06,0.9999987232100543,0.23561446308907866,0.80994780232949,0.009816771263117934,-0.006892000070884937,0.0027095723019115287,1.0,0.00219639097966422,0.09927413615502856
375,-1.0,0,0,0,1.0,0.0006040338976028201,0.175471533879449,0.6815395686337856,0.14298889748676544,1.0,-1.112157534944196,1.6659683204171654,0.9989224015585932,-0.4404363586419951,0.7371877966191335,-0.00430469770663334,-1.2100193528255174,-1.1638614788354384,-0.7456238541525059,-1.1071967496369193,1.2100193528255174,0.9988026683984369,0.46439549867301155,0.5270440511499705,1.8839215320595137,0.32233420881009217,0.0011973316015631008,0.9988026683984369,2.460939086489155e-05,0.010572487726479915,0.13073495874898253,-0.00012657454002738027,-0.0015685241922974115,1.0,0.0022198984730127025,0.0973066739258914
376,-1.0,0,0,0,1.0,8.118663999725206e-05,0.19706263489907636,0.6441668415162428,0.15877052358468086,1.0,-1.413394023016714,1.6659683500938933,0.9990301614027339,-0.43992431397307574,0.7390746107855724,-0.0027898550797678385,-1.4274359695994066,-1.5780831867296252,-0.7277853914149093,-0.9787824982623692,1.4274359695994066,0.9989224015585932,0.6996505781844973,0.7015124170375302,1.8859485584115157,0.48545070702251475,0.0010775984414067574,0.9989224015585932,0.1888871774492964,0.2012899373427738,0.0629995476457952,-0.000148833118721729,0.0015106515576420146,1.0,0.0019982808683069162,0.10100435972398891
377,1.0,1,1,1,1.0,0.998489410431712,0.15740062304975694,0.6831927050410667,0.15940667190917646,1.0,0.9744698225747295,1.665968350499858,0.999998965800144,-0.4390747329135219,0.7409614957927627,-0.007657445616221328,1.0762686660712513,1.072774490871157,0.4526332353891345,1.1031286239181892,1.0762686660712513,0.9999988508890489,0.6236354306821168,0.4210906188839253,1.8890732893079785,0.43375494639771395,1.1491109510597397e-06,0.9999988508890489,0.01655308716313584,0.0007214573355392838,0.4231442504975659,0.0001899795579311587,-0.00487909396001316,1.0,0.0019979086257114354,0.10013507961346377
378,1.0,1,1,1,1.0,0.9998445179707215,0.15325727508137207,0.7252455685234673,0.12149715639516051,1.0,1.315875074039617,1.66596835055064,0.9999990692201296,-0.44034663015683595,0.7428455507630185,-0.011439007167195531,0.9695534654255642,1.4738803776493705,0.8095558972507055,1.3753267471692578,0.9695534654255642,0.999998965800144,0.15999756817485866,0.33656803942692953,1.8909603064629281,0.10434085210617973,1.0341998559759702e-06,0.999998965800144,0.0035345014379136582,0.16465195617704698,0.32009665461756104,-0.0019334094568696,-0.0037987458381557684,1.0,0.001997573607375502,0.09936326225254068
379,1.0,1,1,1,1.0,0.9999367330809522,0.16339014972030577,0.7035974322218153,0.1330124180578788,0.9999999999999998,1.4508205841941573,1.6659683505711445,0.9999991622981166,-0.4356970725186736,0.7447267799282828,-0.00650957859487343,1.0914070556641977,1.6666457767850908,0.7506647458330978,0.8079715616433201,1.0914070556641977,0.9999990692201296,0.3407423098310999,0.43277901437452226,1.8928444803661675,0.22708060971457436,9.307798704005776e-07,0.9999990692201296,0.4132548657945668,0.08033567927085897,0.003284071138306737,0.003995030238284494,0.00491964953587512,1.0,0.001997272090873163,0.10591162133426807
380,1.0,1,1,1,1.0,0.9993293949651658,0.12570411032717346,0.7388986385461328,0.13539725112669376,1.0,1.0964583125949323,1.6659683507189735,0.9999992460683049,-0.435170835603885,0.7466051875074484,-0.0061642860150539856,0.6989911905001172,1.183432258912115,0.9908307652369908,0.9110906310565476,0.6989911905001172,0.9999991622981166,0.2918395747368736,0.12349587988142008,1.894725816571117,0.19777812372093806,8.37701883416031e-07,0.9999991622981166,0.034361177358916,0.04498617268435079,0.0063584889991150735,-0.00012749994390521746,0.0003360322603176111,1.0,0.0017784362287303025,0.10621170037914705
381,-1.0,0,0,0,1.0,0.0005486752104685058,0.17047974859767506,0.7132663212498558,0.11625393015246918,1.0,-1.126590289748535,1.665968494596197,0.9991271452624605,-0.4345119472082862,0.7484781719114343,-0.006008141888769987,-1.124277936348105,-1.1479110996514446,-0.999169167729573,-1.0147720666247095,1.124277936348105,0.9990301614027339,0.12510876861853204,0.4642515134745991,1.8954898731205923,0.08141185201791844,0.0009698385972660706,0.9990301614027339,0.012503315022569598,0.011991535503877264,0.00024345045393185343,6.141354224308012e-06,0.00014711837482365295,1.0,0.0017975448817858508,0.10168807661910235
382,1.0,1,1,1,1.0,0.9999581240426008,0.10366194952337514,0.7447320666409234,0.15160598383570142,1.0,1.5127472189123492,1.6659684946076594,0.9999993214614744,-0.43749391435056445,0.7503509526214276,-0.004813152527064783,0.451374824980051,1.7855968133001787,0.898154651865333,1.1249261257603833,0.451374824980051,0.9999992460683049,0.44677982688528206,-0.07341208722424536,1.898477304889985,0.30673773693092743,7.539316950744279e-07,0.9999992460683049,0.1504052002935858,0.4536713547828777,0.05142530137253346,-0.0036391938538715024,0.0011877587870526283,1.0,0.0017973006534189563,0.10252492125506421
383,1.0,1,1,1,1.0,0.9963604163183517,0.15402058627624401,0.7326265021231154,0.11335291160064065,1.0,0.8421887586909116,1.6659684951068277,0.999999389315327,-0.43685148453699296,0.752220924395708,-0.00476379539800986,0.9728679151577097,0.8031247008215749,0.917105967808262,0.9031181061611591,0.9728679151577097,0.9999993214614744,0.055761947349447616,0.34080041777560327,1.900350172302123,0.03422021061754855,6.785385255891896e-07,0.9999993214614744,0.003712385383150152,0.00486503585505529,0.0001956602734584943,-1.3831805662861653e-05,4.220070131629989e-05,1.0,0.0017970808478887524,0.1023234157491011
384,1.0,1,1,1,1.0,0.9998716306882041,0.10373976684375431,0.7406716646514719,0.15558856850477373,1.0,1.3446338944501766,1.665968495132126,0.9999994503837942,-0.4393066652106396,0.7540880913637827,-0.0038418928895801482,0.4667497482466654,1.5479795843494206,0.9619522195264323,1.0535440279777668,0.4667497482466654,0.999999389315327,0.4952024712797669,-0.06345168593966066,1.9022202221083337,0.34187793449782694,6.106846730524751e-07,0.999999389315327,0.08473331036292533,0.3443275267251421,0.008389059375385954,-0.0031151305963466017,0.0009161310118504727,1.0,0.0017968830229115685,0.10298419566394651
385,-1.0,0,0,0,1.0,0.00042683266704876305,0.11563857373857464,0.7579992282924171,0.12636219796900833,1.0,-1.1642914618243345,1.6659685992373632,0.9992144307362144,-0.4401863866452224,0.7559501111296258,-0.004109376128028823,-0.5777227368830705,-1.324079300506745,-0.7425744569255434,-0.9804708939226836,0.5777227368830705,0.9991271452624605,0.16485172004247284,0.022871524295816847,1.9030843084156124,0.11155431114015084,0.0008728547375395079,0.9991271452624605,0.033790001183685456,0.16220607799880485,0.05659471473593432,-0.001540992921781433,-0.00027365656262698634,1.0,0.0018141510828587793,0.09865066187291975
386,1.0,1,1,1,1.0,0.9973029807140874,0.22016038104513522,0.620210684096437,0.1596289348584278,1.0,0.8873077535623883,1.6659685995530302,0.9999995053454148,-0.44445417516900315,0.7578116844977173,-0.00421642744926043,1.638041147312214,0.6308666570317281,0.8482531665786635,0.9887494596769072,1.638041147312214,0.9999994503837942,0.7897879807335506,0.8702465312045489,1.9059494790709892,0.5487422103854566,5.49616205769432e-07,0.9999994503837942,0.010290419739424413,0.4215796956323049,0.019739208374347613,-0.004935471310714566,-0.0001133854636190784,1.0,0.001813991943859674,0.09879266141210678
387,1.0,1,1,1,1.0,0.9995584062576608,0.1740380104026743,0.6720707463920943,0.15389124320523137,1.0,1.1591872956561113,1.6659685996138003,0.9999995548108733,-0.4441064976669225,0.7596704656400451,-0.006364080553550995,1.2514692555132987,1.2574064563422944,0.625883440202024,1.061076993226369,1.2514692555132987,0.9999995053454148,0.6255858153112747,0.5567212292416357,1.9078111156449444,0.4336936432686318,4.946545851813866e-07,0.9999995053454148,0.009625631442855494,0.036249213538735,0.18939342859395342,-0.0003194829851505541,-0.0021572135658131752,1.0,0.0018138487187604802,0.09460397157100832
388,1.0,1,1,1,1.0,0.9999717307490228,0.1684819787529097,0.7143845700631679,0.1171334511839224,1.0,1.5717144390826807,1.6659685996185476,0.999999599329786,-0.44083163341828524,0.7615264587415391,-0.00391058539596366,1.1364797668971067,1.7710040970352345,0.9822990575247255,1.103980747735946,1.1364797668971067,0.9999995548108733,0.15418070937238126,0.4650773158507629,1.9096699536725494,0.1015624160071159,4.451891266743502e-07,0.9999995548108733,0.21877480602084248,0.0010561862464374913,0.014806433732659448,0.00261262343729286,0.0024476204674581965,1.0,0.0016168902679805375,0.09839056512862872
389,1.0,1,1,1,1.0,0.9997848411500173,0.14020693541487061,0.7454098124876432,0.11438325209748626,1.0,1.267118537745432,1.6659685996447642,0.9999996393968074,-0.4416004223718463,0.7633796679743949,-0.004882170584521009,0.8519286522002664,1.3999238051404472,0.9105816562446887,1.2032514741283709,0.8519286522002664,0.999999599329786,0.05865300404442231,0.2407112883419279,1.911525997970793,0.037146517435131955,4.0067021400691516e-07,0.999999599329786,0.004079001815065726,0.12342772520752662,0.0856556223000677,-0.0014321846807095308,-0.0009789194458200237,1.0,0.0016167604750130106,0.09803637906019008
390,1.0,1,1,1,1.0,0.999668804685889,0.16324794199211815,0.7025243936757993,0.1342276643320826,1.0,1.2023742577300254,1.6659685996792282,0.9999996754571266,-0.4405234145467924,0.7652300975017732,-0.004646953001102244,1.1194621406885195,1.3093005575528622,0.7435783620833443,0.952248439705989,1.1194621406885195,0.9999996393968074,0.3758837786051752,0.4539692901789693,1.9133792532807232,0.2582364744391016,3.6060319263953033e-07,0.9999996393968074,0.06256292484219333,0.02796042179627509,0.0435432012950406,0.000415230036551019,0.00022823668256583284,1.0,0.0016166436613422363,0.09904116200346065
391,-1.0,0,0,0,1.0,0.000252515711370783,0.17378948292921528,0.6869023463308329,0.13930817073995183,1.0,-1.2430883364083483,1.665968658860749,0.999292987662593,-0.4397924329292281,0.767075636949062,-0.005367218701716911,-1.2256283360818554,-1.3447636325848658,-0.7635282738219552,-1.0665892751708828,1.2256283360818554,0.9992144307362144,0.4621000622599002,0.5399792543186919,1.9143266928484197,0.31882309058082786,0.0007855692637855904,0.9992144307362144,0.0311519186177066,0.025293422895444066,0.09184597053861467,7.03019486671504e-05,-0.0007283286230508969,1.0,0.001632243423456785,0.0982630476954168
392,1.0,1,1,1,1.0,0.9995750550924168,0.08554261089706791,0.7556750792170307,0.1587823098859014,1.0,1.1649567880744227,1.665968658899308,0.999999707911414,-0.44669758380802194,0.7689205226205602,-0.006134624336112657,0.22283853389634378,1.3607909646042264,0.7405030080858936,1.0289672325041324,0.22283853389634378,0.9999996754571266,0.5176644741895499,-0.26152160581215306,1.9170752637247577,0.35699791323096797,3.2454287335337284e-07,0.9999996754571266,0.018493159224205087,0.6498434787190869,0.08321160876921599,-0.007576203833938581,-0.0007766213945401309,1.0,0.001632149453469205,0.09419245474082442
393,1.0,1,1,1,1.0,0.9999077987592405,0.25721331413737614,0.5617607378206981,0.18102594804192587,1.0000000000000002,1.3943006543230596,1.6659686589083198,0.9999997371202726,-0.45892260778665983,0.7707626410494451,-0.0015231926842691741,1.9805593767742877,1.3018350631643272,0.848246283110075,0.7695728816298467,1.9805593767742877,0.999999707911414,1.1323130936642127,1.1377499176114085,1.9189201867186862,0.7864845412288362,2.9208858598472887e-07,0.999999707911414,0.39028478997422267,1.4664882914222175,0.006189504100469185,-0.012914442017375937,0.004609143430485041,1.0,0.0014548846761346956,0.10163044489298576
394,-1.0,0,0,0,1.0,0.000363076470328511,0.1372910948302158,0.7431385712415638,0.11957033392822036,1.0,-1.1885778731598686,1.6659687321340952,0.9993636888963338,-0.4565860960412027,0.7726000944465493,6.418488897422645e-05,-0.8626163830430146,-1.322964756119005,-0.7276235165523562,-0.8146054683716193,0.8626163830430146,0.999292987662593,0.13499286649065834,0.23117049864775185,1.919949576861427,0.09297181385919165,0.0007070123374069981,0.999292987662593,0.1398553595431062,0.0023050479275839994,0.007565859942288598,0.0016506037393862667,0.0015874739952098115,1.0,0.0013094813656872285,0.10440620255620937
395,-1.0,0,0,0,1.0,0.0011909305863434976,0.10423681538864003,0.757610846612875,0.138152337998485,1.0,-1.0101973257330794,1.6659689158612745,0.9994273200067004,-0.45493944883017706,0.7744349891606054,0.0012022104187971662,-0.4936874443336158,-1.1181403553211573,-0.8079606840437842,-0.6742403473618148,0.4936874443336158,0.9993636888963338,0.3142732397101684,-0.06163614057431005,1.921868336677333,0.22005545268609208,0.0006363111036662428,0.9993636888963338,0.11286709131635035,0.032599350791910245,0.01788112844233924,0.0009632128862932812,0.0011398315544881334,1.0,0.0013221171730000104,0.09397082264009725
396,1.0,1,1,1,1.0,0.999735939175151,0.1528220652300403,0.7183200664079696,0.12885786836199004,1.0,1.2363776583798654,1.6659689158818725,0.9999997634082454,-0.4538329475594642,0.77626883596905,0.0005376903090227555,1.039666454100233,1.3660573981124888,0.7467704068663479,1.0480574317011877,1.039666454100233,0.9999997371202726,0.29289604723388507,0.37679371445000936,1.9244346868489188,0.2062294434825167,2.628797274306649e-07,0.9999997371202726,0.03546450777630853,7.040850509972437e-05,0.09077387133382939,0.00042472919125450566,-0.0006637123626902503,1.0,0.0013220410573100705,0.09393266392954099
397,-1.0,0,0,0,1.0,0.0009437343252845939,0.15696573838532216,0.7063795160454578,0.1366547455692201,1.0,-1.0451458037707895,1.6659690514475927,0.9994845880060304,-0.4533466026879051,0.7780983956599902,0.00022990530769304018,-1.0941476312822955,-1.1028175018555555,-0.6907511282073319,-0.9040945631822693,1.0941476312822955,0.9994273200067004,0.40339650307496366,0.42148515746637233,1.9256102539767554,0.2829152424614973,0.0005726799932995741,0.9994273200067004,0.019895452471560594,0.0361201686942332,0.04551542124690537,-0.00019469659467207128,-0.00030743962530413736,1.0,0.0011899054557000155,0.09384248005481131
398,1.0,1,1,1,1.0,0.9998296259404257,0.1671207259182905,0.6946421676622304,0.13823710641947914,1.0,1.3021466082440947,1.66596905146019,0.9999997870674209,-0.4519901112481455,0.7799267474291639,0.0007863453880596176,1.195955426123453,1.4379363498570932,0.7481815043605713,0.9832223823537292,1.195955426123453,0.9999997634082454,0.4477739217628818,0.5034177382108573,1.9280981235794723,0.3136716505417103,2.3659175463208726e-07,0.9999997634082454,0.10171266185976889,0.04525534791153127,0.05524421432779452,0.0006774877673788515,0.0005576213703836925,1.0,0.0010606799062066652,0.09586050382215464
399,-1.0,0,0,0,1.0,0.047871715521872985,0.13517947068211592,0.7334028604996138,0.13141766881827044,1.0,-0.44871405861879327,1.6659717086001458,0.9995361292054273,-0.45002094369571627,0.7817512930176129,0.00045487808166658,-0.862790358675131,-0.24463402891890307,-1.1616947660964954,-0.7858733630980541,0.862790358675131,0.9994845880060304,0.29890440742136437,0.23824217569195938,1.9293340236360987,0.21001943058301464,0.00051541199396965,0.9994845880060304,0.11367639659693893,0.005916224208604063,0.14124172695171677,0.0012931220686600185,-0.00033078396425733416,1.0,0.0010709149101300185,0.09756192623495868
400,-1.0,0,0,0,1.0,0.009022656033376198,0.1349373557806142,0.7255712767303208,0.13949136748906502,1.0,-0.7051369625350624,1.665972416898371,0.9995825162848846,-0.44805466381905557,0.7835729700854365,-0.002463532988818782,-0.8738626403907856,-0.7187170698714547,-0.4712821138262263,-1.1088515691559748,0.8738626403907856,0.9995361292054273,0.40258052656455934,0.24906916861691225,1.9312178416038543,0.2822612466768581,0.0004638707945726628,0.9995361292054273,0.16298548359907805,0.055219796642211154,0.40649481036947216,0.0012931882434824027,-0.002922111921244729,1.0,0.0010801264136610356,0.10082026194844057
401,-1.0,0,0,0,1.0,0.0003346874126777202,0.12812310240163913,0.7596112643968184,0.11226563320154255,1.0,-1.2007970140486846,1.665972457166343,0.9996242646563961,-0.4471826964085977,0.7853919870227023,-0.002107040376172833,-0.7516653233542983,-1.3379440807288718,-0.7854044330717939,-0.957659621144948,0.7516653233542983,0.9995825162848846,0.03373910971749561,0.15327759486438308,1.9330928638130538,0.021153843813428143,0.0004174837151154076,0.9995825162848846,0.05911579182802598,0.04243365072226287,0.02967184981811769,0.00020018569326915733,0.0003533273041188995,1.0,0.000972168834767746,0.10147301324773297
402,1.0,1,1,0,0.0,0.999543270461659,0.16963914431708516,0.663450661148407,0.1669101945345079,1.0,1.1541250719861587,1.9428359059670446,0.8999998083606788,-0.446553753721207,0.79882859852926,-0.008327683075270664,1.2734918119114056,1.293938481399223,0.47706294975619956,1.199184673166219,1.2734918119114056,0.9999997870674209,0.796428862155206,0.5716107531205268,1.935391742150236,0.5553931631324713,-0.9999997870674209,0.9999997870674209,0.002030367658506097,0.005521550868496408,0.5214597834206567,-4.1894198519883735e-05,-0.006233152989145807,0.98,0.020867488048240127,0.09022168131732372
403,-1.0,0,0,0,1.0,6.451560178863736e-05,0.10912191156776434,0.7612693688897886,0.129608719542447,0.9999999999999999,-1.2415535105023825,1.9428359131901423,0.9996618381907565,-0.44847010580816127,0.8006248429994361,-0.008576495918902922,-0.5655358829328212,-1.408248309262373,-0.8316172912194507,-1.063184753527021,0.5655358829328212,0.9996242646563961,0.2660814082866295,0.005874952625050001,1.9483965028841155,0.17792930272537,0.00037573534360391125,0.9996242646563961,0.031815413464935605,0.24765439840368253,0.05362348959956794,-0.0025900678192649633,-0.00026169691361558803,0.98,0.02078079388002377,0.08531414264388022
404,-1.0,0,0,0,1.0,6.560116611244888e-05,0.15462204627071233,0.7394078225808363,0.10597013114845141,1.0,-1.2394061970645696,1.9428359197888823,0.9996956543716808,-0.4465778009075313,0.8024184943624163,-0.007262282296720958,-1.0423002058044226,-1.3121733948215506,-1.0192714921706216,-0.8826520423475619,1.0423002058044226,0.9996618381907565,0.02302871363380099,0.3853700588353769,1.9502359569188061,0.007543603624757769,0.000338161809243509,0.9996618381907565,0.12727352690784663,0.02548753609514852,0.018664874069955536,0.0012214318897523773,0.0013033038340546932,0.98,0.02070276912862905,0.08483233820444223
405,-1.0,0,0,0,1.0,4.4420094869060997e-05,0.15522157837131967,0.7126599872322541,0.13211843439642632,1.0,-1.289580617772819,1.942835923973023,0.9997260889345128,-0.4444325286777799,0.8042095462934369,-0.005593803230060896,-1.0931193766987835,-1.441365262287846,-0.7016549490446983,-0.8779671570094532,1.0931193766987835,0.9996956543716808,0.3914644276540852,0.42791770045149546,1.9520684968898494,0.2667628170611387,0.0003043456283191581,0.9996956543716808,0.16942564108159497,0.04629047763724584,0.031085994677406976,0.0014776219613321896,0.001660075756850256,0.98,0.020708796720071043,0.0882204625631047
406,1.0,1,1,1,1.0,0.9999809855601008,0.15415423295552766,0.7032149099962623,0.14263085704821,1.0,1.3987661958484077,1.9428365622963846,0.909999827524611,-0.4407505542997522,0.8057291604895183,-0.003541049026968972,0.9574161491325874,1.6572981750580098,0.6011297872259861,0.8929947780549704,0.9574161491325874,0.8999998083606788,0.35628636190660135,0.3215003906282901,1.8392093259082174,0.24380665010456004,0.10000019163932117,0.8999998083606788,0.25580472705678364,0.004150113051520032,0.0851851728716031,0.0030198553680631634,0.0020474346502221664,0.98,0.02270874716384551,0.0919694865851126
407,-1.0,0,0,0,1.0,4.156725072035396e-06,0.24650168738713618,0.5633362561386593,0.19016205647420445,1.0,-1.5944185836003786,1.9428365627320714,0.9997534800410615,-0.44774762540904955,0.8075153283097749,0.0016418768209331444,-1.9620710603247797,-1.7304058495147085,-0.7149922866407583,-0.909024795517174,1.9620710603247797,0.9997260889345128,1.2470787736840214,1.1289062939600716,1.9554141627642079,0.869414092551846,0.0002739110654872423,0.9997260889345128,0.4697646447430448,1.1089064358252503,0.037648614500876317,-0.007669701492986466,0.005185392362906022,0.98,0.022637916196333627,0.09969673828696816
408,1.0,1,1,1,1.0,0.999301684482542,0.1815129003951041,0.688630621727036,0.12985647787786003,1.0,0.9349912785411668,1.9428506658077378,0.9189998447721499,-0.44652489540640455,0.8090576972132212,0.0017037694868264183,1.2104805795624698,0.8600206958526716,0.9474833539333981,1.156214136007763,1.2104805795624698,0.909999827524611,0.2629972256290717,0.5206368382409263,1.8540151299630774,0.1857399347612833,0.09000017247538905,0.909999827524611,0.04893955266568589,0.002944846896076189,0.04356853938537597,0.0005519364692353165,6.445215936371907e-05,0.98,0.024437871595730645,0.0987685654550659
409,-1.0,0,0,0,1.0,0.000179423116115299,0.16188533114148912,0.7016132168191279,0.13650145203938305,1.0,-1.1099134479115014,1.9428506775900585,0.9997781320369553,-0.4457816431694502,0.8108389466196799,-0.0009094736472120986,-1.1735063347692922,-1.1718135795501177,-0.7163300447678236,-1.1899171020609018,1.1735063347692922,0.9997534800410615,0.45717629000146864,0.49228017240902927,1.958774199260442,0.3217271724878545,0.0002465199589385403,0.9997534800410615,0.006400584677256883,0.0002693132830993641,0.22428470083551738,7.357525672989022e-05,-0.002614609393899126,0.98,0.02444275874980974,0.09311741418907275
410,1.0,1,1,1,1.0,0.9997780591811776,0.1340922746008549,0.7474581201451392,0.11844960525400583,1.0,1.082543028795263,1.9428553482628614,0.927099860294935,-0.44634467979991804,0.8124000573386814,-0.002447146881952347,0.744150391913994,1.2028532270237762,0.7064253024504021,1.0652362734351628,0.744150391913994,0.9189998447721499,0.03772508946359188,0.149538670361745,1.8676887681076522,0.025498088977302213,0.08100015522785009,0.9189998447721499,0.00029952378109436014,0.10309614331222604,0.12874531289902677,-0.00123355943437358,-0.001541349469415189,0.98,0.025994083584427275,0.09309530066779026
411,1.0,1,1,1,1.0,0.9999509631076523,0.21474415362184993,0.6135737948633917,0.17168205151475854,1.0000000000000002,1.2768434624929188,1.9428564437321307,0.9343898742654415,-0.45180540467759484,0.8139804615430377,0.0024814831031534953,1.5938204636448674,1.3199872401524275,0.7261694206864725,0.6283003472529489,1.5938204636448674,0.927099860294935,0.8676510429583949,0.828711691115976,1.8785648966778565,0.604908583188924,0.07290013970506504,0.927099860294935,0.42060817232516484,0.9322290951574638,0.00957835553473643,-0.0061394510739875875,0.004932357801485141,0.98,0.027390275935583047,0.09869894999675757
412,1.0,1,1,1,1.0,0.9992567384418692,0.1481433021941506,0.7155800860775027,0.13627661172834668,1.0,0.9269494705507932,1.9428672924856916,0.9409508868388974,-0.4510268692734036,0.8155787364110376,0.00032831686960568254,0.9567759525490158,0.9770263447833761,0.6315751799855547,1.0829269026056942,0.9567759525490158,0.9343898742654415,0.32520077256346114,0.3136153573616179,1.8885288169482954,0.23012202389757627,0.06561012573455849,0.9343898742654415,0.024328959310441257,0.015914062200202573,0.2037183775121674,0.00010097876532286421,-0.0021526730184207137,0.98,0.02864684905162325,0.09910174111092751
413,-1.0,0,0,0,1.0,5.4382559871101854e-05,0.11179476616170271,0.7699581231561717,0.11824711068212555,1.0,-1.2635207638790564,1.942867296144569,0.9998003188332598,-0.4540677745196512,0.8173502703284574,-0.001827487118123415,-0.6083488437484451,-1.4392072631037949,-0.7389713246375064,-1.1727066330153675,0.6083488437484451,0.9997781320369553,0.13062248088906125,0.03565220572535255,1.965323588253536,0.09176405349194856,0.00022186796304468626,0.9997781320369553,0.008247206364527221,0.31849971430624796,0.18812631773363828,-0.0037230300953006493,-0.002158549336429333,0.98,0.028651247490294428,0.09600666670290245
414,1.0,1,1,1,1.0,0.9997006541560709,0.17131872002657494,0.6909759324493703,0.13770534752405472,0.9999999999999999,1.0440254475671251,1.9428717251777972,0.9468557981550076,-0.45393747310735916,0.818960770984323,-0.0021778059859589353,1.1986653163217897,1.0569405888336825,0.7868331395246606,0.9727130317549757,1.1986653163217897,0.9409508868388974,0.41183217679712913,0.5048644785377806,1.8994437901931893,0.28645503663986693,0.05904911316110262,0.9409508868388974,0.005085460648964899,0.05105443490096251,0.03455133433555355,-0.0005516276910239714,-0.00035359048423906387,0.98,0.029832194724985737,0.09488416277799738
415,-1.0,0,0,0,1.0,0.001563150529983327,0.07379037609667913,0.7549511015552365,0.17125852234808425,0.9999999999999999,-0.8311778212859052,1.9428717874426686,0.9998202869499339,-0.4673853540793519,0.820727295732638,-0.0038376611010916806,0.12155493457401123,-0.9824642555493293,-0.5747739283820719,-0.9736458835894929,0.12155493457401123,0.9998003188332598,0.6963288629560831,-0.35669352544815014,1.9687311376425716,0.4852523980832992,0.00019968116674018432,0.9998003188332598,0.020297148776538935,1.199464832106009,0.1590988366509909,-0.014150012199953642,-0.0016656202544934235,0.98,0.029836156822642866,0.09529006175061042
416,-1.0,0,0,0,1.0,0.00012879693232332375,0.07997830200477506,0.7692475043431931,0.1507741936520319,1.0,-1.1525650862049113,1.9428717938453492,0.9998382582549404,-0.47395922491169623,0.8224912206116579,-0.004664269215191508,-0.21781072853212635,-1.336439807820883,-0.7102804831079575,-1.0099558361554757,0.21781072853212635,0.9998202869499339,0.4924697545758312,-0.2931367712536508,1.970520625725062,0.34089116710199013,0.0001797130500661437,0.9998202869499339,0.020337398199662442,0.6274938715316077,0.08980531722415463,-0.0072858776799833444,-0.0008336150282939063,0.98,0.029789684624858318,0.09560148550285569
417,1.0,1,1,1,1.0,0.9992613008921734,0.17569569391501305,0.6820312277634792,0.1422730783215078,1.0,0.9277350327425984,1.9428805347958662,0.9521702183395069,-0.4725891020957241,0.8241101908949056,-0.005747438049345307,1.2862658185279718,0.8645022485897844,0.7881050899440224,1.1837225959177289,1.2862658185279718,0.9468557981550076,0.49816072858394944,0.5550534299106813,1.9113753884899167,0.34404824079357305,0.053144201844992356,0.9468557981550076,0.06552963250034143,0.010515112503293842,0.15651321103285568,0.000660174239964571,-0.0010918029423901711,0.98,0.03080750884885088,0.09613893459079703
418,1.0,1,1,1,1.0,0.9999873769053906,0.13239292150474524,0.7521208504625193,0.11548622803273553,1.0,1.451449238775594,1.9428807451142953,0.9569531965055562,-0.4720241153929695,0.8257405870702418,-0.005376030132546552,0.8182152584491036,1.6489357781921663,0.8912261850704308,1.1443148625003732,0.8182152584491036,0.9521702183395069,0.07301092662132724,0.18198310466355888,1.9191059419853385,0.04536021058558376,0.04782978166049312,0.9521702183395069,0.09433152508996889,0.1063409517623948,0.0640538786432374,-0.00014411312006911092,0.0003633317573607779,0.98,0.03172355065044418,0.09168548580171013
419,1.0,1,1,1,1.0,0.998192252391605,0.11021689603188485,0.7548684119953859,0.13491469197272918,1.0,0.8124358965681129,1.9428959183795158,0.9612578768550006,-0.4737193368354421,0.8273824799327042,-0.004781151668257176,0.5927095495289811,0.8302442528178906,0.8922981427550438,1.158986642353042,0.5927095495289811,0.9569531965055562,0.2995885932260627,0.00214352423021541,1.9262367630516315,0.2043359851256973,0.043046803494443786,0.9569531965055562,0.12009741940409052,0.32066974585727,0.07112275581783144,-0.0024068679174381537,0.0005876959630351091,0.98,0.03254798827187815,0.09372526472568525
420,-1.0,0,0,0,1.0,3.355059307924864e-05,0.1841490101993925,0.6721481349323264,0.143702854868281,1.0,-1.3256529040765388,1.9428959201060032,0.9998544324294464,-0.47363329408322463,0.8291364702307029,-0.00594000134627693,-1.4452279081889237,-1.401484315300064,-0.8177328607206487,-1.1674898718719269,1.4452279081889237,0.9998382582549404,0.627495047468275,0.682462989715697,1.9771964769258856,0.4344653815595353,0.00016174174505956262,0.9998382582549404,0.025015544756157106,0.07713841681722143,0.12232996684947535,-0.0006254744647327719,-0.0011677730651198188,0.98,0.03251837450316993,0.09422014865364908
421,1.0,1,1,1,1.0,0.9997949574098824,0.13796931334434884,0.728334141733029,0.13369654492262198,0.9999999999999998,1.0927100742040399,1.942898003367011,0.9651320891695006,-0.47402453903153646,0.8307839226853899,-0.0054418849676952305,0.930609609081659,1.0888371897402578,1.2810892418352673,1.2952673751651211,0.930609609081659,0.9612578768550006,0.3504796327536083,0.2708543931821026,1.9345830286139536,0.23939574158124885,0.03874212314499936,0.9612578768550006,0.04102946017263805,0.132975286364981,0.00020101946471911256,-0.0011033499143081151,0.0004899412884950273,0.98,0.033293188592960016,0.09495029806668326
422,-1.0,0,0,0,1.0,0.001037943512549474,0.13382989955274716,0.7532667651311357,0.1129033353161171,0.9999999999999999,-0.8839212635937116,1.9428980354196044,0.9998689891865018,-0.47321007188555425,0.8325328564040089,-0.0050271853748526515,-0.9084890142957278,-0.8569947859679847,-1.034447561521364,-1.0718855076004827,0.9084890142957278,0.9998544324294464,0.12595854722563615,0.25276667240504586,1.9806165199792531,0.08272909809025006,0.00014556757055361746,0.9998544324294464,0.035330557025037,0.02669841402429082,0.0014015998066230042,0.00010358571600895416,0.000407147486620968,0.98,0.03326653620112261,0.09327462811240875
423,-1.0,0,0,0,1.0,1.0066145946763679e-05,0.16139054960934174,0.720944827044198,0.11766462334646015,0.9999999999999999,-1.4805618172919872,1.9428980358882106,0.9998820902678516,-0.46958084639357617,0.8342792039378883,-0.0011060423581861077,-1.1985710697949519,-1.6304404324002535,-0.9490208260851448,-0.9075493022869177,1.1985710697949519,0.9998689891865018,0.24955024370980705,0.48564678395040733,1.9823821939684858,0.16965798522201228,0.0001310108134982002,0.9998689891865018,0.32834334235243506,0.08469366916350032,0.0017198872861469217,0.002923796078267217,0.003919481460795458,0.98,0.03324254904846896,0.09977090599120116
424,-1.0,0,0,0,1.0,5.7836971199970936e-05,0.1835091831169209,0.6308084403437808,0.18568237653929823,0.9999999999999999,-1.255575991089763,1.9428980379431993,0.9998938812410664,-0.47154577934289504,0.8360229673305559,-0.0036439265208301702,-1.5237336615454509,-1.4191796582468474,-0.43475512479992273,-0.9742719992337544,1.5237336615454509,0.9998820902678516,1.088978536745528,0.7494060828427846,1.9841436077459176,0.7611789333636835,0.0001179097321484246,0.9998820902678516,0.07913193583412537,0.30190811835033277,0.2910784577988509,-0.002673314190194489,-0.0025433582635767064,0.98,0.03324488170731302,0.09664125544610211
425,1.0,1,1,1,1.0,0.9998416593089999,0.1595916434189389,0.6741816775989595,0.1662266789821016,1.0,1.1259730374527412,1.9428995299049705,0.9686188802525505,-0.47113954143852693,0.8376704976337954,-0.007936107297825012,1.220736684261472,1.2736981800897487,0.43584873659070794,1.0407736643764314,1.220736684261472,0.9651320891695006,0.784887947670764,0.5050435680662826,1.9459248698754814,0.5457776368487046,0.03486791083049945,0.9651320891695006,0.0072589331725962354,0.032386688526143514,0.36593416825656266,-0.00030153306424256736,-0.004304102821007598,0.98,0.03391829329189174,0.09678594192173673
426,-1.0,0,0,0,1.0,1.766281352940182e-05,0.11786939622261196,0.7664914673477292,0.11563913642965895,1.0,-1.4082086113509795,1.9428995305384467,0.9999044931169597,-0.4703038300987347,0.839409205822298,-0.00923541784514339,-0.7330520450507292,-1.6363362222461066,-0.584287114410788,-1.0626571268838558,0.7330520450507292,0.9998938812410664,0.14876493063994123,0.11530209460205648,1.9875484610610217,0.09619934415013384,0.00010611875893362654,0.9998938812410664,0.11940582841743283,0.1086395099702221,0.22883786883348312,0.0001291958213665287,-0.0013131844849926034,0.98,0.03389886369824228,0.09539631494109946
427,-1.0,0,0,0,1.0,0.0001826435091738845,0.16310166811446855,0.7091956716976135,0.12770266018791787,1.0,-1.1075960885816383,1.9428995351753877,0.9999140438052637,-0.4705763798215344,0.8411453347541273,-0.008482351409073894,-1.237306836290683,-1.127491914618021,-0.8314383877030797,-0.8578172033676885,1.237306836290683,0.9999044931169597,0.4058684485876033,0.5195416389338117,1.9892993729068018,0.2748724961661789,9.550688304027499e-05,0.9999044931169597,0.062389491498723484,0.14401238149602905,0.0006958419158674142,-0.0009794746799676667,0.0007403237949942729,0.98,0.03390075085368406,0.09631304302781121
428,1.0,1,1,1,1.0,0.9999500131184976,0.18207530538964528,0.6385878312229123,0.17933686338744256,1.0000000000000002,1.2743453520731436,1.9429000149340896,0.9717569922272955,-0.4725264400868124,0.8427945328260757,-0.006730086449885591,1.4634932119266546,1.4455403969148075,0.47271302711390195,0.7829767313037359,1.4634932119266546,0.9686188802525505,0.9907801848127527,0.7002181897197894,1.9550570470445603,0.6850637779598528,0.031381119747449504,0.9686188802525505,0.24144312147682997,0.4631026803994033,0.09626356613759679,-0.0026599147070708795,0.0017421546640707982,0.98,0.034528352564635933,0.10107121542858953
429,-1.0,0,0,0,1.0,0.00014380865705948718,0.1291268599800005,0.7528416029935748,0.11803153702642474,1.0,-1.1383605725213217,1.9429000183112626,0.9999226394247374,-0.4726042727753339,0.8445256094604913,-0.0067461634588702486,-0.8777032550433976,-1.191117341835682,-1.0870214982763242,-1.1339641886360026,0.8777032550433976,0.9999140438052637,0.20931824323292658,0.2296361639479058,1.992695683202129,0.139792683813163,8.59561947362808e-05,0.9999140438052637,1.9328191267093948e-05,0.06566966608575348,0.002203616178204639,-0.0007878040547338365,-2.6211455843250537e-05,0.98,0.03453005307293325,0.09280650467652354
430,1.0,1,1,1,1.0,0.9997910995255589,0.11844645084356147,0.7584151192110832,0.12313842994535538,1.0,1.090308767320369,1.942901562182648,0.974581293004566,-0.4742439102866041,0.8461782597320622,-0.007315298527263104,0.7223506296404726,1.1725238581943798,0.9378800536580141,1.1726724998774474,0.7223506296404726,0.9717569922272955,0.2155294240175415,0.10527623093704419,1.9620461505218811,0.1441244333534088,0.028243007772704498,0.9717569922272955,0.006783784440733919,0.20278978681372675,0.05512749280170547,-0.002352072028475914,-0.0005801245003316587,0.98,0.03509489647434967,0.09225495681815991
431,-1.0,0,0,0,1.0,0.0009120129745679316,0.09625896546364643,0.7767282247156241,0.1270128098207295,1.0,-0.9005788106574468,1.9429015774320801,0.9999303754822636,-0.47975192872420247,0.8479042847671625,-0.008989047658053133,-0.47785600977499143,-0.9770985422414438,-0.753001760716027,-1.3031665692077008,0.47785600977499143,0.9999226394247374,0.27514575094103555,-0.09195910246661093,1.99608929507051,0.18528672713146177,7.736057526264162e-05,0.9999226394247374,0.1620769033345176,0.6811375195111317,0.30268131650268015,-0.006228727394119368,-0.0016872529580179505,0.98,0.0350770469139096,0.09524642858439886
432,1.0,1,1,1,1.0,0.9997786590237269,0.1544129192915676,0.7366202473751609,0.10896683333327141,0.9999999999999999,1.0828629842439665,1.942903039609343,0.9771231637041093,-0.4790817682816288,0.8495594752637192,-0.009352973527532043,1.1074781468244757,1.0599805423087154,1.2026679792746293,1.0113100537539759,1.1074781468244757,0.974581293004566,0.09518983245015367,0.4062305887353781,1.9686727717224133,0.05764383505705443,0.025418706995434026,0.974581293004566,0.005119821861705437,0.009248302124816308,0.036617855659567954,-4.9541763157330454e-05,-0.0003779764055743502,0.98,0.035585405975184385,0.09234072101576124
433,-1.0,0,0,0,1.0,2.3767461423185256e-05,0.18161609668801051,0.6868972107120619,0.13148669259992762,1.0,-1.3700078046872655,1.9429030401534437,0.9999373379340373,-0.4789457197389186,0.8512804483670345,-0.008085888364321118,-1.4353395190215352,-1.4374574000071079,-0.9274061338607271,-1.0305666833990004,1.4353395190215352,0.9999303754822636,0.5079333851608081,0.6691898469355995,1.9994794070683222,0.3462003960850336,6.962451773639966e-05,0.9999303754822636,0.1152202748214347,0.16384104845790762,0.010642098981038529,-0.0005834492836376751,0.001254938110084754,0.98,0.0355867848947686,0.09457087880452693
434,1.0,1,1,1,1.0,0.9999653341740646,0.14975151917042873,0.7020975928308281,0.14815088799874315,1.0,1.3214403036311348,1.9429032916640514,0.9794108473336984,-0.4773293810422452,0.8529373628949412,-0.01003910441955128,1.136028465663355,1.5288937492267198,0.5257187122069569,1.0266461958049464,1.136028465663355,0.9771231637041093,0.6103097534563982,0.4298770527917655,1.9749720866267602,0.4191309390551576,0.022876836295890657,0.9771231637041093,0.08690356600903841,0.011964480959377723,0.25092834382381407,0.0008992690205959282,-0.001968297333777308,0.98,0.03604430940699295,0.09461428391744921
435,-1.0,0,0,0,1.0,0.00016141090316420395,0.15254791219167343,0.7368841143078875,0.11056797350043915,1.0,-1.1234985117708778,1.9429032943912785,0.9999436041406335,-0.4766484150427285,0.8546532880507567,-0.009651418227739832,-1.1315534593629675,-1.1455098067779024,-0.9656902558029933,-0.9460604293297032,1.1315534593629675,0.9999373379340373,0.1658632035599742,0.4279133864481288,2.002865301519084,0.10606513807243065,6.266206596272639e-05,0.9999373379340373,0.03148427310040105,0.034407664190921464,0.0003853300873714783,-3.508069308624498e-05,0.00037318731615635487,0.98,0.03602810555356142,0.09456816935578352
436,1.0,1,1,1,1.0,0.999681369468115,0.12637595994188885,0.7669783171548415,0.10664572290326964,1.0,1.0359701992905395,1.9429049255054718,0.9814697626003286,-0.4767013659841015,0.856311391226088,-0.010567468502663508,0.818033649414352,1.1056953237404155,0.7927750929994449,1.0740395942888674,0.818033649414352,0.9794108473336984,0.02525855641490704,0.1777785044887531,1.98097576248451,0.008029571262695094,0.02058915266630157,0.9794108473336984,0.0014492788355387174,0.06553904381109345,0.07910971968558754,-0.0007690771797066567,-0.0009319252902005859,0.98,0.036439877614563326,0.09439134653770581
437,-1.0,0,0,0,1.0,0.0034018895371743223,0.14970631278871332,0.7014021440165127,0.14889154319477402,1.0,-0.7308665097063545,1.942904959157925,0.9999492437265702,-0.47492270482887605,0.8580222745173819,-0.012888581515198767,-1.1731774595463351,-0.6841719750301319,-0.5061049554044863,-1.0523668247033717,1.1731774595463351,0.9999436041406335,0.6670725041418488,0.4618406016529666,2.0062465359878168,0.4563832843966307,5.639585936645375e-05,0.9999436041406335,0.10336245254318131,0.014595209491159842,0.2984020298499126,0.0010652069166242576,-0.0023404749276807755,0.98,0.03644099563865896,0.09626608295971233
438,-1.0,0,0,0,1.0,0.0006990211909554632,0.07320156442745637,0.7769895559797741,0.1498088795927693,0.9999999999999999,-0.9348283095659439,1.9429049671181102,0.9999543193539132,-0.4838264659031019,0.8597306047646988,-0.014323531641253542,-0.15084561690081377,-1.056615514944596,-0.6862540785506255,-1.0546781422595568,0.15084561690081377,0.9999492437265702,0.5354084616498117,-0.35424621130822503,2.0079639048029376,0.3618973416396694,5.0756273429763965e-05,0.9999492437265702,0.014363982396687012,0.8169132338963628,0.1357362907198027,-0.00963059101799611,-0.0014564676998773882,0.98,0.03644200186034502,0.09217786648722921
439,1.0,1,1,1,1.0,0.9997070024284026,0.16805971852942428,0.7184614078573002,0.11347887361327562,1.0,1.046764166830043,1.9429063310889736,0.9833227863402957,-0.4837626816396677,0.8613866223722674,-0.014302679406703898,1.274318361695964,0.9930755177713547,1.049676853912499,1.0391507934857533,1.274318361695964,0.9814697626003286,0.22464150778346492,0.5356282234536691,1.9884208317550764,0.14292552380717188,0.018530237399671412,0.9814697626003286,5.796345367953904e-05,0.05530378513790404,0.00011079794810750066,-0.0006629498602106939,-6.340139331355395e-07,0.98,0.036812598594934166,0.09209744572000149
440,1.0,1,1,1,1.0,0.9999085325063135,0.18012879673017596,0.6918762680485548,0.12799493522126915,0.9999999999999999,1.1965882359559823,1.942906769161727,0.9849905077062662,-0.4849841190223217,0.8630451004733178,-0.01343200603733771,1.4127943805951637,1.1846324508040769,0.9569457171796745,0.9288913169467155,1.4127943805951637,0.9833227863402957,0.45584866341548924,0.6464728228364633,1.9922078266636074,0.30479138498413855,0.016677213659704315,0.9833227863402957,0.07166164044705398,0.23416217500835418,0.0007870493724310511,-0.0019500064147356024,0.0008504950928954751,0.98,0.0371461356560644,0.0922794200320987
441,1.0,1,1,1,1.0,0.998738013987042,0.1556613719013918,0.7206187740432409,0.12371985405536733,1.0,0.8587398429378447,1.942910673014213,0.9864914569356396,-0.4869660538716644,0.8647058133096169,-0.01330478281173469,1.185426258718994,0.7926960469483966,0.8323895341062055,0.6759966717260879,1.185426258718994,0.9849905077062662,0.35303672461278857,0.4633568879528736,1.9957841843355237,0.23369370119161426,0.015009492293733828,0.9849905077062662,0.03339506662452944,0.259518504103763,0.02445872740344641,-0.0027134812497508023,0.00010723607065299638,0.98,0.03743061411666337,0.09232428299223516
442,-1.0,0,0,0,1.0,0.00042387040864338353,0.11761894424037246,0.7644727492626134,0.11790830649701413,1.0,-0.9992300388580257,1.9429106776576768,0.9999588874185219,-0.4874734793710568,0.8664041317029554,-0.017038276824873078,-0.7873538348138908,-1.09946980604921,-0.560669631054444,-1.1370927502765715,0.7873538348138908,0.9999543193539132,0.22668420375944676,0.14291701397944828,2.014653280566617,0.14537415981987803,4.568064608678757e-05,0.9999543193539132,0.019006127199673234,0.12231730898901216,0.33226361237376706,-0.0012397341814720671,-0.0037590898220891257,0.98,0.03743152123872763,0.0923345423517445
443,1.0,1,1,1,1.0,0.9992648837367412,0.10627938778313224,0.7840463251490647,0.10967428706780306,1.0,0.9283425360630173,1.9429128901615225,0.9878423112420756,-0.48845600358942204,0.868063747083884,-0.018119528803341924,0.6124325502565926,1.0051728278303942,0.6852245842884744,0.996758579463039,0.6124325502565926,0.9864914569356396,0.07279203403188184,0.002472560834217319,2.0008693071789407,0.033916146997444205,0.013508543064360445,0.9864914569356396,0.004680754994513656,0.14770649672559433,0.09705343014942563,-0.001716308900772968,-0.0011084721018589437,0.98,0.037701686258243126,0.08462246165215034
444,1.0,1,1,1,1.0,0.9999213365267103,0.07217923188176606,0.7726059413153324,0.15521482680290147,1.0,1.215990307323085,1.9429131692651584,0.989058080117868,-0.49246270331703423,0.8697243882223945,-0.016836584045630137,0.15240203228118043,1.409279137633346,0.7484633612744951,0.8701431037022853,0.15240203228118043,0.9878423112420756,0.5960613289933147,-0.36653437776447767,2.0040824050122708,0.3991234014919783,0.012157688757924445,0.9878423112420756,0.11961028825232695,0.5151522456047156,0.014805959717293373,-0.004746503488228664,0.0012576519424204028,0.98,0.03793069978665347,0.08421756022633475
445,1.0,1,1,1,1.0,0.9999611591894855,0.17809345890257344,0.6739297764336826,0.14797676466374404,1.0,1.3068005773254074,1.9429133025566334,0.9901522721060811,-0.492594284461944,0.8713858079188997,-0.018553792849141063,1.4609830374678687,1.3915199489430905,0.7354014458812058,1.1483530791963656,1.4609830374678687,0.989058080117868,0.7255815915866629,0.6763237266572607,2.0071411803579426,0.4910705300650339,0.010941919882132,0.989058080117868,0.025105609663352704,0.09773749080884175,0.17052905145765823,-0.0008715825737458686,-0.0017450813015316663,0.98,0.03813681196222279,0.0824623305932748
446,1.0,1,1,1,1.0,0.9975394269733061,0.12467389195552205,0.7620260992311529,0.11330000881332501,1.0,0.772666670891857,1.942917795963243,0.991137044895473,-0.49128036286510146,0.873048012090974,-0.019209923301797903,0.8654698289658596,0.7697413093257939,0.6902224668917324,1.0776325520128893,0.8654698289658596,0.9901522721060811,0.17524736207412717,0.19978157871074376,2.010060920840893,0.10411936060274794,0.009847727893918856,0.9901522721060811,0.0930041886479276,0.045013021050730656,0.15008657405358206,0.0005758940111663634,-0.0006849886248678535,0.98,0.038333761262506615,0.08361312421070717
447,-1.0,0,0,0,1.0,0.0001910074452404214,0.13114665539732948,0.7534823077649481,0.11537103683772251,1.0,-1.1018231371474771,1.9429177980398207,0.9999629986766697,-0.49083005555761183,0.874733829341719,-0.02101794259307165,-0.9573647020500604,-1.1853216951813115,-0.720709758949561,-1.112386997274882,0.9573647020500604,0.9999588874185219,0.2366549431004994,0.2746113987749469,2.023000732622274,0.14644853686855167,4.111258147809771e-05,0.9999588874185219,0.00011159514079137626,0.024031912016771774,0.15341105902215038,-0.0002870438025117648,-0.0018395935665763083,0.98,0.038323129914270185,0.0832174470640918
448,1.0,1,1,1,1.0,0.9885469314062075,0.11778311222435815,0.7550215111761512,0.12719537659949073,1.0,0.573619021585065,1.9429317725050446,0.9920233404059258,-0.4878280968003295,0.8763947119780613,-0.02277312444283134,0.8093376840964042,0.5583948267784409,0.44571277573275736,1.0925775074069866,0.8093376840964042,0.991137044895473,0.3636249083636468,0.15664009171951154,2.014541430971513,0.23351949326148108,0.008862955104526948,0.991137044895473,0.2693179100065816,0.08022479750900993,0.41843398108397256,0.00226911734997086,-0.0017893928529286913,0.98,0.03850038428452563,0.08656955202702805
449,-1.0,0,0,0,1.0,3.5022945963509725e-05,0.1872082079438352,0.6509239752229221,0.16186781683324272,1.0,-1.3201019503044125,1.942931772915616,0.9999666988090028,-0.4900424752674944,0.8780755201715373,-0.02282898471721925,-1.5850110154190076,-1.4116174183231616,-0.6457074615111855,-0.9884748380375017,1.5850110154190076,0.9999629986766697,0.939303553907822,0.7801807155348768,2.0263521604562316,0.6347393632926441,3.700132333028794e-05,0.9999629986766697,0.10997654159049024,0.35585541092493944,0.1174894744107334,-0.0029505464320133904,-9.015519384291799e-05,0.98,0.03849081607111285,0.08649555492689907
450,-1.0,0,0,0,1.0,0.00014419842685623008,0.09350713318910987,0.7770320194269177,0.12946084738397243,1.0,-1.1379936440761074,1.9429317742271253,0.9999700289281025,-0.4898721564421302,0.8797538171799968,-0.021846858986566426,-0.500794830855525,-1.2592476220135878,-0.8704564716843602,-0.8563785915976755,0.500794830855525,0.9999666988090028,0.36966164082883524,-0.08940661058307436,2.02803722380189,0.23593416386296542,3.3301190997203634e-05,0.9999666988090028,0.07930703778242994,0.1264398109035309,0.00019818670773507523,-0.0005655932774532116,0.0009493062128963383,0.98,0.038482204679041336,0.0848219860105661
451,1.0,1,1,1,1.0,0.9993026659039571,0.10753213540628401,0.7889363511214621,0.10353151347225374,0.9999999999999999,0.9351265503443467,1.942933022597888,0.9928210063653332,-0.49068780809494295,0.8814082606510933,-0.0232212452072761,0.6469461308998604,1.0100452634628825,0.6635431519151872,1.0155468911763625,0.6469461308998604,0.9920233404059258,0.016597021015326785,0.02768474827775813,2.0205806586468116,-0.010228944275837678,0.007976659594074231,0.9920233404059258,0.006467431219537601,0.1358665204764154,0.12390663245384952,-0.0015527890710825335,-0.001409270414811743,0.98,0.038633388196620516,0.08376901879839636
452,-1.0,0,0,0,1.0,0.00024964225284107117,0.12716970855754522,0.7448553527007318,0.12797493874172303,1.0,-1.0673594873936534,1.942933024514536,0.9999730260352923,-0.489304922350615,0.8830815675597699,-0.023087670951225967,-0.9429925527609108,-1.1819347361241963,-0.524079051738682,-0.7881348866646614,0.9429925527609108,0.9999700289281025,0.4189135010222288,0.2637062341137857,2.0313737939184113,0.27001820550828404,2.9971071897505475e-05,0.9999700289281025,0.07796637765226501,0.023980896748777472,0.06972548395845608,0.0006478257708418505,9.889072432570712e-05,1.0,0.018633991876710044,0.08528773899827152
453,1.0,1,1,1,1.0,0.999215266976985,0.12955232116192636,0.7708467004187128,0.0996009784193609,1.0000000000000002,0.9199213077349584,1.9429342683055568,0.9935389057287999,-0.48858457619707146,0.8847331690507533,-0.023061771191829988,0.9134074369234891,0.9215631443853253,0.9156872400794024,1.003860845652045,0.9134074369234891,0.9928210063653332,0.0022798031559132514,0.24142102718817632,2.0248257248799026,-0.021491808742086692,0.007178993634666786,0.9928210063653332,0.007045846025734026,0.008181819150615192,0.007774584719679958,-1.3631677498573997e-05,-8.74486432735119e-06,1.0,0.018770057042531305,0.0847923476494875
454,-1.0,0,0,0,1.0,0.0019027049747419467,0.2070644860656039,0.6597162675777347,0.13321924635666124,0.9999999999999999,-0.8058139586981397,1.9429342782312824,0.999975723431763,-0.4934497358108409,0.8864014971852638,-0.022629908109899455,-1.7056339398097764,-0.47379227242058963,-1.051419204038222,-0.9961143298776579,1.7056339398097764,0.9999730260352923,0.6542147357715544,0.8759225756507496,2.0347021489913395,0.43488854384825804,2.6973964707743825e-05,0.9999730260352923,0.03621423127106242,0.5034180768782256,0.003058629105915827,-0.005606446147285958,0.0003978672259817592,1.0,0.018763833285640588,0.08297116173675181
455,-1.0,0,0,0,1.0,2.6744586121671067e-06,0.1591770210953024,0.7353636374962316,0.10545934140846606,1.0,-1.6510801543031883,1.9429342782570103,0.9999781510885867,-0.49071618170289283,0.88806732949193,-0.02091233410813625,-1.2493438954019016,-1.8196162989155502,-1.0822526745115917,-1.2431551538855805,1.2493438954019016,0.999975723431763,0.16709122089030992,0.5060253805106805,2.036373579131791,0.09433394651331749,2.427656823700275e-05,0.999975723431763,0.16640280596570534,3.830052155583632e-05,0.0258896078686969,0.001996374065329794,0.0016861583771641013,1.0,0.018758231904438944,0.08291070503443403
456,1.0,1,1,1,1.0,0.9998558541085087,0.15086687139669452,0.7458670564852395,0.10326607211806581,0.9999999999999999,1.138039070415789,1.9429345326333771,0.99418501515592,-0.48996963491740864,0.8897133221956435,-0.02105485175933659,1.1540045981021076,1.1472970192552556,1.0478461535053136,1.1733939468085026,1.1540045981021076,0.9935389057287999,0.10615844459679402,0.43248749677879333,2.03063707108005,0.05339857710961955,0.0064610942712001185,0.9935389057287999,0.0012499672847440587,0.00037594684325818035,0.015762248403300268,1.048824529783054e-05,-0.0001741473734226745,1.0,0.016887449957076524,0.07781960983899322
457,-1.0,0,0,0,1.0,7.439680607647732e-05,0.14326110062780562,0.7172447962687069,0.1394941031034875,1.0,-1.223152786016491,1.9429345331105503,0.999980335979728,-0.48885002855684834,0.8913741933297317,-0.022439270375071395,-1.148636843788737,-1.3701506428363197,-0.5438537342242475,-0.9704880278354937,1.148636843788737,0.9999781510885867,0.6047831095644896,0.4289398401135811,2.039688195947518,0.4022933249358061,2.184891141332468e-05,0.9999781510885867,0.06383948002666186,0.031737000625542584,0.18201682048516699,0.0003852297528134313,-0.0014181280855020616,1.0,0.016882408713995045,0.06970110654466556
458,-1.0,0,0,0,1.0,0.0002475766537388994,0.14601553302362957,0.7415707243567393,0.11241374261963116,1.0,-1.0684280096703205,1.9429345343589064,0.9999823023817552,-0.4883267338221925,0.8930325790914083,-0.022348634672856214,-1.1314300971734528,-1.0848474783918127,-0.878277942573557,-0.9608491698937915,1.1314300971734528,0.999980335979728,0.2531521545998958,0.4162940491819139,2.0413515797064186,0.15476723784485566,1.966402027198111e-05,0.999980335979728,0.011573206767664084,0.029097852751589073,0.0068180075811698545,-0.00021029575180709986,5.706239023793076e-05,1.0,0.015082798544892704,0.06895377962670513
459,1.0,1,1,1,1.0,0.999310215895012,0.17610706027518225,0.6823347906788727,0.14155814904594521,1.0000000000000002,0.936526906829285,1.9429354359160744,0.994766513640328,-0.4889931926013342,0.8946729025047248,-0.02326489042622808,1.4628046933052703,0.8355181706942347,0.7686845099266704,1.0887412962879506,1.4628046933052703,0.99418501515592,0.6941201833785999,0.6819170208220239,2.036345346520716,0.46353549369216374,0.005814984844080051,0.99418501515592,0.02316922035827433,0.13992342498813695,0.10243634649591016,-0.0014010504555583515,-0.0009512055136516299,1.0,0.015194167842595535,0.06928915234032548
460,-1.0,0,0,0,1.0,0.00027970567950039973,0.11407434264808307,0.7815730588525273,0.10435259849938978,1.0,-1.0527232089437013,1.942935437166741,0.9999840721435798,-0.4889613240416584,0.8963263455086093,-0.0244622206725663,-0.7614843453502491,-1.144489125323082,-0.6837924242899276,-1.0076334067637276,0.7614843453502491,0.9999823023817552,0.07769192106032152,0.12019428367886509,2.044652550243743,0.03111945431599698,1.7697618244771895e-05,0.9999823023817552,0.0020330902606291623,0.0605893604347364,0.10487298192959604,-0.0007026752420892868,-0.0012340787000276027,1.0,0.013574518690403428,0.06932382366991618
461,-1.0,0,0,0,1.0,1.2855464083997685e-05,0.1898998708732612,0.6817227966155245,0.12837733251121425,1.0,-1.449061114626467,1.9429354372379515,0.9999856649292218,-0.49033805206796444,0.8979773130521508,-0.019748359687373884,-1.5714289646487218,-1.4998400530473273,-0.9983990102191553,-0.7906456166622007,1.5714289646487218,0.9999840721435798,0.5730299544295665,0.7681818476773192,2.046308028473726,0.3766587474281302,1.5927856420239195e-05,0.9999840721435798,0.4335109679595327,0.609622636493041,0.04316147253443089,-0.0021133400224021,0.004684193945101222,1.0,0.012116834453430531,0.06958187958260353
462,1.0,1,1,1,1.0,0.9999090203944667,0.14802681345568705,0.7229415940652625,0.1290315924790504,0.9999999999999999,1.1972585436325192,1.9429355740531462,0.9952898622762951,-0.48950579547585177,0.8996117440517194,-0.019236036102973936,1.1829523112776745,1.2890333946806802,0.6994723046984873,0.9079007505822263,1.1829523112776745,0.994766513640328,0.4834800065791872,0.4560237969541753,2.041958803738528,0.3186876449180572,0.005233486359672024,0.994766513640328,0.08372793239893611,0.07565336104100184,0.043442417053510714,9.689485629521122e-05,0.0004834261841451048,1.0,0.010909301665932802,0.07076985904437344
463,1.0,1,1,1,1.0,0.9999542920217639,0.19074881262360144,0.66273109660264,0.14652009077375855,1.0,1.2858367669598276,1.942935640492087,0.9957608760486656,-0.49246360180488985,0.9012451307042324,-0.01832407702664418,1.6103612555211,1.295727850925496,0.8186121739229181,0.9733516539860944,1.6103612555211,0.9952898622762951,0.7917490815981819,0.7987832089410283,2.044195085669459,0.5349883210157533,0.004710137723704877,0.9952898622762951,0.09764694583020685,0.40578123244778663,0.02394430669022213,-0.0036976114394109577,0.0008844316696798167,1.0,0.010999067061146006,0.07255785383368703
464,-1.0,0,0,0,1.0,0.0025161932010626517,0.13000373623599232,0.7221128997333933,0.14788336403061428,1.0,-0.769774441481995,1.9429356471558348,0.9999870984362996,-0.4901982915183003,0.9028887248296753,-0.02424398669136443,-1.0363424250089024,-0.8087319135070412,-0.34520655772271586,-1.1420387842149162,1.0363424250089024,0.9999856649292218,0.6911358672861865,0.33661033820223213,2.0512286453728374,0.46547103007368634,1.4335070778193071e-05,0.9999856649292218,0.1385807408703738,0.011171720349406706,0.6349415971765172,0.0015289082462516053,-0.005956330275673721,1.0,0.009818371499339517,0.0752277594381152
465,-1.0,0,0,0,1.0,2.9329447830331876e-05,0.1664059173300886,0.7093216685405559,0.12427241412935543,0.9999999999999999,-1.342927799314597,1.9429356472777928,0.9999883885926697,-0.4894959953304561,0.9045298569652842,-0.026183483647248797,-1.3664914390636778,-1.417187970786066,-0.8875131506265845,-1.2962671310597358,1.3664914390636778,0.9999870984362996,0.4789782884370932,0.602994859732642,2.05287388803142,0.3110408152146008,1.2901563700373764e-05,0.9999870984362996,0.002177217961990207,0.0049314534346325085,0.167079816519945,-3.305082567170762e-05,-0.001978831182695457,1.0,0.009814635907278721,0.07486536082182423
466,-1.0,0,0,0,1.0,0.00010241115273461478,0.1377130423356071,0.7485134163556355,0.11377354130875728,0.9999999999999999,-1.1820273788196884,1.9429356476151352,0.9999895497334027,-0.4883239601958594,0.9061685308920602,-0.026009984571854758,-1.0638693599832032,-1.264464330295072,-0.7826967136242873,-0.9683359207709555,1.0638693599832032,0.9999883885926697,0.2811726463589159,0.3615994926561065,2.0545165038468545,0.17063736880399236,1.161140733030308e-05,0.9999883885926697,0.04566403924299338,0.00912663800772022,0.03446191523004361,0.00043844881482327794,0.0001344254881553972,1.0,0.009811273874424004,0.07537189364269085
467,1.0,1,1,1,1.0,0.9998191250459528,0.16468816644160617,0.710999937307895,0.12431189625049886,1.0,1.1088277352797289,1.9429358516619741,0.996184788443799,-0.4890995246134687,0.9077933594276691,-0.02581699386492397,1.3462486779336764,1.0956037279238413,0.8699274190969796,0.9624822868747445,1.3462486779336764,0.9957608760486656,0.47632125883669685,0.5886749821510819,2.0512935383480255,0.307414896613833,0.0042391239513344114,0.9957608760486656,0.02141699026885596,0.14727664290639708,0.008566403549359542,-0.0015103158316504934,0.000154207040633957,1.0,0.008833172316550847,0.07448964079806114
468,-1.0,0,0,0,1.0,2.87030611648349e-05,0.16306610677848413,0.6993675612379039,0.13756633198361204,1.0,-1.345705529556174,1.9429358517588502,0.9999905947600625,-0.4885575417252549,0.9094271412189018,-0.023938265245616812,-1.3635751314638707,-1.466590126836836,-0.7099635486288158,-0.9070591738032578,1.3635751314638707,0.9999895497334027,0.6536115828350548,0.601760580557628,2.057781341621082,0.4317111141196144,1.0450266597294977e-05,0.9999895497334027,0.19241062541531384,0.20840681959878643,0.03884668546290414,-0.00019195433020167109,0.0018427672794289163,1.0,0.007876785688672928,0.07645122280456804
469,1.0,1,1,1,1.0,0.9947218447262777,0.14876704657949416,0.7454324118970308,0.10580054152347507,1.0,0.674094114275696,1.9429391096199498,0.996566309599419,-0.48691424562499375,0.9110484846798302,-0.022655375517371686,1.1650179471406557,0.5321051374801583,0.9842049724266816,0.9969464753423825,1.1650179471406557,0.996184788443799,0.18081297471397406,0.4434568159872697,2.0550396479292705,0.10263081705416502,0.0038152115562010147,0.996184788443799,0.10423364704633409,0.028248019632437744,0.00016234589655081362,0.0009118275289667562,0.0012488556137973993,1.0,0.007092153849908074,0.07613394735741291
470,1.0,1,1,1,1.0,0.9998862603597828,0.17731948738685105,0.7006014052524933,0.12207910736065561,0.9999999999999999,1.1685241174338978,1.94293921914713,0.9969096786394771,-0.48877219379441805,0.9126681598129037,-0.022058168271113784,1.4625349859726557,1.1256446197337813,0.9875560498597696,0.948166736381804,1.4625349859726557,0.996566309599419,0.4749789361128861,0.6831137431531309,2.057099740719162,0.30982987976164855,0.0034336904005809465,0.996566309599419,0.048557375384137666,0.26457469618715673,0.001551518016265442,-0.0025922078496362286,0.0005640702884144667,1.0,0.007157592823018501,0.07660478396997253
471,-1.0,0,0,0,1.0,0.0013290372294621573,0.12786054952244627,0.7747193680236231,0.09742008245393072,1.0,-0.8520558054600529,1.9429392217032797,0.9999915352840563,-0.4876763077352478,0.914294632391177,-0.021717368047135633,-0.9373361159429607,-0.8292775755905964,-0.921268931927702,-1.0721854829203643,0.9373361159429607,0.9999905947600625,0.01606718401525875,0.2610966989599506,2.0626573437869755,-0.010811139460432658,9.405239937532173e-06,0.9999905947600625,0.04845707489878074,0.01818435177420646,0.02277580536352085,0.00036327267749489134,0.0003081752344231187,1.0,0.006382938464917265,0.07675333626449538
472,1.0,1,1,1,1.0,0.9999984805101843,0.14455601527305634,0.7292363030036321,0.12620768172331154,1.0,1.723823146121276,1.9429392236459782,0.9972187107755294,-0.47767085521936464,0.915910359152263,-0.01045028676156247,1.1626079071006583,2.0133920872756894,0.6934805895258068,0.7536501859823861,1.1626079071006583,0.9969096786394771,0.4691273175748515,0.44241001794527895,2.0607407628265757,0.3066717542552604,0.0030903213605228963,0.9969096786394771,0.9412355725846562,0.1672464176622505,0.0036203803377475962,0.009287869859068867,0.011251382306962904,1.0,0.00644183354071665,0.09487143657568776
473,1.0,1,1,1,1.0,0.9998504234496074,0.12046597598792153,0.7654269524511229,0.11410707156095558,1.0,1.1332769134638,1.9429393367966012,0.9974968396979764,-0.4764486481332433,0.917524501119985,-0.010961047488508732,0.8641453774446263,1.2519307113554656,0.6214802214411322,0.9203014544278043,0.8641453774446263,0.9972187107755294,0.24266515600349403,0.2136454467363364,2.062711876544122,0.15941532244088333,0.002781289224470629,0.9972187107755294,0.045358546151593127,0.003153504982140618,0.08929412928367496,0.0005064604940334301,-0.000527226997584982,1.0,0.006494839108936099,0.08921174065167092
474,1.0,1,1,1,1.0,0.9997118756484034,0.14556560219193954,0.7524958154395333,0.10193858236852733,1.0,1.0489043680350718,1.9429395183547575,0.9977471557281787,-0.4756528928666579,0.9191369757275254,-0.011029796385153496,1.1229074229322056,1.0393844520143298,1.013504598905904,1.131627037586747,1.1229074229322056,0.9974968396979764,0.10940282402630164,0.4218772902125212,2.0646458667726577,0.0656209293299024,0.002503160302023577,0.9974968396979764,0.006843040057755647,7.603167972369327e-05,0.013952910519909526,8.120410053638345e-05,-8.531844554584654e-05,1.0,0.006542544120333602,0.08776596273614352
475,1.0,1,1,1,1.0,0.999949836378276,0.13562821714820794,0.7265506789076972,0.13782110394409483,1.0,1.2738649611077555,1.9429395529052857,0.9979724401553609,-0.47409525058795543,0.9207476981841483,-0.013184923717794115,1.0797603805131049,1.4594406536851094,0.48658286773181963,0.9953316612258132,1.0797603805131049,0.9977471557281787,0.5931775127812853,0.38815541154382605,2.066546204814931,0.4041944625617462,0.002252844271821264,0.9977471557281787,0.077580799143124,0.007128208640492298,0.25882533488159415,0.0008454310860315805,-0.002174934428861642,1.0,0.005890242789160038,0.08917240005555406
476,1.0,1,1,1,1.0,0.9999224364557909,0.13543368599504205,0.7544772557262444,0.11008905827871347,0.9999999999999999,1.217785629457454,1.9429395988688198,0.9981751961398249,-0.4722000565715138,0.9223566125694532,-0.01166162695251282,1.031210300374211,1.3111996181513699,0.807116794519403,0.8596742135624023,1.031210300374211,0.9979724401553609,0.22409350585480803,0.35087298971141345,2.0684160043628133,0.1436805303805715,0.002027559844639093,0.9979724401553609,0.12824378619435875,0.02942462907870839,0.002762282296461422,0.0011858298853878043,0.001505778046774768,1.0,0.005928671610874148,0.08934915921109259
477,-1.0,0,0,0,1.0,0.0005079974053829637,0.12931764801767465,0.7521450225699201,0.11853732941240522,1.0,-0.9759086303877667,1.9429395998759702,0.9999923817556506,-0.4714683510094088,0.9239685548882777,-0.014968874229633817,-0.9798619319814804,-1.027808465361776,-0.6422801067155758,-1.224942895027878,0.9798619319814804,0.9999915352840563,0.33758182526590463,0.3116894890136706,2.072346878146118,0.2246456507336204,8.464715943734546e-06,0.9999915352840563,0.06201806496484102,0.0600646784477497,0.3394959248838667,2.344063820509579e-05,-0.003329734319028308,1.0,0.005926930767532217,0.08934173068041495
478,1.0,1,1,1,1.0,0.999892247788286,0.12069821796369035,0.7701250306428116,0.10917675139349801,1.0,1.1754828283660894,1.942939655347471,0.9983576765258424,-0.4698712542702659,0.9255731851975779,-0.014662975043893262,0.8625985826882971,1.2958626070437216,0.6722354871566389,0.9003558309117913,0.8625985826882971,0.9981751961398249,0.1903630955316582,0.21861051514122892,2.0718700304490762,0.11828529264252692,0.0018248038601751393,0.9981751961398249,0.07569486472821738,0.0014256097934105508,0.05203889123496887,0.0008912310592176819,0.0002838716819189821,1.0,0.00533580444978673,0.08602676554544271
479,-1.0,0,0,0,1.0,7.661110596140686e-05,0.14339215483727671,0.7392996342629512,0.1173082108997721,1.0,-1.2193754789505251,1.9429396555182739,0.9999931435800856,-0.46878907710963913,0.927180304889131,-0.014626042513025869,-1.1316444988154737,-1.306829621238198,-0.7754604220156094,-0.9960137301606358,1.1316444988154737,0.9999923817556506,0.3561840767998643,0.43544434478211314,2.075564424216576,0.23466587871601172,7.618244349361092e-06,0.9999923817556506,0.049890470822477634,0.018395705405902164,0.048643761733714964,0.00037793718499890564,1.4960509065152034e-05,1.0,0.005334237690778992,0.08702418839806692
480,1.0,1,1,1,1.0,0.9998283994537389,0.11280745395177269,0.7776851215673856,0.10950742448084182,1.0,1.1155994407339567,1.9429397309748153,0.9985219088732582,-0.4700087210331769,0.92878061074897,-0.015143327232687586,0.7668017672819052,1.1892413580751793,0.9519279267840323,1.1712427674099815,0.7668017672819052,0.9983576765258424,0.18512615950212707,0.14465233671588507,2.0752916328938493,0.1149622691384631,0.0016423234741576032,0.9983576765258424,0.0030961798035748114,0.1635725225845986,0.048098999318785494,-0.0019257161133722851,-0.0005400338341825283,1.0,0.004802224004808053,0.08695043630532373
481,1.0,1,1,1,1.0,0.9999482496372195,0.14005926062931187,0.7397726817688169,0.12016805760187112,0.9999999999999999,1.269857629467028,1.9429397542868876,0.9986697179859324,-0.4683002459077013,0.9303789559901028,-0.014377761434681788,1.103515247544063,1.3921338993199195,0.7109832132322587,0.934954266545065,1.103515247544063,0.9985219088732582,0.3925320343118044,0.41280347700207354,2.0770808059532166,0.2596290967855755,0.0014780911267417984,0.9985219088732582,0.11216026249644012,0.02841280431534459,0.050163032722047925,0.0010049694981731463,0.0007439667572927064,1.0,0.004830238615837637,0.08595210348856218
482,1.0,1,1,1,1.0,0.9998966945625029,0.13386589677040156,0.7690062002826117,0.09712790294698677,1.0,1.1809060489754046,1.9429397932356345,0.9988027461873392,-0.4681517378898429,0.9319753030817257,-0.014744164973229449,0.998611092247509,1.2313050992397172,1.03312046062244,1.216561884942017,0.998611092247509,0.9986697179859324,0.034509368374931015,0.3305886278903059,2.078849131673925,0.009778796427769921,0.0013302820140675964,0.9986697179859324,0.0012713386384779683,0.0475025480361644,0.033650756156395095,-0.0005547745127722373,-0.0003885530102150055,1.0,0.004348470116210308,0.08587513382409764
483,-1.0,0,0,0,1.0,0.004312670454699606,0.1287066891866991,0.7250205166726862,0.1462727941406147,1.0,-0.7002116063737894,1.9429397982048087,0.999993829222077,-0.4664117052857833,0.9335728220278517,-0.01917831435215647,-1.026819113824466,-0.7192886065587076,-0.3182691692557539,-0.9961113174765448,1.026819113824466,0.9999931435800856,0.7085499445687121,0.35330355316972994,2.081967418198824,0.481240796224869,6.856419914380574e-06,0.9999931435800856,0.08755663903069409,0.0009429687565454027,0.45946997790457667,0.0010393640432897844,-0.004462960066486591,1.0,0.004347214754253867,0.08532186110828281
484,1.0,1,1,1,1.0,0.9999859446784904,0.16519690656177144,0.7022358659767888,0.13256722746143987,1.0,1.4375761196598669,1.9429398040107027,0.9989224715686053,-0.4652852837014814,0.935164735270782,-0.01942490650681252,1.3768456023929536,1.5804226427039931,0.7565672462447934,1.1139445227002744,1.3768456023929536,0.9988027461873392,0.6202783561481602,0.6350647766285797,2.082195980143292,0.41501653495155566,0.0011972538126607812,0.9988027461873392,0.10473741055061607,0.06911697770357644,0.1277185177267373,0.00042744519416447555,-0.0002757732861134549,1.0,0.00391362310458927,0.08567853799911437
485,1.0,1,1,1,1.0,0.9999179905402303,0.09907558441013703,0.7788674133989352,0.12205700219092791,1.0000000000000002,1.2106131546206604,1.9429398296856357,0.9990302244117447,-0.4621488044091204,0.9367545844421216,-0.017359112802656253,0.609066335803361,1.3254339778055289,0.9662060792503491,0.7406776082257525,0.609066335803361,0.9989224715686053,0.35713974344698807,0.02196778494120738,2.083925577574678,0.2305729139060791,0.0010775284313947475,0.9989224715686053,0.22083941776548072,0.017321527028640937,0.05086309124269231,0.0024422146888420774,0.002039715918273461,1.0,0.00393392043189791,0.08946564089241596
486,-1.0,0,0,0,1.0,7.276297336082068e-07,0.13314746139596692,0.7499406329730842,0.11691190563094901,1.0000000000000002,-1.8185679996678399,1.9429398296875955,0.9999944462998693,-0.4508311732740892,0.9383449359294103,-0.006817486304101734,-1.0254493642846318,-2.1377065609157366,-0.6746875623459988,-0.8630145202769323,1.0254493642846318,0.999993829222077,0.35076180193863304,0.3582106870185851,2.08674748804751,0.22817414855438686,6.170777922975823e-06,0.999993829222077,0.9130824519760697,0.0263850785478057,0.035467043083519584,0.01064036848113917,0.010531384906710602,1.0,0.0035222607941303385,0.10769830435522657
487,1.0,1,1,1,1.0,0.9999907987253576,0.1361815753055535,0.7599753114164133,0.10384311327803314,1.0,1.4920893530641952,1.942939832882996,0.9991272019705703,-0.4471013405897303,0.939930304180901,-0.0038829776971494837,1.0234550341366457,1.660330196023025,0.8753943676650577,0.9858674748687404,1.0234550341366457,0.9990302244117447,0.148060666471588,0.3679328540352274,2.0872296940029167,0.09682498022600987,0.0009697755882552839,0.9990302244117447,0.2562605899637339,0.001412824611718298,0.012204307415236357,0.003058173184224187,0.0029286753905819704,1.0,0.003540528388708115,0.11075626710363762
488,-1.0,0,0,0,1.0,0.000257269047845966,0.10806730138957446,0.7889747033145046,0.10295799529592098,1.0,-1.063482602479145,1.9429398332476757,0.9999950016698824,-0.4489817519880633,0.9415158937723924,-0.005583668376513739,-0.6863064918043885,-1.1536655539956489,-0.7682975330712561,-1.157134028087441,0.6863064918043885,0.9999944462998693,0.08199104126686763,0.1019438528537806,2.0899239174257507,0.05351075118965785,5.5537001306671385e-06,0.9999944462998693,0.008770589518466175,0.22167856892236903,0.15119381985647148,-0.002554895752846834,-0.0017090787640560636,1.0,0.0035396243372421334,0.11064439924607321
489,1.0,1,1,1,1.0,0.9999573603146523,0.2026095517001426,0.6466206415579713,0.15076980674188623,1.0,1.2947753636813282,1.9429398448123503,0.9992144817735132,-0.45414404097776323,0.9430967673443982,-0.0042904444829331865,1.7237685954122848,1.2735399923832271,0.8093539219983868,0.9416126341694088,1.7237685954122848,0.9991272019705703,0.9144146734138979,0.9300331243417648,2.090512176038548,0.6345066030132148,0.0008727980294297444,0.9991272019705703,0.12472391351630915,0.6117679477077673,0.01749236694513722,-0.005844528410297498,0.0012867785588540632,1.0,0.0031864755498373,0.1131377182473258
490,1.0,1,1,1,1.0,0.9997778261318692,0.13614981248816563,0.7633186406328979,0.10053154687893646,1.0,1.0823582774260285,1.9429398901471318,0.999293033596162,-0.45368982368939087,0.9446755068698031,-0.004150469086255518,1.028022180775372,1.086171373218575,1.1269934433283297,1.2295216870555394,1.028022180775372,0.9992144817735132,0.09897126255295774,0.36827370364253437,2.0921934213839384,0.06498943930413723,0.0007855182264867588,0.9992144817735132,0.021657069133783225,0.040602051031151234,0.010512040761786115,-0.00022733978276841613,0.00013374034046396532,1.0,0.002868641641172949,0.1121376268210604
491,1.0,1,1,1,1.0,0.9998792909555322,0.18441808482200903,0.7191410001255483,0.09644091505244273,1.0,1.1608705483679973,1.9429399139228487,0.9993637302365458,-0.4554893924249721,0.9462520887664161,-0.005350367524714313,1.4833753187607877,1.0519457459350698,1.3563952304807614,1.0012195130360966,1.4833753187607877,0.999293033596162,0.12698008828002627,0.7330104313192392,2.0938624955053893,0.08473559270976286,0.0007069664038380497,0.999293033596162,0.025488453082547814,0.23247422099402604,0.12614979026233236,-0.0024838292149377385,-0.0012079360461574146,1.0,0.0025825911233750332,0.11197949455022077
492,1.0,1,1,1,1.0,0.9998950333654654,0.10231930213732308,0.7745546541301667,0.12312604373251011,0.9999999999999999,1.1788531115716023,1.9429399328185708,0.9994273572128912,-0.4566947911862049,0.9478264962115456,-0.005217744242891188,0.6585248543306869,1.270851796187376,1.032512137448164,1.0701534694420287,0.6585248543306869,0.9993637302365458,0.3739872831174772,0.07133049103957745,2.0955203785384438,0.2564407306575197,0.0006362697634542114,0.9993637302365458,0.011815612199097375,0.16943811677848122,0.001416869874272339,-0.0018914700549526062,0.00012478490789790043,1.0,0.0025944029057223816,0.11183568425020925
493,1.0,1,1,1,1.0,0.9998900001734562,0.16158015536178552,0.7040486914490481,0.13437115318916623,0.9999999999999999,1.172825985148647,1.9429399505490559,0.9994846214916021,-0.4572016320370742,0.9493987134479812,-0.00566935089734728,1.352520710004267,1.2189312691049075,0.7151722035249725,0.9858906102308406,1.352520710004267,0.9994273572128912,0.6373485064792946,0.6253217768172088,2.0971679570063704,0.44092621029261503,0.0005726427871087791,0.9994273572128912,0.034944834395660894,0.1344176300598727,0.07328845572936382,-0.0011936735479705417,-0.00046012345600443517,1.0,0.0023356849001773482,0.11244096583823218
494,-1.0,0,0,0,1.0,0.00011148039081641301,0.15558504216342944,0.7316532431395357,0.11276171469703482,1.0,-1.1711054632016138,1.94293995070567,0.9999955015028942,-0.4573377686580552,0.9509701019098886,-0.00438984419967882,-1.2606004803841342,-1.1900287116079977,-0.9248397677602571,-0.8326035948552988,1.2606004803841342,0.9999950016698824,0.3357607126238771,0.5512787522702332,2.099392965368346,0.22936314793936666,4.99833011757822e-06,0.9999950016698824,0.11458351487394598,0.18318133402238304,0.00850751159215337,-0.0008231738297812448,0.0012729120393815115,1.0,0.002092631091621211,0.11234043037066456
495,1.0,1,1,1,1.0,0.9998497872844401,0.1590432439743879,0.7286722738726181,0.11228448215299391,0.9999999999999999,1.1327303164333473,1.9429399717517282,0.9995361593424419,-0.456976456280184,0.9525377583362125,-0.00473137521511295,1.2945840625111236,1.124101665905959,0.959471411441786,1.1299442551955787,1.2945840625111236,0.9994846214916021,0.3351126510693375,0.5783294813508436,2.100377416625231,0.2301890115488574,0.0005153785083978901,0.9994846214916021,7.762137220596642e-06,0.02710626615289973,0.02906099045750501,-0.00032518204818814963,-0.00034863873984341295,1.0,0.0018841002641465287,0.11183847342014193
496,-1.0,0,0,0,1.0,0.061285895035829235,0.11184350143326648,0.7877620140247905,0.10039448454194294,1.0,-0.3511381316197444,1.9429399949853658,0.9999959513526048,-0.4528624887575647,0.9541044434743897,-0.0011136227468848438,-0.7592669940977901,-0.23259173574130676,-0.8266601363879715,-0.9057508857307995,0.7592669940977901,0.9999955015028942,0.06739314229018145,0.15043713899804811,2.102532585064541,0.04244382438801406,4.498497105820398e-06,0.9999955015028942,0.3075953070226497,0.021457530507951256,0.006255346631610048,0.0034336533181763816,0.003616079524692476,1.0,0.001687235676210268,0.11613029578763637
497,1.0,1,1,1,1.0,0.9999722917087336,0.12393533506066341,0.7758129326024988,0.10025173233683776,1.0,1.3502412818042782,1.9429399991502332,0.9995825434081977,-0.4495248169098763,0.9556675364971648,0.0015114137639858883,0.9028525359029872,1.4903148359776353,0.8193417204998038,0.8785921848718578,0.9028525359029872,0.9995361593424419,0.08351081540318339,0.2694195399648251,2.103571026718198,0.057343948035343525,0.0004638406575581122,0.9995361593424419,0.2224528706371677,0.0005885646321536236,0.003510617528304034,0.002662371672060169,0.0026273070373063643,1.0,0.0016956902377318684,0.12057712129756389
498,-1.0,0,0,0,1.0,3.066274276414589e-05,0.13707763959261784,0.7492496459973172,0.11367271441006498,1.0,-1.3372043877378499,1.9429399991900742,0.9999963562173443,-0.4481632210972087,0.95722952427914,0.0008392637831535071,-1.070828676755156,-1.4736877584540633,-0.7588249250098161,-1.0963457576959215,1.070828676755156,0.9999959513526048,0.3120037517453399,0.40713812449424863,2.1056628805526603,0.2199140399857238,4.048647395227256e-06,0.9999959513526048,0.05801287966567455,0.0006511214197375746,0.11392031249712191,0.0006883410989512437,-0.0006708891939773684,1.0,0.0015185121085892338,0.11635102069074575
499,1.0,1,1,1,1.0,0.9999578116120201,0.1277029513995821,0.7522896164715375,0.12000743212888035,0.9999999999999999,1.2961444198050913,1.9429400046686653,0.999624289067378,-0.4474691943402978,0.9587880547887504,-0.0023784452501791767,0.9768727086894116,1.4628810211961087,0.590669162127492,1.1336616360566678,0.9768727086894116,0.9995825434081977,0.3862035465619196,0.3333349458543206,2.106749449198567,0.2711817463764972,0.0004174565918022566,0.9995825434081977,0.02640065501463696,0.024582767744974754,0.2948408267437267,2.1814647235946477e-05,-0.003221282060749077,1.0,0.0015261212139586733,0.11467950295922869
500,1.0,1,1,1,1.0,0.9999623247907673,0.19166722175580453,0.6613334258457911,0.14699935239840428,1.0,1.3107031817054444,1.9429400091213824,0.9996618601606402,-0.4512067015991576,0.9603443599769268,-0.0009227773016641387,1.6466596134179161,1.3313768145335758,0.7796532209637351,0.931073925944365,1.6466596134179161,0.999624289067378,0.867006392454181,0.8698584963940352,2.108355987216235,0.6045260294677475,0.0003757109326220087,0.999624289067378,0.14411837182971104,0.5120628761169947,0.022928229896830948,-0.004415334051447404,0.0014542817031945612,1.0,0.0015329694087911694,0.1159757296401743
501,1.0,1,1,1,1.0,0.9999812860431083,0.1339800606129466,0.7538298055997984,0.11219013378725501,1.0,1.400740911891614,1.9429400112486936,0.9996956741445762,-0.4485439345788513,0.961898431914596,0.0003926924421430546,1.0421082096638246,1.5616335738758393,0.7479557653597882,0.9903454783209102,1.0421082096638246,0.9996618601606402,0.2941524443040363,0.38247986613190205,2.109955499161663,0.20498393371116125,0.00033813983935981895,0.9996618601606402,0.168424411895686,0.002679380356078724,0.058752772949375115,0.0019889403784752874,0.0013160596673557306,1.0,0.0013801990136968812,0.11921486925369727
502,-1.0,0,0,0,1.0,0.00015846814344437038,0.10199766124191605,0.7943783482616676,0.10362399049641638,1.0,-1.1258451677898393,1.942940011404715,0.9999967205956098,-0.4489996793212701,0.9634510744515125,3.236358176919886e-07,-0.6347852540819815,-1.239031569246563,-0.7415146308530968,-0.9762179712015658,0.6347852540819815,0.9999963562173443,0.10672937677111527,0.05928426868673392,2.111894241564542,0.07510325618192375,3.6437826557156328e-06,0.9999963562173443,0.022388297958865846,0.1165763003196621,0.055085657970729306,-0.001130256028329555,-0.00039236832014236155,1.0,0.0013796724679120452,0.11810330765982929
503,-1.0,0,0,0,1.0,9.634554091785668e-05,0.15798263158452144,0.7162893330404424,0.1257280353750362,1.0,-1.1898814476713606,1.942940011494943,0.9999970485360489,-0.4493334057948156,0.9650013890027925,0.0007179778505254615,-1.313559876251504,-1.2345465135912208,-0.7800114155694717,-0.9118813191998253,1.313559876251504,0.9999967205956098,0.5335484606820322,0.6018482216799332,2.113447303136464,0.3734842461132402,3.2794043901551717e-06,0.9999967205956098,0.07728407143019014,0.16134566319511867,0.017389671483478735,-0.0010087391011791424,0.0007187327993605369,1.0,0.0012361581833065128,0.11950807216791842
504,1.0,1,1,1,1.0,0.9999507795642469,0.14121334083793638,0.7628767634185118,0.09590989574355172,0.9999999999999999,1.2763070886825088,1.9429400160832317,0.9997261067301185,-0.44730049817370926,0.966548566677379,0.002346696096879077,1.0964501501372224,1.3394398857146705,1.0389557233817004,0.8710935594186886,1.0964501501372224,0.9996956741445762,0.057494426755521966,0.42782671431496233,2.114651414269055,0.040964076579390836,0.00030432585542383706,0.9996956741445762,0.16419800429844084,0.050785592980280736,0.028177706090345055,0.0013609489358179213,0.0016322435784971493,1.0,0.0012417052211208346,0.12206774762846598
505,1.0,1,1,1,1.0,0.9999340674327429,0.13833568328416773,0.7452721492366274,0.11639216747920471,0.9999999999999999,1.2386913687548036,1.9429400214517656,0.9997534960571066,-0.4468170473265033,0.9680935056666915,-0.0005681807600056014,1.0993348174290734,1.3436833794435001,0.7320452688666356,1.2251585136656256,1.0993348174290734,0.9997261067301185,0.3672895485624378,0.4321673557695495,2.116233589417015,0.25944938009058555,0.00027389326988147555,0.9997261067301185,0.00018313816686469113,0.01583160253462816,0.24316067219618864,-0.00018778157241316164,-0.0029157304083518875,1.0,0.001246697555153724,0.11874335427248918
506,1.0,1,1,1,1.0,0.9999865218003475,0.1351052355162383,0.7684434270650973,0.09645133741866455,1.0000000000000002,1.4429708864174575,1.942940022602366,0.999778146451396,-0.44396697542393315,0.9696362008917735,0.0015919299222589322,1.0328926563131207,1.574259729526132,0.9713928462076031,1.016112204102012,1.0328926563131207,0.9997534960571066,0.06149981010551753,0.3794970777239933,2.1178100261323642,0.04248168631385667,0.0002465039428933835,0.9997534960571066,0.18220833466807837,0.00028158357640929873,0.001999820970488236,0.0021831210131000285,0.0021625021643710816,1.0,0.0011224057485875894,0.12236252162015586
507,1.0,1,1,1,1.0,0.9999618728179337,0.13728628572862553,0.7414591986211272,0.12125451565024728,1.0,1.3091686881580118,1.9429400252600781,0.9998003318062564,-0.44239733457628827,0.9711766485970835,0.0009267767666602525,1.0959954155910456,1.455236445902652,0.6573371636119809,1.0256821475648028,1.0959954155910456,0.999778146451396,0.4386582519790647,0.43282935704890335,2.1193810693108786,0.3086527063076042,0.00022185354860404516,0.999778146451396,0.08036461869750514,0.0049439556605302614,0.13567802720320463,0.0009050479564436986,-0.0006637609020683939,1.0,0.0011264058413314037,0.12269302439357271
508,1.0,1,1,1,1.0,0.9994304092498355,0.11310132380274544,0.7752683263614498,0.11163034983580469,0.9999999999999999,0.9611751504201942,1.9429400514953514,0.9998202986256307,-0.442055897460443,0.9727148469134115,0.0008148963346801377,0.798024069401198,0.9710306842890846,1.058029814148001,0.9619984025613101,0.798024069401198,0.9998003318062564,0.26000574474680294,0.1960219209446702,2.1209470301742783,0.1829307980894223,0.00019966819374361844,0.9998003318062564,6.777440878519027e-07,0.026887581935303443,0.009222032011332416,-0.0003226428502945871,-0.00011065625120693478,1.0,0.0011300059248008365,0.1224615738131012
509,1.0,1,1,1,1.0,0.9998300303469781,0.13175049385675675,0.752162895260016,0.11608661088322722,1.0,1.1168281617471427,1.9429400596822684,0.9998382687630676,-0.44148734619888896,0.9742507905900312,-0.0016165832238045446,1.0281513838961607,1.2018458793859603,0.6666129045828911,1.1169746419280064,1.0281513838961607,0.9998202986256307,0.36153847931326955,0.3804652096564856,2.1225081903328866,0.2538918318539688,0.0001797013743692899,0.9998202986256307,2.1456443385867327e-08,0.007889571167391854,0.20282569446451063,-9.467459653138162e-05,-0.002433908076096807,1.0,0.0010173002554066213,0.12199818983506457
510,1.0,1,1,1,1.0,0.9999983054985139,0.15551684472234326,0.7120961190880729,0.13238703618958383,1.0,1.7097954473830452,1.9429400597947266,0.9998544418867609,-0.4360843051086562,0.9757844783883255,0.0026706928282578127,1.3051166209848868,1.9911172611664432,0.6719763258352295,1.0185979922042394,1.3051166209848868,0.9998382687630676,0.6331402951496573,0.6026059505890206,2.124064799667559,0.4415816233809555,0.00016173123693241642,0.9998382687630676,0.47775392204565725,0.08209292463834242,0.12014657959642923,0.0047479319688877785,0.004291288109390737,1.0,0.001020180927780374,0.13151260647076513
511,1.0,1,1,1,1.0,0.999950367724307,0.09216945238361439,0.796390451511193,0.11144009610519254,1.0,1.2752348602794887,1.9429400620057942,0.9998689976980848,-0.4336742271854159,0.9773159093567539,0.005371836358819648,0.5065507071589597,1.4405073674379263,0.729899282931743,0.7955681228218392,0.5065507071589597,0.9998544418867609,0.22334857577278333,-0.030843739381488433,2.1256170865581003,0.15901469586920614,0.00014555811323913037,0.9998544418867609,0.2300801790232657,0.08353106655644968,0.0043123965325110895,0.0017585893496017922,0.0027092133898890553,1.0,0.001022773532916752,0.1274439906920398
512,1.0,1,1,1,1.0,0.999811852338804,0.09371065061599146,0.7804347229621424,0.12585462642186607,1.0,1.1037519213680609,1.9429400685350016,0.9998820979282763,-0.434832932030052,0.9788450826627914,0.005595077575164961,0.5515002903910786,1.190683487308844,0.9758857205251719,0.9643341740340119,0.5515002903910786,0.9998689976980848,0.42438543013409324,0.007526005127447055,2.1271652567095516,0.30244163745268493,0.00013100230191520623,0.9998689976980848,0.019437308271700725,0.17043181548370698,0.0001334382263374302,-0.001811934086544075,0.00023164644054435952,1.0,0.0009207238517616157,0.1261581782094951
513,1.0,1,1,1,1.0,0.996080080922052,0.14211143347847727,0.7544024100459471,0.10348615647557564,1.0,0.7125485670347433,1.9429401475708739,0.9998938881354487,-0.43280975799379373,0.9803720034471657,0.006788557146391943,1.1177849925017216,0.60739697966962,0.9226045044463342,1.0563378785083741,1.1177849925017216,0.9998820979282763,0.19518048805538735,0.4593950619713253,2.128709495280309,0.1422214192139361,0.00011790207172368561,0.9998820979282763,0.11819109068351312,0.003775747818111437,0.017884615338017485,0.0013729841143848202,0.0012036777041459477,1.0,0.0008288791387219918,0.12656906110656121
514,-1.0,0,0,0,1.0,1.1096533083635501e-05,0.10085221877062472,0.7905132575623274,0.10863452366704793,1.0,-1.4679899881256449,1.9429401475824126,0.999997343682444,-0.42825470433935187,0.981896937485461,0.011279274152285728,-0.6301902556214839,-1.6627416614813848,-0.8286000827161442,-0.8545474791256192,0.6301902556214839,0.9999970485360489,0.19840982709466026,0.07134244650339339,2.1303686092636216,0.14567543611265413,2.9514639511285523e-06,0.9999970485360489,0.3763117118482465,0.05033616373848454,0.00067326738043044,0.003911706577317144,0.004507661333613793,1.0,0.0008286514665854505,0.13132368052611867
515,1.0,1,1,1,1.0,0.999184298172512,0.10642495965242094,0.7922044628851443,0.10137057746243484,1.0000000000000002,0.914933696159179,1.9429401665886543,0.9999044993219038,-0.42836708106612303,0.983419307239356,0.01096338641700363,0.690812783839878,0.9619375816447719,0.7828970723297083,0.9434024106138744,0.690812783839878,0.9998938881354487,0.0920842884898303,0.1243955227325505,2.131774908841227,0.07573827609516694,0.00010611186455133925,0.9998938881354487,0.0008104677027029859,0.06380151955382682,0.025761963617714607,-0.000755892622213486,-0.0002994179509801395,1.0,0.0008305156726024698,0.13129634552093294
516,1.0,1,1,1,1.0,0.9998133860357288,0.12199895232557031,0.7682118813919078,0.10978916628252192,1.0,1.1048052268029527,1.942940171314152,0.9999140493897134,-0.42791728195238843,0.9849394210595102,0.009135510866399,0.9020292967498644,1.2020925832729557,0.6493973407690635,1.04308359639722,0.9020292967498644,0.9999044993219038,0.2526319559808009,0.2932563563337685,2.1333094814595452,0.18780575560356425,9.550067809616092e-05,0.9999044993219038,0.00380955965994186,0.019896315449005983,0.1549888678705182,-0.0001930410694687695,-0.001814151698526916,1.0,0.000832193458017787,0.13045925592927188
517,1.0,1,1,1,1.0,0.9997452954260666,0.1970661774528873,0.6695721682477144,0.13336165429939836,1.0,1.0647717828858583,1.9429401769085517,0.9999226444507421,-0.4338877067646907,0.9864572804728264,0.009374833977145764,1.67457313090802,0.909559385228136,0.9429577644029546,0.9171867069720515,1.67457313090802,0.9999140493897134,0.7316153665050654,0.9117412227740278,2.1348405778576804,0.5212662674199448,8.595061028660034e-05,0.9999140493897134,0.021781354632484106,0.5736341951625147,0.0006641474011069076,-0.006622234086360367,0.0002534064867765264,1.0,0.0007491299911968307,0.13046654321654447
518,-1.0,0,0,0,1.0,0.0007385458951343417,0.11694226571156913,0.7676984035988113,0.1153593306896196,0.9999999999999999,-0.927729090483006,1.942940177345359,0.9999976093141996,-0.43355594618046184,0.9879730874178867,0.005885218901047518,-0.8607816720652235,-0.9977326033098808,-0.5297326564215517,-1.0931367751366299,0.8607816720652235,0.999997343682444,0.33104901564367184,0.25473763088748813,2.136454225707637,0.241109144927716,2.6563175560267993e-06,0.999997343682444,0.02735970214247268,0.053988893923323886,0.317424200985114,-0.00031955030137021447,-0.0034807739861116957,1.0,0.0007489741122160054,0.12716552475108764
519,1.0,1,1,1,1.0,0.9992442371877293,0.11058939816701908,0.7653589470967388,0.12405165473624215,1.0,0.924761735673822,1.942940190320679,0.9999303800056679,-0.43395145585310885,0.9894864200442645,0.006760972559127041,0.7961492076213013,0.8918671047748793,1.2423663837358614,1.1997869536607764,0.7961492076213013,0.9999226444507421,0.44621717611456013,0.2033634199165792,2.13788412853624,0.3182372421812396,7.73555492579181e-05,0.9999226444507421,0.07563887052877176,0.1629234300278278,0.001813007865519055,-0.0010474147139886726,0.0008859103519590325,1.0,0.0006742169920771435,0.12659362922073641
520,1.0,1,1,1,1.0,0.9999891549937785,0.1587836246493133,0.7204245524389509,0.12079182291173586,1.0,1.4709401570729856,1.942940190587224,0.9999373420051011,-0.4317756875066267,0.9909975027319506,0.009699747711594488,1.3263244283331506,1.6101460913607484,0.8307911680806019,0.9586352416098922,1.3263244283331506,0.9999303800056679,0.4955332602525486,0.6271080868134118,2.1394063570507824,0.3536342547359111,6.961999433208188e-05,0.9999303800056679,0.2624563264076473,0.13519533803321113,0.01634410713656258,0.0015271318604932343,0.002953346631253017,1.0,0.0006069355839521662,0.13087160824120658
521,1.0,1,1,1,1.0,0.9993989985407392,0.13829460784702885,0.7626104680810639,0.09909492407190726,1.0,0.9542640644798839,1.9429401992116824,0.999943607804591,-0.43177249761701575,0.9925063380711808,0.009692058453351993,1.0816750106014927,0.9314129983651518,0.9523085192769924,0.806893414700005,1.0816750106014927,0.9999373420051011,0.1293664913245003,0.4335643209745675,2.1409254460378166,0.10025629163874468,6.2657994898907e-05,0.9999373420051011,0.021718108416543723,0.07550492544616852,0.021145552639136204,-0.0006454418043554975,6.870669328890231e-06,1.0,0.0006080006390513937,0.13033682891156184
522,-1.0,0,0,0,1.0,0.0002646736920701916,0.09911768612959808,0.7972854370092373,0.1035968768611647,1.0,-1.059830371517524,1.9429401993726287,0.9999978483827796,-0.4326603825315912,0.9940130721279719,0.009091905212476587,-0.6117140316975493,-1.1566695125968791,-0.7432939740045107,-0.9787643128817511,0.6117140316975493,0.9999976093141996,0.13157994230696135,0.05759872774102376,2.1425035887825103,0.10179801806822494,2.3906858004352216e-06,0.9999976093141996,0.006571705862738548,0.1347259089174016,0.05544628049096245,-0.0015378504366559565,-0.000586494895538687,1.0,0.0005462420255569444,0.11164355157712348
523,1.0,1,1,1,1.0,0.999849359313335,0.08612273332660776,0.8062329187354113,0.10764434793798101,1.0,1.132364041121133,1.9429402016812813,0.9999492470241319,-0.4318539414644467,0.9955174006123363,0.007445522765826437,0.4250116654844228,1.3255059285277677,0.25170259056701727,0.7693992824460313,0.4250116654844228,0.999943607804591,0.17330907491740555,-0.09265105014405295,2.1439482211032512,0.13040825765466046,5.639219540898299e-05,0.999943607804591,0.1317434160400749,0.11860283071649555,0.2680098647824748,0.0001576870238829521,-0.001635197384908799,1.0,0.0004917440849757115,0.11337124897489315
524,1.0,1,1,1,1.0,0.999858387398735,0.16682730166883109,0.7048492870202443,0.1283234113109246,1.0,1.140317360048189,1.9429402036482633,0.9999543223217187,-0.4329641900545025,0.9970194877749826,0.007038660645480075,1.4203601613406924,1.136079008791201,0.7995269650374199,1.0183742651649066,1.4203601613406924,0.9999492470241319,0.6208331963032725,0.7044341876081073,2.145459034690088,0.44202876017811715,5.0752975868095795e-05,0.9999492470241319,0.014870118389713234,0.16159266072424966,0.04789414077309022,-0.0017606705080144374,-0.0003962882686005238,1.0,0.0004426959384526019,0.11353179054153228
525,1.0,1,1,1,1.0,0.9996729609913858,0.11196414040932122,0.791133458228219,0.09690240136245966,0.9999999999999999,1.032597914518601,1.9429402073503454,0.9999588900895467,-0.433112342084359,0.9985193356109929,0.00654592917314268,0.7808038989745232,1.0920456543808361,0.8381837901462832,1.0388850964000176,0.7808038989745232,0.9999543223217187,0.05737989117176001,0.19167892912511608,2.146966958444959,0.04720458446571208,4.567767828134173e-05,0.9999543223217187,3.952865601001225e-05,0.06660590446457702,0.04028101433195529,-0.0007987965097028042,-0.00048289782811134326,1.0,0.0003985526065818035,0.11198096513179001
526,-1.0,0,0,0,1.0,2.8318249286152897e-05,0.11153928459949734,0.793518232030879,0.09494248336962356,0.9999999999999999,-1.3474392767948509,1.9429402073700492,0.9999980635445016,-0.4326194137657236,1.000017050807793,0.006562156677683797,-0.7744119300029061,-1.493339478291276,-0.8012200524105997,-1.072339809810439,0.7744119300029061,0.9999978483827796,0.02680812240769359,0.18641720191796596,2.1485168612511893,0.025311614858528193,2.1516172203916994e-06,0.9999978483827796,0.07567971673510747,0.08876102156661182,0.07350592285254777,-0.00015697565797805223,2.608552659071639e-05,1.0,0.00035804444203342946,0.11092968374260499
527,-1.0,0,0,0,1.0,2.580309638288167e-05,0.1398850058830346,0.7478640938567287,0.11225090026023662,0.9999999999999999,-1.359407537979378,1.9429402073863513,0.9999982571900514,-0.4312215934906098,1.0015125200116657,0.006017672056099927,-1.132792084281282,-1.488764309143854,-0.779980734037315,-1.108198032571482,1.132792084281282,0.9999980635445016,0.3528113502439669,0.47361425365930204,2.1500148238839696,0.25353010184846064,1.9364554983969384e-06,0.9999980635445016,0.06310621560727973,0.0006048673795043165,0.10772659505706646,0.0007500161787333051,-0.0005354445533974407,1.0,0.00035791387682452267,0.11095144675545374
528,-1.0,0,0,0,1.0,0.000718748448467442,0.1075922275496269,0.7842630507259215,0.10814472172445153,1.0,-0.9312278486650754,1.94294020766631,0.9999984314710463,-0.43133396726186773,1.0030057465507765,0.006070854229961534,-0.7454200397007672,-0.9499907607820335,-0.9800181851798957,-1.0088286818816679,0.7454200397007672,0.9999982571900514,0.2345981454791285,0.165114438270004,2.151510515780225,0.17023637389148988,1.742809948579449e-06,0.9999982571900514,0.006021889315909406,0.06938411277558576,0.0008300447202028245,-0.0007603466815161162,6.230213514847898e-05,1.0,0.0003214526558199915,0.10955798724720758
529,1.0,1,1,1,1.0,0.9999887800038016,0.16896430258734552,0.6789346809675633,0.15210101644509122,1.0,1.4665662035894402,1.94294020782866,0.9999630010805921,-0.4308870508032493,1.0044966271063158,0.003150396651889943,1.4918187233394198,1.6629417279288248,0.5619507607005505,1.1485570261180638,1.4918187233394198,0.9999588900895467,0.9298679626388693,0.7621210114096681,2.152958470153755,0.65697842807717,4.110991045325196e-05,0.9999588900895467,0.10112983695602142,0.1178285927792859,0.34410691062708204,-0.00020038506987917376,-0.002915724884052728,1.0,0.0003221224891420693,0.11058277456987847
530,-1.0,0,0,0,1.0,0.002640750413535878,0.10824473990652002,0.7968713278873304,0.09488393220614962,1.0,-0.7635396971311291,1.9429402085876966,0.9999985883239416,-0.4303921394390292,1.0059853779963046,0.0027846836800340703,-0.7363542844010933,-0.7744337686814483,-0.7030605917782795,-0.9823735429421271,0.7363542844010933,0.9999984314710463,0.033293692622813786,0.15819637671762532,2.154494823298019,0.02645598148785959,1.5685289537215041e-06,0.9999984314710463,0.04788825207243163,0.06052547557308003,0.0780157246878579,-0.0001516466820077808,-0.0003615296713851153,1.0,0.0002893073902379917,0.11147861601525559
531,-1.0,0,0,0,1.0,8.691375979204324e-06,0.11520451750094303,0.7677404551181658,0.1170550273808912,1.0,-1.4994247568416543,1.942940208592112,0.9999987294915474,-0.42779192988442466,1.0074718961236715,0.001142261941266865,-0.8620414111919636,-1.7515777713606697,-0.4729107145481365,-1.0527647209083668,0.8620414111919636,0.9999985883239416,0.38913069664382716,0.2592409895145418,2.1559837545688376,0.2751761713307131,1.4116760583826604e-06,0.9999985883239416,0.1995051876999257,0.03637538086917905,0.33623066869201,0.00195755768196896,-0.0016407057719050118,1.0,0.00025977380122432336,0.11322551451932532
532,-1.0,0,0,0,1.0,0.00016918020943023086,0.12256498521148465,0.7770775778184008,0.10035743697011448,0.9999999999999999,-1.1174271923357793,1.9429402086497565,0.9999988565423927,-0.4269820743237735,1.0089561848572608,0.0007860869021965576,-0.922954447042226,-1.1934232823370143,-0.7664884930804785,-0.9841060082469346,0.922954447042226,0.9999987294915474,0.15646595396174745,0.31057162774935615,2.1574704350389506,0.11066842971449006,1.2705084525554966e-06,0.9999987294915474,0.0177745381268516,0.0037395134377732294,0.04735738290722275,0.00016842029626894047,-0.0003549941373644538,1.0,0.00023319357111202256,0.11355557850909279
533,-1.0,0,0,0,1.0,2.8475240066664506e-05,0.09828951184352422,0.786126124428038,0.11558436372843778,1.0,-1.346727899247547,1.9429402086602805,0.9999989708881535,-0.4222084215918972,1.0104382474977305,0.004445046653028804,-0.6334212838425353,-1.4901590589033067,-0.9777816052689081,-0.7482788117423931,0.6334212838425353,0.9999988565423927,0.34436032142637285,0.07975495275025474,2.158954869881012,0.24183831190065755,1.1434576072666403e-06,0.9999988565423927,0.3581413103357515,0.013192251715266615,0.052671532236474194,0.004139388703445818,0.0036656373371913276,1.0,0.00023307931186588026,0.11896727193519395
534,1.0,1,1,1,1.0,0.999946124453206,0.18403145408076702,0.6843224590400928,0.13164608687914017,1.0,1.2646786477876535,1.9429402092653039,0.9999667009725329,-0.42412081614668706,1.0119179904037636,0.004123213547424857,1.5866019644299127,1.2556851002469962,0.8614039986566001,1.0956534023179834,1.5866019644299127,0.9999630010805921,0.7251979657733126,0.8470731499520331,2.1603956987404116,0.5120836226943476,3.699891940789346e-05,0.9999630010805921,0.02856953360608224,0.241030490639771,0.05487278311571367,-0.0025495314844042652,-0.00031563899411557716,1.0,0.00020987421400082252,0.11744391439630325
535,-1.0,0,0,0,1.0,2.0131820991903585e-05,0.17839607908943977,0.7094581415574643,0.1121457793530958,0.9999999999999999,-1.391343474855871,1.942940209272222,0.9999990737993382,-0.4252491402025224,1.0133956106439883,0.007402976085206341,-1.506927958773031,-1.4147102488368424,-1.059654070299568,-0.8120995153179749,1.506927958773031,0.9999989708881535,0.44727388847346305,0.7814215508717378,2.1619168069251398,0.31721493547884894,1.0291118465177718e-06,0.9999989708881535,0.3355235646611399,0.4827865658341763,0.06128325769213464,-0.0017671560140764364,0.003290883683628063,1.0,0.00018834422760985792,0.11973759733421645
536,1.0,1,1,1,1.0,0.999932684771506,0.12957561634732812,0.7682793486907047,0.10214503496196725,1.0,1.2360206332910133,1.942940209937161,0.9999700308752797,-0.4243061238343632,1.0148709274864611,0.0069650796252218525,1.0108970942837283,1.3301678224765492,0.8134761612720464,1.066897130913905,1.0108970942837283,0.9999667009725329,0.19742093301168195,0.3834685352244603,2.163357316762401,0.1455976291933837,3.329902746707081e-05,0.9999667009725329,0.028602759056299748,0.0031360041025811345,0.06422218785421986,0.00030560105944462334,-0.00042743314557504135,1.0,0.00018888679260073982,0.10204800347582105
537,-1.0,0,0,0,1.0,5.3583632670278314e-05,0.08594914344257001,0.7916819741218344,0.12236888243559572,1.0,-1.2653777586391142,1.942940209952233,0.9999991664194043,-0.42795163528291796,1.016344118598947,0.006820156456177049,-0.4609649860731946,-1.4128369079783356,-0.8763723127492965,-1.0853004513470035,0.4609649860731946,0.9999990737993382,0.4154073266761019,-0.05553413497580756,2.1648698623557,0.2977502082984932,9.262006618326879e-07,0.9999990737993382,0.03242783660157726,0.38979477319866346,0.04365096709790266,-0.004288403239165035,-0.00013467756595590474,1.0,0.0001695098048488708,0.09757134840857791
538,1.0,1,1,1,1.0,0.9999587237776528,0.13191638716436524,0.7494151209329821,0.11866849190265255,1.0,1.2989569397328262,1.9429402103378712,0.9999730277877518,-0.42650601125809556,1.0178150216424484,0.0055280208416859725,1.0714206464475025,1.4466419701663946,0.619234564482945,1.0377940053239254,1.0714206464475025,0.9999700308752797,0.45218608196455745,0.429184881875084,2.1663096541055187,0.32335041383136726,2.9969124720308216e-05,0.9999700308752797,0.06820607830906783,0.0011307509932538431,0.17519200551711417,0.0008049039277897679,-0.001283831126496556,1.0,0.0001699981133406636,0.09876005818438995
539,1.0,1,1,1,1.0,0.9998935783298823,0.1002599550830166,0.7898521590149826,0.10988788590200069,1.0,1.1770813712212884,1.9429402111487657,0.9999757250089766,-0.4250006340599087,1.0192837264349979,0.006718834340140441,0.6627632390324458,1.2761839829539954,0.9340072708305619,0.8496902748520608,0.6627632390324458,0.9999730277877518,0.27124403179811607,0.10370457996786114,2.1677840035983627,0.1953988431003672,2.6972212248232985e-05,0.9999730277877518,0.10718492998184487,0.03494171672030763,0.007109355810838564,0.0008669185591384469,0.0012009068900520757,1.0,0.00015308159699703339,0.09840927851370067
540,1.0,1,1,1,1.0,0.9996415867224252,0.13658176658670565,0.7533776072624472,0.11004062615084723,1.0,1.020806675843561,1.9429402132803275,0.9999781525080789,-0.42425593243065257,1.0207502355189917,0.005360627718692799,1.1082666619717345,1.0420087013161616,0.767095191210347,1.1156846878952658,1.1082666619717345,0.9999757250089766,0.34117147076138754,0.461612695517479,2.1692558101953208,0.24553886387311172,2.427499102342079e-05,0.9999757250089766,0.009001837170883435,5.5027108602181596e-05,0.12151463719904501,0.00010736172074737504,-0.001350153600337939,1.0,0.00013785673228776661,0.09815617387444267
541,1.0,1,1,1,1.0,0.9998638777072937,0.13390406133366647,0.7664663743091324,0.09962956435720091,0.9999999999999999,1.145405899882655,1.9429402140978533,0.999980337257271,-0.42370294121038765,1.0222145513069354,0.0045297990150291595,1.0628922480629852,1.1937646380600506,0.8842742389070989,1.1463228807067105,1.0628922480629852,0.9999781525080789,0.17861800915588633,0.42605786601973566,2.170725110903282,0.13039323412781323,2.184749192113422e-05,0.9999781525080789,8.40853831685406e-07,0.006960670463332242,0.06866949066902116,-8.351795531400669e-05,-0.0008240237977822736,1.0,0.00012415435404942833,0.09764642162986835
542,-1.0,0,0,0,1.0,0.0013105156946394744,0.11109297486523095,0.781426487445756,0.10748053768901294,1.0,-0.8538635332009746,1.94294021432172,0.9999992497774639,-0.42344117201083653,1.0236767272480263,0.005542660804752097,-0.8064536456763223,-0.8309952212418714,-1.0691286465752692,-1.1591570606333474,0.8064536456763223,0.9999991664194043,0.2626750008989469,0.2214599753306702,2.1722135926892503,0.188402299644292,8.335805956605213e-07,0.9999991664194043,0.09320413789210097,0.12439969892234749,0.008105115337812784,-0.0003743467323629583,0.0010211882706514582,1.0,0.0001114456303922573,0.09927419214372842
543,-1.0,0,0,0,1.0,5.636711694352167e-05,0.19824870228111122,0.64162804479031,0.16012325292857882,1.0,-1.2588612044756273,1.9429402143344963,0.9999993247997175,-0.4273332172662356,1.0251367101350795,0.0027756719790628837,-1.778288231025696,-1.2468458235358681,-0.6639049640725446,-1.1548720388290246,1.778288231025696,0.9999992497774639,1.1143832669531513,0.9991894128097204,2.1736758644921097,0.7856109476719579,7.502225360944692e-07,0.9999992497774639,0.010813746571876589,0.3886477486929972,0.24104866849493495,-0.004534008025453447,-0.0027628190630767002,1.0,0.00010000777910080361,0.09879157038725273
544,1.0,1,1,1,1.0,0.9999479296128859,0.12241864175174404,0.7601496817325384,0.11743167651571773,1.0,1.269064021092568,1.9429402146463348,0.9999823035315438,-0.4261003641055893,1.0265944520740935,0.0003989124185196573,0.9704732651069526,1.4305190936177223,0.5352164787288164,1.0370547562081247,0.9704732651069526,0.999980337257271,0.43525678637813625,0.34904539481932656,2.175114097980941,0.30745542244375823,1.96627427290208e-05,0.999980337257271,0.053828298992219824,0.004433094957255455,0.25184165674339926,0.0005927424484195725,-0.0023761602930141533,1.0,0.00010030106735303245,0.0975764660696182
545,-1.0,0,0,0,1.0,0.0008319379253966024,0.1266080571472859,0.7702345091739996,0.10315743367871462,1.0000000000000002,-0.9123956042489046,1.9429402147693384,0.9999993923197458,-0.4253662713243454,1.0280500585834524,-0.000208063334573278,-0.9963689551119429,-0.9190597028032169,-0.7595746109205535,-1.0015623579442796,0.9963689551119429,0.9999993247997175,0.23679434419138945,0.37099479998396506,2.1765936755937685,0.16615495335249228,6.752002824628178e-07,0.9999993247997175,0.007950709964571666,2.6971432978922995e-05,0.05855806970961889,9.508486237911292e-05,-0.0006072883169405667,1.0,9.000700119072392e-05,0.09773532502616522
546,1.0,1,1,1,1.0,0.9998738679885449,0.15055895984623802,0.7424628680867077,0.1069781720670543,1.0,1.1552150808993027,1.9429402153881894,0.9999840731783894,-0.42521798917563913,1.029503435816569,-7.282122498630622e-05,1.2597223576254128,1.168548675931989,0.9155941788516065,1.0119069730035635,1.2597223576254128,0.9999823035315438,0.3441281787738063,0.582411614775985,2.1780297076447277,0.24068166180709114,1.769646845617423e-05,0.9999823035315438,0.020537213788656833,0.06141246485527514,0.009276154317357229,-0.0004905030127994197,0.00013513271365559525,1.0,9.027096061773099e-05,0.09199416316148538
547,1.0,1,1,1,1.0,0.9999398745424971,0.13392307375072526,0.7662243276644624,0.09985259858481237,0.9999999999999999,1.2505553459818703,1.9429402156755993,0.9999856658605505,-0.42442581615717295,1.030954637738117,-0.0006557447053502222,1.075617106175825,1.3303237034209026,0.8730770450617481,1.1262689704275328,1.075617106175825,0.9999840731783894,0.20254006111407696,0.435275695765021,2.1794851199717167,0.14170522155486756,1.5926821610556807e-05,0.9999840731783894,0.015447103148433828,0.0025656113521734304,0.0641061510704331,0.00015457790155512478,-0.0005839085750639914,1.0,8.131268389877988e-05,0.08785404781171069
548,1.0,1,1,1,1.0,0.9999956709166473,0.15800555848687986,0.7332259231979568,0.10876851831516336,0.9999999999999999,1.589105818396171,1.9429402156992657,0.9999870992744955,-0.420299462774041,1.0324036671382042,0.00526446822275663,1.3381753884443117,1.7383336293117622,0.9476582949745743,0.8833075911970729,1.3381753884443117,0.9999856658605505,0.3905170934697374,0.6461144945982764,2.18093815347775,0.2727062207234659,1.4334139449512229e-05,0.9999856658605505,0.49815113751738976,0.20690471297255514,0.004141013076659734,0.003494957094538016,0.00592812149328876,1.0,8.151839373986558e-05,0.096656812968745
549,-1.0,0,0,0,1.0,0.0001537775734149957,0.1415157329677672,0.7506494932216845,0.10783477381054826,1.0,-1.1297117466265187,1.9429402157246023,0.9999994530877712,-0.41993651120400627,1.033850560000482,0.0061528720739210604,-1.1677181328687656,-1.1656833027625488,-0.8294326173048182,-0.8550148761706808,1.1677181328687656,0.9999993923197458,0.33828551556394737,0.5138750435209716,2.1824029683059116,0.2420643291175198,6.076802542276383e-07,0.9999993923197458,0.0754583706382314,0.09778332674958828,0.0006544519686800071,-0.00026789947333628265,0.0008976470240346166,1.0,7.3181415508905e-05,0.09763796728121689
550,1.0,1,1,1,1.0,0.999906355578068,0.10355264884710226,0.8021432557435799,0.09430409540931785,1.0,1.193540589912962,1.9429402160706568,0.9999883893470459,-0.41824796349809507,1.0352952493981873,0.007371411146467311,0.6957064852694552,1.3101356402665465,0.7484497071706314,0.8558863726777787,0.6957064852694552,0.9999870992744955,0.052743221901176196,0.13662867701155795,2.1838357241661517,0.043073127404744393,1.29007255045277e-05,0.9999870992744955,0.11401037041670442,0.025657596330143178,0.011542637095294645,0.0010602332890387348,0.0012296127998569174,1.0,6.592521136655538e-05,0.09703580725295674
551,1.0,1,1,1,1.0,0.9999979666450051,0.14548024049136285,0.7584245197607734,0.09609523974786385,1.0000000000000002,1.6863387355519583,1.9429402160802116,0.9999895504123413,-0.41385960369760516,1.0367377752226719,0.011077215873675418,1.19040856565658,1.8645776541218262,1.0303985869960486,1.121911270027302,1.19040856565658,0.9999883893470459,0.16000997866053135,0.5340788890271688,2.18528189714729,0.11937839620883924,1.161065295407493e-05,0.9999883893470459,0.3185783638385872,0.004691879508524704,0.00837457115557865,0.00376663781196075,0.0037224455121961024,1.0,5.93946276384405e-05,0.10003888629181476
552,1.0,1,1,1,1.0,0.9999793197457459,0.10251002592484976,0.8019569772824946,0.09553299679265576,1.0,1.3878850265154468,1.942940216152193,0.9999905953711071,-0.4127556261370664,1.0381781403913868,0.01202339696144832,0.6793637593112452,1.5546744596646094,0.748028450946866,1.005166412396349,0.6793637593112452,0.9999895504123413,0.06866469163562083,0.12963140375139098,2.1867257581968644,0.059142500018609996,1.0449587658722947e-05,0.9999895504123413,0.1464735375932428,0.10614736875729258,0.06611993121839585,0.0004839140260314027,0.0009642432764981635,1.0,5.9530743738500644e-05,0.10252059108450232
553,1.0,1,1,1,1.0,0.9999291880161191,0.20271973972016247,0.6443586492006038,0.15292161107923366,0.9999999999999999,1.2295040544488687,1.9429402163487053,0.9999915358339964,-0.41897299390049836,1.039616347834103,0.011640897306741619,1.8056148800684366,1.1616747186353718,0.7515950335928102,1.0223732508223602,1.8056148800684366,0.9999905953711071,1.0540198464756263,1.031736277917683,2.18816732506816,0.7498372894943867,9.404628892872857e-06,0.9999905953711071,0.04290316981096322,0.6134674497840482,0.07332084292601336,-0.0068467713596770206,-0.0003650120773806017,1.0,5.9653248228555e-05,0.10183297305211778
554,-1.0,0,0,0,1.0,5.859069719120159e-06,0.16528253726447684,0.7173549931789384,0.11736246955658484,1.0,-1.550165280115331,1.9429402163498974,0.999999507778994,-0.4169610894453347,1.0410524218379449,0.014763699361605648,-1.425842802798795,-1.6850819161933577,-0.900598273289184,-1.0236460538359433,1.425842802798795,0.9999994530877712,0.5252445295096111,0.7217012483385378,2.18961571888504,0.37931206796346933,5.469122288381811e-07,0.9999994530877712,0.277222495641845,0.1617622248762872,0.01514075629748345,0.0013855232491866935,0.0031449808721323385,1.0,5.3577669364655025e-05,0.10409346287898585
555,1.0,1,1,1,1.0,0.9997435317487795,0.1076926267846776,0.8000131672622437,0.09229420595307875,1.0,1.0638836320348404,1.9429402169041696,0.9999923822505967,-0.4156757848911357,1.0424863204174326,0.015432583859301963,0.7533208900251174,1.1387768077589497,0.7770811293690666,0.8199387222422228,0.7533208900251174,0.9999915358339964,0.02376023934394922,0.18569562257475924,2.1910426880470406,0.0313958669023701,8.464166003641083e-06,0.9999915358339964,0.05950911901372835,0.004437935569306403,0.0018367732668812056,0.0006608542013330634,0.0006920681489621657,1.0,4.8269087287098334e-05,0.10527998249592313
556,1.0,1,1,1,1.0,0.9998295030782592,0.13675483233787927,0.7368200474410534,0.1264251202210673,1.0,1.11642946200338,1.9429402172521748,0.9999931440255371,-0.4152159879692098,1.0439180704169349,0.013833558152818436,1.154999286537785,1.204217659215083,0.5630685998624866,0.9585868081840507,1.154999286537785,0.9999923822505967,0.5919306866752984,0.5083236443390924,2.192477560005619,0.4297840645320108,7.617749403276974e-06,0.9999923822505967,0.024914303364728586,0.03857786165305611,0.1564346531139002,-0.00016396269945993024,-0.0015782441969900596,1.0,4.34913634172962e-05,0.10213410186985614
557,-1.0,0,0,0,1.0,0.00014294926140543448,0.17872872060026654,0.6948171179242829,0.1264541614754505,1.0,-1.139108368842853,1.942940217271411,0.9999995570010947,-0.418370688476868,1.0453476919851847,0.014000088371880924,-1.564192437458149,-1.076239136901717,-0.8837422123563115,-0.9808218651559958,1.564192437458149,0.999999507778994,0.6804502251018376,0.8361379619973096,2.193917504362778,0.49014871572410473,4.92221005954363e-07,0.999999507778994,0.025054617249409442,0.34032122462814185,0.009424458987707258,-0.003783199288544789,0.00018756189914042625,1.0,3.9064136865334384e-05,0.10102790184089422
558,1.0,1,1,1,1.0,0.9995105116068694,0.10864904084644428,0.8006520435791322,0.09069891557442361,1.0,0.9806864014620558,1.9429402180612763,0.9999938296229833,-0.4187502871113948,1.046775152012135,0.013007760777325308,0.7705086558364185,1.0324571612574194,0.7754496129027223,1.0755607521862707,0.7705086558364185,0.9999931440255371,0.004940957066303819,0.19803623619226685,2.1953398076145523,0.017458758318293598,6.8559744629270725e-06,0.9999931440255371,0.009001142425341337,0.09305678148743951,0.09006669592206938,-0.0010086676687451781,-0.0009727866419607365,1.0,3.520789247972056e-05,0.1012079111345193
559,-1.0,0,0,0,1.0,0.00019269914599266596,0.14680323055022101,0.7232026743015144,0.12999409514826457,1.0,-1.1006756174376546,1.9429402180838267,0.9999996013009852,-0.41866658749302577,1.0482004880909235,0.010574670886703469,-1.2761606814277011,-1.1535736793808167,-0.6082086780993894,-1.0589570656283882,1.2761606814277011,0.9999995570010947,0.6679520033283117,0.6021782580307662,2.1967746425633936,0.48057416310714346,4.4299890533672226e-07,0.9999995570010947,0.0017404375650624468,0.04717741071629553,0.20317410885999249,-0.0005452436778147971,-0.0024172040555391606,1.0,3.16227249704415e-05,0.10124271945669168
560,-1.0,0,0,0,1.0,7.025067587266591e-05,0.13701367254390046,0.7674081470015657,0.09557818045453373,0.9999999999999998,-1.2305281303407187,1.9429402180920985,0.9999996411708867,-0.41770870261185766,1.049623686284301,0.010854537826190426,-1.1174106792419762,-1.2834147652862735,-0.9680519354438473,-1.0522741492642749,1.1174106792419762,0.9999996013009852,0.14935874379812897,0.4752619559005553,2.1982000295870563,0.11512579154539374,3.9869901480305003e-07,0.9999996013009852,0.0317744817696012,0.0042427675375359885,0.007093381300813826,0.0003303805707847826,0.0002961732056254485,1.0,2.839607421208923e-05,0.09232313065117057
561,1.0,1,1,1,1.0,0.9994183674369603,0.12833226155526664,0.7628896799241511,0.10877805852058213,0.9999999999999999,0.958481606054005,1.9429402189176714,0.999994446660685,-0.41725088409398153,1.0510447341690554,0.01028345619834574,1.0435431918183085,0.9811261203327056,0.6993170989269363,0.9182302047310211,1.0435431918183085,0.9999938296229833,0.3442260928913722,0.4171258508427892,2.1996165903507316,0.25181280285015095,6.170377016667672e-06,0.9999938296229833,0.0016201753084639087,0.01570334473273864,0.047922947892790446,-0.0001689980330912968,-0.0005556332710119185,1.0,2.5608319487639973e-05,0.08775393057687453
562,-1.0,0,0,0,1.0,0.00027797787906851167,0.09644253053463042,0.8080891200632294,0.0954683494021401,0.9999999999999999,-1.05351813232506,1.9429402189428917,0.999999677053798,-0.4187406991112517,1.0524636661018651,0.007288498506301356,-0.6157126856287418,-1.1667541521254083,-0.5373079878393725,-1.036271729140717,0.6157126856287418,0.9999996411708867,0.07840469778936932,0.07531926440901193,2.201044321515575,0.06516674465090426,3.588291133116428e-07,0.9999996411708867,0.0002974384227969128,0.1768699090797075,0.2489648151334351,-0.002118869647882927,-0.002984008520527658,1.0,2.299545003160208e-05,0.08737113317989642
563,1.0,1,1,1,1.0,0.999781661397928,0.13429919155836506,0.7612022290419292,0.10449857939970587,1.0000000000000002,1.0845991342190153,1.9429402192585121,0.9999950019946166,-0.4181395890203612,1.0538804556477757,0.0066074587232302666,1.1079612487129753,1.1183452663326683,0.8087566850519957,1.048051252144525,1.1079612487129753,0.999994446660685,0.2992045636609796,0.4676282998591285,2.202457279761653,0.21673169306898707,5.553339314956496e-06,0.999994446660685,0.0013357476841308437,0.0035892076888317144,0.05726188984000105,-2.7041520056410446e-05,-0.0006711137058704426,1.0,2.07484753834275e-05,0.08503402631990879
564,1.0,1,1,1,1.0,0.9998401829586309,0.10168261411593733,0.8034077809092165,0.09490960497484616,1.0,1.1247542477119357,1.9429402194741319,0.999995501795155,-0.4184391293700749,1.0552951215014652,0.006219667653133085,0.6937602823788527,1.2198674118215294,0.781374217230105,0.998986087722197,0.6937602823788527,0.9999950019946166,0.08761393485125235,0.136868636882721,2.2038747079415844,0.06793721311910692,4.998005383449744e-06,0.9999950019946166,0.0158176300672045,0.09316279224749312,0.047354926179067,-0.0009281419461634634,-0.00037844755334235,1.0,2.0789406212073924e-05,0.07782414468428796
565,1.0,1,1,1,1.0,0.9999919563724344,0.12301490506966019,0.7884715799601788,0.08851351497016093,0.9999999999999999,1.5093905393424258,1.942940219487239,0.9999959516156395,-0.41454942369771014,1.0567076666927906,0.009480983149537684,0.9574228035146385,1.6555253629170057,0.9747501895310605,0.9867929665449423,0.9574228035146385,0.999995501795155,0.01732738601642203,0.347499113441636,2.205289948565893,0.018348837864628504,4.4982048450492584e-06,0.999995501795155,0.2731082230938211,0.0008626064764266253,0.0001450284782060796,0.003266947399408734,0.0032755583353873802,1.0,1.8757133017948124e-05,0.08327009979211031
566,1.0,1,1,1,1.0,0.9999353073401699,0.11867536694341739,0.7914057238119375,0.08991890924464493,0.9999999999999999,1.2411341868239925,1.9429402195652519,0.9999963564540755,-0.41538644600033336,1.0581180942822348,0.008262529748152066,0.9047917871801754,1.326162674869186,0.9366768189616083,1.2539588507297545,0.9047917871801754,0.9999959516156395,0.03188503178143287,0.3092840060464302,2.206703011050776,0.031800505396540696,4.048384360522128e-06,0.9999959516156395,0.00016447200429575695,0.12191763826783585,0.100667887682923,-0.0014610379951624812,-0.0012060409881435269,1.0,1.6928087143235347e-05,0.08319719803899739
567,-1.0,0,0,0,1.0,0.00010436074878181388,0.13944283579757316,0.7572109667806906,0.10334619742173633,1.0,-1.1795978672196898,1.9429402195747933,0.9999997093484182,-0.4147427459264088,1.0595264162706233,0.007559226943990997,-1.1643962554750091,-1.225084969752152,-0.8668279943004207,-1.1153929153969206,1.1643962554750091,0.999999677053798,0.29756826117458846,0.516130558379674,2.2081177228941025,0.21656031257036396,3.22946202002683e-07,0.999999677053798,0.004122275838564114,0.0024013273388087935,0.061784519999709256,2.0651381997063846e-05,-0.0006919469299337417,1.0,1.5215533861543395e-05,0.082844016463119
568,-1.0,0,0,0,1.0,0.0006857050334236042,0.1271213639316452,0.7786240199990203,0.09425461606933443,0.9999999999999999,-0.9372878523890025,1.942940219619626,0.9999997384135764,-0.4141264545310024,1.0609326258654244,0.007471835243711953,-1.0148534933206348,-0.9308743685462358,-0.8856558188551996,-0.9729381267626789,1.0148534933206348,0.9999997093484182,0.12919767446543517,0.3971400487300991,2.209526082021304,0.09799759906979562,2.906515818024147e-07,0.9999997093484182,0.0012709420629184085,0.001756897953687809,0.007618201273656017,-5.831470689232805e-06,-7.616711052885131e-05,1.0,1.5168220542058907e-05,0.0823222412615279
569,-1.0,0,0,0,1.0,0.00021102801370943199,0.16431964990809128,0.7104943161338362,0.1251860339580725,0.9999999999999999,-1.0889821173035243,1.9429402196340533,0.9999997645722187,-0.41415968707758494,1.062336726222107,0.0055695484117093096,-1.4511393093836273,-1.0590369565569575,-0.7835672455379143,-1.1946554576152577,1.4511393093836273,0.9999997384135764,0.667572063845713,0.7467849929758996,2.2109323250410373,0.47477227993571103,2.6158642363327544e-07,0.9999997384135764,0.011166854852639413,0.065783966217939,0.16899351810894683,-0.000655405336383595,-0.001893919959075689,1.0,1.3626341285373212e-05,0.08103280094800526
570,-1.0,0,0,0,1.0,6.278675992959769e-05,0.15294078681545636,0.7082173281361219,0.1388418850484217,1.0,-1.244982147334869,1.94294021963847,0.9999997881149969,-0.41425919960895374,1.0637387204982607,0.0027598700129098396,-1.3672449594094778,-1.3563052695413096,-0.5424568624630897,-1.0601151988309583,1.3672449594094778,0.9999997645722187,0.8247880969463881,0.6796362804499974,2.2123364554801586,0.5829212162741809,2.354277812699479e-07,0.9999997645722187,0.03417578864914758,0.0943286898330187,0.2679701532111494,-0.0007218348142064534,-0.002805532374744022,1.0,1.2238649954356972e-05,0.07646719019283527
571,-1.0,0,0,0,1.0,0.0009755810284484943,0.14552278736653756,0.7302693878047317,0.12420782482873065,0.9999999999999999,-0.8918829836564345,1.9429402196827168,0.9999998093034972,-0.41569042995254935,1.065138611848995,0.0022345685870656614,-1.2686460931644556,-0.8595168491509897,-0.6407585421439588,-0.8529220070363186,1.2686460931644556,0.9999997881149969,0.6278875510204969,0.6006576749226109,2.213738476830507,0.4422811557272576,2.118850030985442e-07,0.9999997881149969,0.0015179576991932165,0.17282651578707472,0.0450133358351316,-0.002055702697054578,-0.0005219445376312606,1.0,1.0989727756440803e-05,0.07606318717848824
572,1.0,1,1,1,1.0,0.9999763789761538,0.1529040167074593,0.7063201831124781,0.14077580018006267,1.0000000000000002,1.3707768350676375,1.9429402197110308,0.999996720808668,-0.41512099690966603,1.0665363941094965,0.002828426387245365,1.3757082282896982,1.539562429504332,0.5185657188996582,0.9154283854662635,1.3757082282896982,0.9999963564540755,0.85714250939004,0.6848761526792092,2.2151344217711815,0.6022343251600936,3.6435459245254265e-06,0.9999963564540755,0.20734221055437504,0.21185753370956575,0.15749997611435654,-5.418387786228851e-05,0.0005981068132802221,1.0,1.1014784958922608e-05,0.08007859727232099
573,-1.0,0,0,0,1.0,7.84721077870035e-05,0.10993115616420872,0.7897988962623385,0.10026994757345285,1.0,-1.2162866283849707,1.942940219715399,0.9999998283731475,-0.41227708747237624,1.0679320890044366,0.004706324100666832,-0.8246664214608519,-1.3476822446751386,-0.6106729618298425,-0.7837926207030035,0.8246664214608519,0.9999998093034972,0.21399345963100935,0.2446121402590155,2.2165361748085184,0.1526238481289519,1.9069650281089423e-07,0.9999998093034972,0.1870510666808095,0.0016706675883922893,0.029970416288359614,0.0022245647891090065,0.0018849678047093987,1.0,9.890754980799166e-06,0.08118475028513568
574,-1.0,0,0,0,1.0,0.00033721133560177735,0.10763005627675841,0.7958854838804259,0.09648445984281565,0.9999999999999999,-1.0286553551964956,1.942940219729687,0.9999998455358328,-0.41203565184829977,1.0693256904090604,0.003405381063705712,-0.7868170127891884,-1.108542093960922,-0.6394567070913582,-0.972784169295725,0.7868170127891884,0.9999998283731475,0.1473603056978302,0.21717652275897448,2.2179318916335564,0.10785853808914797,1.7162685250760035e-07,0.9999998283731475,0.0031215894139584753,0.03458378329912668,0.11110719705960359,-0.00037754632662201853,-0.0012958272917477415,1.0,8.879128000487402e-06,0.08094977970562058
575,1.0,1,1,1,1.0,0.9991474266614492,0.13284031278774577,0.767446351346725,0.0997133358655292,1.0,0.9092403250675446,1.9429402203397692,0.9999970487278012,-0.411395702139171,1.0707171930714736,0.003205117349612471,1.0967959322756669,0.884916264546096,0.8465853755036756,1.0078898227632787,1.0967959322756669,0.999996720808668,0.2502105567719912,0.4654010939722338,2.219321919339029,0.17855277080409956,3.279191332028475e-06,0.999996720808668,0.009731723395620638,0.007904296308628763,0.02601912470572605,2.1929125043902502e-05,-0.00019544881572126498,1.0,8.031158261501136e-06,0.0811436236004128
576,-1.0,0,0,0,1.0,0.0002333551856893173,0.13980648143919835,0.7443186336821049,0.11587488487869661,0.9999999999999999,-1.0760387006580496,1.9429402203490778,0.9999998609822495,-0.4109827313199725,1.072106616865921,0.0014698571527440101,-1.1998783678732317,-1.1130179648028218,-0.6890873475179736,-1.0691769318536957,1.1998783678732317,0.9999998455358328,0.510791020355258,0.5485069921594143,2.220717015437681,0.3607588315982931,1.5446416723463585e-07,0.9999998455358328,4.708387112440521e-05,0.01708286537756886,0.14446809212050196,-0.00020442937807733347,-0.0017330520989925309,1.0,7.991215200437996e-06,0.07963097094313314
577,1.0,1,1,1,1.0,0.9996369023050522,0.14658821781248677,0.7288906577757502,0.12452112441176305,1.0,1.0191352494066133,1.942940220611183,0.999997343855021,-0.4113015585736282,1.0734939489981783,-0.00015598258780917534,1.2864870492397709,1.0303927012263812,0.6385084637733212,1.0068258453722978,1.2864870492397709,0.9999970487278012,0.6479785854664497,0.6182069080718442,2.2221032229028923,0.4550548669792588,2.951272198847832e-06,0.9999970487278012,0.0001515214276800218,0.07821038894860433,0.13565769358792618,-0.0009367064102510917,-0.0016260740659229539,1.0,8.011511534447013e-06,0.07837187705954113
578,1.0,1,1,1,1.0,0.9998618865409543,0.19731182652264742,0.6476479398092019,0.15504023366815073,1.0,1.1435371024707253,1.9429402207118645,0.9999976094695189,-0.41714193839522007,1.0748792009181172,-0.0019744704737820113,1.8077882001485657,1.0536830361855016,0.6735249339173872,1.070003259657703,1.8077882001485657,0.999997343855021,1.1342632662311785,1.0349290015452244,2.2234908944314524,0.7938283037740157,2.6561449789630487e-06,0.999997343855021,0.005407226038850276,0.5443266184151059,0.1571950627818439,-0.006467032708515068,-0.0018214540409159236,1.0,8.029778235054686e-06,0.07835958379399996
579,1.0,1,1,1,1.0,0.9994949152708147,0.12359332791535302,0.7737769155646331,0.10262975652001391,1.0,0.9766485696468298,1.9429402209948785,0.999997848522567,-0.41664444540140555,1.0762623756887812,-0.0018808749856699585,1.0096641790520215,1.006160316385963,0.7143852815231424,0.8310959948165305,1.0096641790520215,0.9999976094695189,0.29527889752887915,0.39058940484639726,2.224876451808064,0.20472075779643337,2.390530481122255e-06,0.9999976094695189,0.021185552039729865,0.03188659642116027,0.013621390597451441,-0.00012841253257716485,9.076993730734109e-05,1.0,7.2553906356120915e-06,0.07676069809567412
580,-1.0,0,0,0,1.0,7.847308442383798e-05,0.13337571198798134,0.7759359177520827,0.09068837025993602,1.0,-1.2162850260709976,1.942940220998063,0.9999998748840245,-0.41579610720619503,1.0776434817506153,-0.0017472582140489012,-1.1025084656402564,-1.2627479525716274,-0.9860766355035993,-1.0774718869870947,1.1025084656402564,0.9999998609822495,0.11643183013665714,0.4653623271107996,2.226262215818368,0.07962140610999004,1.3901775053337673e-07,0.9999998609822495,0.019269087582326976,0.0006268302706559505,0.008353091993731382,0.0002237070877400523,0.00013099194706314712,1.0,7.226800411548328e-06,0.07618831480587203
581,-1.0,0,0,0,1.0,1.9174750516457938e-05,0.13097433017010088,0.760490992365778,0.10853467746412121,1.0,-1.3976108128995026,1.9429402209988678,0.9999998873956221,-0.41395356043429604,1.0790225161907157,-0.002204826170556983,-1.105595661127584,-1.5471735875969599,-0.7020298629974974,-1.0774279660362276,1.105595661127584,0.9999998748840245,0.40356579813008653,0.46868042169587215,2.227643337867243,0.2807488004770116,1.2511597546893682e-07,0.9999998748840245,0.10251705542547143,0.0007934190467596181,0.1409237357650771,0.0012206836365445419,-0.0004608801640752681,1.0,7.2010692098900546e-06,0.07424855216038295
582,-1.0,0,0,0,1.0,0.0001162521146062736,0.15236565336762228,0.7349534701677157,0.1126808764646619,1.0,-1.1657117608037857,1.9429402210025302,0.9999998986560599,-0.41436292866987495,1.0803994821130267,-0.0022257652036525005,-1.3368150025804109,-1.1819749577037324,-0.8282725127502382,-0.9999905402595174,1.3368150025804109,0.9999998873956221,0.5085424898301727,0.6554984416300327,2.229022386695681,0.3537749167105639,1.1260437793314537e-07,0.9999998873956221,0.027463522938682015,0.11345071841775899,0.029487080971677578,-0.0010318463457489237,-2.4282696395946753e-05,1.0,7.1779111283976075e-06,0.07444233185661955
583,-1.0,0,0,0,1.0,0.00010941047623131787,0.12649602535751867,0.7888243038266969,0.08467967081578431,0.9999999999999999,-1.1735171258376484,1.942940221005653,0.9999999087904539,-0.413434143831607,1.0817743826167963,-0.0019150538576316839,-1.018036959824454,-1.2152874040886366,-1.0166697088433074,-1.0133169006602363,1.018036959824454,0.9999998986560599,0.0013672509811466504,0.4000666391896884,2.2303993655674956,-0.0012686895168498452,1.013439401287286e-07,0.9999998986560599,0.025664112146893563,2.227895851371648e-05,1.1241322712468894e-05,0.00030770199826055816,0.0003078344498901731,1.0,7.157068855054849e-06,0.06779278789284239
584,1.0,1,1,1,1.0,0.9997071806280357,0.07720953832762646,0.8092971778749528,0.11349328379742067,0.9999999999999999,1.0468234774771528,1.9429402211639313,0.9999980636703103,-0.41996548314864657,1.083147215251759,-0.0036534025555794436,0.3694535821720355,1.1524949560635682,0.7541170599977266,1.148704923290838,0.3694535821720355,0.999997848522567,0.3846634778256911,-0.11787127809397857,2.2317719084177483,0.2673493806203521,2.151477432987825e-06,0.999997848522567,0.010379829001086872,0.6072326526354522,0.15569958185822314,-0.007162233883612384,-0.0017438370342856353,1.0,6.460120015556737e-06,0.06742899380074249
585,-1.0,0,0,0,1.0,0.00021242198307467688,0.13338839043113215,0.7498607889183301,0.1167508206505377,0.9999999999999999,-1.0881347813508468,1.942940221168991,0.9999999179114085,-0.4196246466989971,1.0845179941832461,-0.0047353390224871925,-1.158112650531435,-1.1486352367140564,-0.6196057019013178,-0.9507203442244431,1.158112650531435,0.9999999087904539,0.5385069486301172,0.5065246372765014,2.2331471103607807,0.37330146148550253,9.12095461380602e-08,0.9999999087904539,0.018882727530766377,0.043011568715333154,0.10963690636077117,-0.00028954609421480133,-0.0010890501459600575,1.0,6.441361969549142e-06,0.06109617705813502
586,-1.0,0,0,0,1.0,2.4234782051608357e-05,0.1262799199017646,0.785165621094266,0.08855445900396941,1.0,-1.367476123424256,1.9429402211696438,0.9999999261202677,-0.4186086625989353,1.0858867169706927,-0.004652661370230726,-1.0334361225809272,-1.4680550793971516,-0.952041437257394,-1.1521675172507233,1.0334361225809272,0.9999999179114085,0.08139468532353322,0.40712425136574476,2.234517899781366,0.052240940703986063,8.208859147984526e-08,0.9999999179114085,0.046357795892389426,0.014097144080234885,0.040050447893496446,0.0003871278217458545,7.568817598671576e-05,1.0,5.777023192037323e-06,0.06145127779485681
587,1.0,1,1,1,1.0,0.9999151538172636,0.10977207535736959,0.7967966437672542,0.09343128087537618,1.0,1.2062370220844603,1.9429402212172053,0.9999982573032793,-0.41869201869346395,1.0872533816773415,-0.006466148946867558,0.8403747907571695,1.3158173158125508,0.7015692770195997,1.1044313426534453,0.8403747907571695,0.9999980636703103,0.13880551373756977,0.25369117000680036,2.2358844901915496,0.09251119824606811,1.9363296897001447e-06,0.9999980636703103,0.010364396364410576,0.06972586259935062,0.16229784392676894,-0.0007123375948192806,-0.0018232013707483003,1.0,5.797225772594672e-06,0.06101000899011348
588,-1.0,0,0,0,1.0,3.5107844412932306e-05,0.11664946400218563,0.7919467143430609,0.09140382165475353,1.0,-1.3197846676450555,1.942940221218027,0.9999999335082409,-0.4149731371671368,1.0886180014056865,-0.003917396714511348,-0.9257807615767958,-1.4093593956289823,-1.04651308440907,-0.7954290724362808,0.9257807615767958,0.9999999261202677,0.1207323228322742,0.32193259056797274,2.2372532967156493,0.07804647703572437,7.387973233186074e-08,0.9999999261202677,0.2749487902267484,0.01699156286178545,0.06304318106835174,0.0030954867283795556,0.00254286730990076,1.0,5.199320872835145e-06,0.06514486322846708
589,1.0,1,1,1,1.0,0.9991310543444506,0.15188725248143403,0.7277039174286287,0.12040883008993722,0.9999999999999999,0.9067907199424511,1.9429402215475855,0.9999984315729513,-0.41607764041478035,1.0899805697251606,-0.004597006963671461,1.3585417018087773,0.8425930129445577,0.724924551549256,0.9731427345621355,1.3585417018087773,0.9999982573032793,0.6336171502595214,0.671860224279885,2.238615997304458,0.43961460846715356,1.7426967207079258e-06,0.9999982573032793,0.0044025898440908165,0.1485323639547781,0.061612266378215375,-0.0017295572893282474,-0.0006865161184094947,1.0,4.6947305622846435e-06,0.06308921642571201
590,1.0,1,1,1,1.0,0.9999958739975574,0.10052553795650605,0.8119985071022353,0.08747595494125864,1.0,1.5952880700877632,1.942940221550063,0.9999985884156561,-0.4130157719223438,1.0913410946422664,-0.001974044921187598,0.7087121363396935,1.7980261405901123,0.7321996024959783,1.037260253147965,0.7087121363396935,0.9999984315729513,0.02348746615628472,0.15089206865697447,2.2399787660340547,0.01184421934572784,1.5684270486815421e-06,0.9999984315729513,0.3113950444785968,0.10794386505826166,0.09306200057621355,0.0024414141530440217,0.002619996526828599,1.0,4.2405992827898585e-06,0.06913708057186627
591,-1.0,0,0,0,1.0,0.00014754306492807063,0.13859857943419276,0.7441826182315604,0.11721880233424682,1.0,-1.1350378677883395,1.9429402215527356,0.9999999401574168,-0.4126687159922016,1.0926995828211756,-0.0036307943854389985,-1.2170652101043327,-1.1957390273241548,-0.6526782136469645,-1.0374407235351784,1.2170652101043327,0.9999999335082409,0.5643869964573681,0.5606363961611225,2.241341018176743,0.3930968525989701,6.649175909867466e-08,0.9999999335082409,0.009525202566372341,0.0322649561752323,0.14804218901547783,-0.0002728770433063195,-0.001662203837389266,1.0,3.804979279549148e-06,0.0693275678061171
592,-1.0,0,0,0,1.0,0.0001643957336574653,0.13759084938302732,0.7773857672368686,0.08502338338010414,1.0,-1.1211191060804044,1.9429402215553826,0.9999999461416751,-0.4122086770130757,1.0940560332857487,-0.004056278499728568,-1.1546449270179713,-1.1063125220374024,-1.2022448063660192,-0.9400209665199581,1.1546449270179713,0.9999999401574168,0.04759987934804788,0.5110472256221754,2.242699514002205,0.029689121158194512,5.984258322211389e-08,0.9999999401574168,0.03279653615225488,0.0460634444198527,0.06876134218361266,-0.00015920289921117384,-0.0004315776723762933,1.0,3.7895045193003798e-06,0.06811941577132016
593,1.0,1,1,1,1.0,0.9992358530023052,0.06631505243017075,0.7976123293517043,0.13607261821812494,1.0,0.923341061040746,1.9429402217944152,0.9999987295740905,-0.42299823381095714,1.0954104454457225,-0.004259275083481824,0.21132164619244298,0.98710619406671,0.8965740927484388,1.2359113978151153,0.21132164619244298,0.9999985884156561,0.6852524465559958,-0.24315136005912127,2.244054409963753,0.47562043408946847,1.4115843438577969e-06,0.9999985884156561,0.09770021543124263,1.0497841591302093,0.11514980660991465,-0.0114250073243876,-0.00020939509414406426,1.0,3.8027317554556463e-06,0.0698571451485075
594,-1.0,0,0,0,1.0,0.00018849356011767303,0.1407506239395559,0.7479752004137533,0.1112741756466908,1.0,-1.1035154489009262,1.942940221797104,0.9999999515275075,-0.42275719422882435,1.0967628296324912,-0.005352531123234429,-1.2475356179936135,-1.1281604821621876,-0.7556827003990266,-1.06152273892872,1.2475356179936135,0.9999999461416751,0.4918529175945868,0.5750302605839337,2.2454103835086485,0.34003776723272894,5.385832491100473e-08,0.9999999461416751,0.0017633876908098231,0.034600791178010654,0.09353812916784436,-0.00039404884184640994,-0.0011012968977244146,1.0,3.4105540673734504e-06,0.06881584692247929
595,1.0,1,1,1,1.0,0.9999754052906107,0.1422067659632461,0.7682794650675442,0.08951376896920976,1.0,1.3655791477219121,1.9429402218073444,0.9999988566166815,-0.4214529891352699,1.098113181963469,-0.004457353369157647,1.228308882448326,1.4240173743443272,1.0820905929028204,1.0932473408794785,1.228308882448326,0.9999987295740905,0.14621828954550553,0.5598899117298364,2.2467613686426953,0.09700027155861944,1.2704259094720172e-06,0.9999987295740905,0.07416461301806458,0.0182416200109535,0.00012447302541466484,0.000671075916085333,0.000888481679911799,1.0,3.4224585799136343e-06,0.07014012498354914
596,-1.0,0,0,0,1.0,0.00037501091309160276,0.12263150667539781,0.7914060182622473,0.08596247506235488,1.0,-1.0149798049698562,1.9429402218117724,0.9999999563747568,-0.42077205529578604,1.0994615120601032,-0.0041745427230702485,-1.0061736998835424,-1.0223703450595285,-0.9595019704026319,-0.7795457579340733,1.0061736998835424,0.9999999515275075,0.046671729480910584,0.38348597077156404,2.248113126220103,0.02821285726747976,4.847249246431318e-08,0.9999999515275075,0.05542919050364722,0.051360224072251943,0.03238423840602898,4.882759717674329e-05,0.00027653942517141887,1.0,3.069498660639436e-06,0.07083796451784895
597,1.0,1,1,1,1.0,0.9999734106598244,0.10712766351419907,0.8054083278494255,0.08746400863637549,1.0,1.3555452529900358,1.9429402218216631,0.9999989709550133,-0.41878160752771826,1.100807816709949,-0.0026476658551289893,0.8161301303789374,1.4806722463518016,0.8640054595018379,0.9806827728362699,0.8161301303789374,0.9999988566166815,0.04787532912290049,0.232132049007364,2.249460197169287,0.029338187662960088,1.1433833184693043e-06,0.9999988566166815,0.14052187902703253,0.027077572139690698,0.013613595446941221,0.001361331682648102,0.0015228994029610958,1.0,2.773829894797686e-06,0.07333946003542093
598,-1.0,0,0,0,1.0,0.0012179206288213554,0.14405938784723857,0.7303855475008213,0.12555506465194013,1.0,-0.8633039167568399,1.9429402218326717,0.9999999607372811,-0.4191890729434054,1.1021521048679703,-0.0042257860036010115,-1.3078030778092025,-0.8201984554185524,-0.6040497707754752,-0.9883285652429147,1.3078030778092025,0.9999999563747568,0.7037533070337273,0.6274608547196439,2.2508077665409196,0.48997964906848007,4.36252431956774e-08,0.9999999563747568,0.015631162729066554,0.10206396417946717,0.14767019187734862,-0.0010371936174048072,-0.0015844683497793846,1.0,2.488019610671355e-06,0.06368906053965447
599,-1.0,0,0,0,1.0,5.641370370706771e-06,0.1737961638826245,0.7064078878739436,0.11979594824343175,0.9999999999999999,-1.555037279486171,1.9429402218327543,0.999999964663553,-0.41897580329114004,1.103494376604821,-0.0009030941033386008,-1.5862893221229397,-1.6588136086506577,-0.897753758843564,-1.0158486800546325,1.5862893221229397,0.9999999607372811,0.6885355632793757,0.8498423847549466,2.2521520597158435,0.47774910829196193,3.92627188539052e-08,0.9999999607372811,0.2907243457569442,0.3254025261233026,0.013946410415848468,-0.0004161381643963007,0.003321335224093149,1.0,2.47665125996388e-06,0.06799438004202872
600,-1.0,0,0,0,1.0,0.0002697166443812916,0.10705727251789009,0.8057844979455688,0.08715822953654116,1.0,-1.0574011451724363,1.942940221835173,0.9999999681971977,-0.41974023418831785,1.1048346349447866,-0.0026929298794681473,-0.8175221915226878,-1.1199013561788482,-0.7742274877181058,-1.1797691359115705,0.8175221915226878,0.999999964663553,0.043294703804582,0.23504194992701022,2.2534943359679067,0.0294031985598688,3.533644699071914e-08,0.999999964663553,0.014973925157532828,0.1312228487190823,0.1644640284194719,-0.0013949870827385936,-0.0017938812391432692,1.0,2.2193434788131407e-06,0.06601365113684529
601,-1.0,0,0,0,1.0,7.281711898315585e-06,0.15155424660478897,0.7070869325883833,0.1413588208068278,1.0,-1.522195222200327,1.9429402218352576,0.999999971377478,-0.41777816269883955,1.1061728829066335,-0.0009424877886211204,-1.4179560483329747,-1.7503501176000158,-0.4927054821869595,-0.9366617951945959,1.4179560483329747,0.9999999681971977,0.9252505661460153,0.714624604478062,2.2548345983715636,0.6449824664227426,3.1802802280544995e-08,0.9999999681971977,0.3428493941410758,0.23164415810402986,0.19709720785933446,0.0013344628324445512,0.001749026235380896,1.0,1.987766475777253e-06,0.06649907174289506
602,1.0,1,1,1,1.0,0.999984871642331,0.16608009381023614,0.7162889910826009,0.11763091510716298,1.0,1.4281093585423643,1.9429402218405933,0.999999073859512,-0.41809049064107245,1.1075091208082204,0.0007513808122219207,1.5154204033398317,1.4992351659585734,0.8717313070318273,1.0229834595131522,1.5154204033398317,0.9999989709550133,0.6436890963080044,0.794558159973026,2.2561716995048986,0.44963987962698193,1.0290449866667828e-06,0.9999989709550133,0.1641269940642274,0.24249414364536037,0.022877213630233942,-0.0009404057949735957,0.0016949973652079214,1.0,1.7993556223361296e-06,0.06685214087231475
603,-1.0,0,0,0,1.0,8.761676088817131e-05,0.12184602129640001,0.7762696330770107,0.1018843456265894,1.0,-1.2021021694808458,1.9429402218413168,0.9999999742397302,-0.41817101828571956,1.1088433570498784,-0.0032009239255354482,-1.0298222255798473,-1.294147930263857,-0.7068278177098746,-1.2873708300603965,1.0298222255798473,0.999999971377478,0.3229944078699727,0.40576728982280535,2.25750908789232,0.22684746632120278,2.8622522019183805e-08,0.999999971377478,0.007270744477030629,0.06633128366987841,0.3370301891890183,-0.0007087264703141733,-0.003957113336543852,1.0,1.6118354949190561e-06,0.0661394923656361
604,-1.0,0,0,0,1.0,9.447561393467914e-05,0.13398997177454344,0.765006369554474,0.10100365867098256,1.0,-1.1924034288491914,1.9429402218420133,0.9999999768157571,-0.41742133087356925,1.1101755919448888,-0.00280235855970701,-1.1686189316893179,-1.2444708049063553,-0.8295948859827817,-0.9657094859345421,1.1686189316893179,0.9999999742397302,0.3390240457065361,0.5167241270657348,2.258843327425568,0.2341159080690398,2.5760269806163194e-08,0.9999999742397302,0.051390143754190265,0.04117224317651029,0.018527184320027756,0.0001226148069321597,0.0003943555132099501,1.0,1.6014124557384158e-06,0.061622845327883
605,-1.0,0,0,0,1.0,9.818171850178025e-05,0.12194166264203955,0.7779849067554458,0.10007343060251477,1.0000000000000002,-1.1874519138083273,1.9429402218426621,0.9999999791341814,-0.41657974663244857,1.1115058284945,-0.0038372201453102618,-1.0305406594118627,-1.271219145082002,-0.727433484480072,-1.0516985300153125,1.0305406594118627,0.9999999768157571,0.30310717493179073,0.4070111966559209,2.260175565283009,0.2093726638925465,2.3184242858853565e-08,0.9999999768157571,0.01842898121125355,0.0004476554884723281,0.10514781975597166,0.0002157759086733747,-0.0010406260625366174,1.0,1.4325928205227712e-06,0.060801242571833516
606,-1.0,0,0,0,1.0,9.59760318343937e-05,0.1658590060471823,0.7050544527543393,0.12908654119847837,1.0,-1.190375800220045,1.9429402218432343,0.9999999812207633,-0.4179192403420166,1.1128340696955306,-0.005716129655971476,-1.5386857245446122,-1.1931121163874794,-0.7278985412543446,-1.1291902696703795,1.5386857245446122,0.9999999791341814,0.8107871832902676,0.8143688330032413,2.2615058044988086,0.563713808157877,2.086581862847936e-08,0.9999999791341814,0.00374366914864406,0.16768652756265473,0.1610350512951287,-0.0019673143009681284,-0.001887496585757816,1.0,1.2806551488298013e-06,0.06037782988751182
607,1.0,1,1,1,1.0,0.9993427614518351,0.1164879586208893,0.7568456505131735,0.12666639086593712,1.0,0.9427472319240904,1.9429402219809573,0.9999991664735608,-0.4171976875197701,1.114160316102439,-0.011644251136911742,1.0117260209980605,1.0355742799065095,0.3246594715670285,1.0345103836584149,1.0117260209980605,0.999999073859512,0.687066549431032,0.3914615764564318,2.2628330046339693,0.4752304549457509,9.261404879667978e-07,0.999999073859512,0.008420476016216658,0.0005191271818385486,0.503888317396973,9.48161860125373e-05,-0.005945614096569077,1.0,1.28933353847005e-06,0.06004514706284796
608,-1.0,0,0,0,1.0,0.0023125638089133856,0.1105414199329798,0.8026988017490099,0.08675977831801035,1.0,-0.7806574779504406,1.9429402219890939,0.999999983098687,-0.4162173821316434,1.1154845755782838,-0.011532974628618688,-0.8734609017627422,-0.76571649646628,-0.8006492958764647,-0.9864648653113445,0.8734609017627422,0.9999999812207633,0.07281160588627744,0.28157103389042365,2.2641602945063166,0.039323872983482465,1.8779236721222503e-08,0.9999999812207633,0.04235668069232113,0.012769895777693841,0.03452742584440862,0.00035504141897552745,9.395105817495015e-05,1.0,1.152589633945933e-06,0.060712257828187566
609,1.0,1,1,1,1.0,0.9999653073204805,0.12383694171371852,0.786338771306449,0.08982428697983237,0.9999999999999999,1.321315376642508,1.942940221998264,0.9999992498262047,-0.4138586232180446,1.1168068464681795,-0.009626266842038636,1.0415987586289468,1.414859057690893,0.8880497866077834,0.9227073357442565,1.0415987586289468,0.9999991664735608,0.15354897202116335,0.4170616247715141,2.2654836170228787,0.09595130578619565,8.335264392034247e-07,0.9999991664735608,0.15888837026874225,0.014135170435546272,0.001201145712147041,0.001737038397998352,0.0018922466946791425,1.0,1.160400184623267e-06,0.06385521648226115
610,1.0,1,1,1,1.0,0.9997671160731053,0.15963319036183665,0.7315910798243707,0.10877572981379267,1.0,1.0762988730436032,1.942940222043392,0.9999993248435842,-0.4141108916063993,1.1181271341783434,-0.010241360304153811,1.447901882868327,1.0186596865506967,0.9186179331023212,1.1640602818636037,1.447901882868327,0.9999992498262047,0.5292839497660058,0.7444628830766171,2.2668059837683145,0.3608724979941654,7.501737953052867e-07,0.9999992498262047,0.007702064878071261,0.08056605446092456,0.060241946565455014,-0.0008743678749942396,-0.000630478580248605,1.0,1.1674296802333118e-06,0.06337376814443056
611,-1.0,0,0,0,1.0,0.000228856632162989,0.09412533577211522,0.8136295024672238,0.09224516176066108,1.0,-1.078543981045893,1.9429402220443932,0.9999999847888182,-0.415035002300446,1.1194454434315673,-0.010760532860403996,-0.6567001925610372,-1.1587626848443728,-0.8014333409027498,-1.0204826234271511,0.6567001925610372,0.999999983098687,0.14473314834171258,0.11124926244243044,2.2681271147418336,0.091071843535045,1.6901313015793562e-08,0.999999983098687,0.003371121248531435,0.13233765700685898,0.04798258817445501,-0.0015475984290999308,-0.000535337603111083,1.0,1.0443601661602741e-06,0.0634087870632319
612,-1.0,0,0,0,1.0,0.0010839972051431403,0.1088939399662717,0.8082649072008109,0.0828411528329174,1.0,-0.8783100081576051,1.9429402220478689,0.9999999863099365,-0.4145261854776279,1.120761775225651,-0.010844320704690475,-0.8499561858778125,-0.8847079187763351,-0.8531576878418862,-1.0315216700632241,0.8499561858778125,0.9999999847888182,0.0032015019640736497,0.2649299464018041,2.2694454259387085,-0.008519481485552441,1.5211181758623127e-08,0.9999999847888182,0.02347381334388173,0.03296602504748296,0.03181371015385377,-0.00011390654044321476,-0.00010007876171966453,1.0,1.0374878075292138e-06,0.0638723145616536
613,-1.0,0,0,0,1.0,0.00033981704840263055,0.13923682585740457,0.7516455199806769,0.10911765416191854,1.0,-1.0276645689714112,1.9429402220490162,0.9999999876789428,-0.41411440573053954,1.1220761325259674,-0.012254375680331121,-1.2489992270446018,-1.0274849162498318,-0.7464735892470177,-1.0987378167181943,1.2489992270446018,0.9999999863099365,0.5025256377975841,0.5846731961580536,2.2707617594820775,0.34092362575361834,1.3690063527249663e-08,0.9999999863099365,0.0050514065452755995,0.022578491433281,0.12409008595586483,-0.00021032501865606481,-0.001428464152927071,1.0,9.266948225006289e-07,0.0639466277388765
614,-1.0,0,0,0,1.0,0.00038809120742840553,0.16976460406938607,0.7072533570055078,0.1229820389251062,1.0000000000000002,-1.0105666041100636,1.942940222050176,0.9999999889110486,-0.4176388073134205,1.1233885182940224,-0.01259741653296605,-1.5740179536288474,-0.9102367664521613,-0.8097610150346711,-0.9852707338592682,1.5740179536288474,0.9999999876789428,0.7642569385941763,0.8450999571725386,2.2720761183567513,0.5227254813355923,1.2321057174524697e-08,0.9999999876789428,0.0006398810517450748,0.3466232887864092,0.030803661401889133,-0.004151800892815969,-0.0003619653642017287,1.0,8.269811359751245e-07,0.06364307275856732
615,1.0,1,1,1,1.0,0.9967546648124284,0.08384594237515941,0.8292861406130676,0.08686791701177302,1.0,0.7369354397657971,1.9429402224377053,0.9999993923592259,-0.4192239471552077,1.1246989337290514,-0.014294277905217976,0.4993029820481649,0.7813929376626995,0.5418867948940744,1.0064851449143528,0.4993029820481649,0.9999993248435842,0.04258381284590951,-0.018196421674888552,2.273387741864144,0.017211252459170604,6.75156415774758e-07,0.9999993248435842,0.07265704354567332,0.2572337463296243,0.21585162684156511,-0.002214920433407412,-0.0017183349995507015,1.0,7.505201673896345e-07,0.059634049167604355
616,-1.0,0,0,0,1.0,8.452538757168306e-05,0.11261564694315039,0.8010778074365266,0.08630654562032301,1.0,-1.2067244770098609,1.9429402224379768,0.9999999900199437,-0.4176143844646557,1.1260073852985761,-0.013371150370818666,-0.914931817972618,-1.2698024509366443,-1.001989762475023,-0.9205744377216594,0.914931817972618,0.9999999889110486,0.0870579445024049,0.3127215072228867,2.274698920976757,0.04664628324646544,1.1088951423765536e-08,0.9999999889110486,0.08188184498463925,3.1839157632271403e-05,0.0066284551046956516,0.0009822000699240838,0.0009030406785593233,1.0,6.697742592076672e-07,0.06126839662721123
617,-1.0,0,0,0,1.0,4.971517147825942e-05,0.12530498968458217,0.7857720588191139,0.08892295149630389,1.0,-1.2750200159878329,1.9429402224381287,0.9999999910179493,-0.41643326732930586,1.1273138741937296,-0.013047056584847491,-1.072132115538958,-1.3481953092728987,-0.9143006061315464,-1.0594882594136545,1.072132115538958,0.9999999900199437,0.15783150940741164,0.44009130796651075,2.2760073738215114,0.09711090621436948,9.980056336900134e-09,0.9999999900199437,0.046453938091950864,0.0001598670977173748,0.02107945466556565,0.0005555288519308018,0.0003044938011166226,1.0,6.635149362943515e-07,0.06211502987227896
618,1.0,1,1,1,1.0,0.9998858018062575,0.12950740986015893,0.7819138363176235,0.08857875382221764,1.0,1.1680056812784536,1.9429402224575807,0.9999994531233033,-0.4154320741878972,1.128618401745245,-0.011801338134468374,1.1196749881232206,1.1996934469234266,0.9589496863196542,0.8187286931200906,1.1196749881232206,0.9999993923592259,0.16072530180356648,0.4793067231692707,2.277313175406839,0.09946065467764903,6.076407741417711e-07,0.9999993923592259,0.12199441445697728,0.090568672476111,0.019661926933872063,0.0003771089037703954,0.0012279898502772627,1.0,6.698547201411387e-07,0.06452949932016014
619,1.0,1,1,1,1.0,0.9996133962053174,0.11792600196496396,0.7822380549853332,0.0998359430497028,0.9999999999999999,1.011060891933594,1.9429402225088839,0.9999995078109729,-0.4147766588216765,1.1299209726712476,-0.011860683696699851,1.002435075535944,1.0557233325989384,0.6713089785509417,0.8506481287477546,1.002435075535944,0.9999994531233033,0.33112609698500217,0.38651598624085803,2.278617772837044,0.21998692975503312,5.468766967053895e-07,0.9999994531233033,0.02573225459291616,0.0230392772152806,0.03216253079331502,3.2315728531626734e-05,-7.716331440478631e-05,1.0,6.755605256025809e-07,0.06482080731496567
620,1.0,1,1,1,1.0,0.999963121285458,0.11872501580295682,0.7972745353700225,0.08400044882702075,1.0,1.3134525469933738,1.9429402225146057,0.9999995570298756,-0.41258771797540283,1.1312215898855837,-0.010264122969649101,0.9878850157475629,1.4024674981453038,0.9287362272615614,0.9498490074660372,0.9878850157475629,0.9999995078109729,0.05914878848600158,0.37553135377637387,2.2799204066538663,0.029543468243501254,4.921890270903617e-07,0.9999995078109729,0.13220753395680743,0.0014467379259922959,0.0004457494879625062,0.0015691295523697817,0.001581141413626139,1.0,6.806957505189892e-07,0.06678144222111887
621,1.0,1,1,1,1.0,0.999930463896761,0.14718454946988027,0.744836525905206,0.10797892462491374,1.0,1.2318437309272903,1.9429402225237122,0.999999601326888,-0.41252781475528705,1.1325202563069425,-0.010662128749337143,1.3404140880052033,1.2692591838032645,0.8257619406156794,1.0712843227237778,1.3404140880052033,0.9999995570298756,0.5146521473895239,0.6597435524287599,2.2812210804699404,0.3499923802030176,4.429701243591211e-07,0.9999995570298756,0.02577932356266214,0.07243083056043519,0.06028124011603508,-0.0005598180839732766,-0.0004140229986404753,1.0,6.853174529442008e-07,0.06726666953838825
622,-1.0,0,0,0,1.0,4.290100897878864e-05,0.08143489474651401,0.8269193560520447,0.09164574920144147,1.0000000000000002,-1.2939888981756626,1.942940222523832,0.9999999919161544,-0.4114785733265937,1.1338169758982728,-0.009183719589035055,-0.4714309348084651,-1.4513681413888555,-0.6048677787085748,-0.8608727344794668,0.4714309348084651,0.9999999910179493,0.13343684390010968,-0.03538306690851495,2.282520245977584,0.08274366198073962,8.9820506588012e-09,0.9999999910179493,0.18758961125490994,0.1516649153309886,0.06553853737925637,0.00043109635108705603,0.001464612886507843,1.0,6.126261754668683e-07,0.06687161755239894
623,1.0,1,1,1,1.0,0.9999612115121315,0.12704136125775845,0.7624668366651676,0.1104918020770741,1.0,1.3069558384750144,1.9429402225286825,0.9999996411941993,-0.4100345724350986,1.1351117493598346,-0.010237723963625342,1.1290609859309848,1.43718905917492,0.6128001984544952,1.0240677553890787,1.1290609859309848,0.999999601326888,0.5162607874764896,0.49177021541819416,2.283816517424194,0.35219883164450766,3.986731119676179e-07,0.999999601326888,0.08002566755203527,0.011023578459625849,0.16914100338694088,0.0008280250691089132,-0.0010693840300188672,1.0,6.167857076500027e-07,0.06473110956982346
624,1.0,1,1,1,1.0,0.9999839755897532,0.11525552252078838,0.7941848271238093,0.09055965035540227,1.0,1.4207052287736615,1.942940222530643,0.9999996770747793,-0.40484216566826964,1.1364045807685546,-0.00526115628327242,0.9562266171710445,1.5612822317693544,0.7790243310043694,0.7772314100021995,0.9562266171710445,0.9999996411941993,0.1772022861666751,0.35494672130173704,2.2851113367331637,0.11380387635304723,3.588058007375494e-07,0.9999996411941993,0.41405855544432824,0.03203928418941773,3.2145657200218406e-06,0.0045842312550589265,0.004968664090543299,1.0,6.205292866146017e-07,0.07294984889043085
625,-1.0,0,0,0,1.0,4.1180014297014685e-05,0.10007325785680798,0.8014722126940338,0.09845452944915813,0.9999999999999999,-1.2992572045226376,1.9429402225307466,0.999999992724539,-0.40241643961183954,1.1376954738756129,-0.003520248256851755,-0.7633736639638702,-1.3978106458275321,-1.04167400263669,-0.8897117039868281,0.7633736639638702,0.9999999919161544,0.2783003386728198,0.20585676550282656,2.286404571472132,0.1895490807877014,8.08384559292108e-09,0.9999999919161544,0.16772751700912675,0.01596130035684251,0.023092540210949815,0.0018211945998274108,0.0017356197215781233,1.0,5.551071368858906e-07,0.07610976476270098
626,-1.0,0,0,0,1.0,4.763838218827556e-05,0.11397159139922845,0.783067582535341,0.10296082606543044,0.9999999999999999,-1.280510848743262,1.9429402225308532,0.9999999934520851,-0.40099074830119863,1.1389844306451902,-0.0049018217684014005,-0.9535526495449496,-1.4203651726764015,-0.5787736558048002,-1.012112424384433,0.9535526495449496,0.999999992724539,0.37477899374014934,0.3604256800241202,2.2876954655088326,0.2588250473612528,7.275461011424511e-09,0.999999992724539,0.07203771419830199,0.003429247229251004,0.18778248835411257,0.0008233016036286119,-0.001388937289869727,1.0,5.521633627614265e-07,0.07754957736924453
627,1.0,1,1,1,1.0,0.9998557054184352,0.10501643167889138,0.8073153711257803,0.0876681971953284,1.0000000000000002,1.1379029106425456,1.9429402225435786,0.9999997093673014,-0.40002307769930023,1.1402714531293083,-0.004369836342246975,0.8129715641134759,1.2040173742356903,0.9183011305752874,0.9284100492714479,0.8129715641134759,0.9999996770747793,0.10532956646181146,0.2493865029895822,2.2889840592811863,0.06882887475486663,3.229252206748967e-07,0.9999996770747793,0.043887258965449955,0.01332604385556731,0.000102190237205583,0.00036673458131859175,0.0005254208247389325,1.0,4.995964231979677e-07,0.07842429211999993
628,1.0,1,1,1,1.0,0.9999435779731658,0.17740508433190172,0.6877188442077709,0.13487607146032754,1.0,1.2587359085825918,1.9429402225485324,0.9999997384305713,-0.40395472464467175,1.141556545166286,-0.004553912040409637,1.6691872857501378,1.2588449130619597,0.7183055355304047,1.0032402275220889,1.6691872857501378,0.9999997093673014,0.9508817502197331,0.93532675090081,2.290271118901705,0.6612473888115662,2.9063269857410035e-07,0.9999997093673014,0.06527804304057022,0.44348548436259233,0.08118777870039594,-0.004538489295864265,-0.0001909168279179086,1.0,4.522861775901887e-07,0.07962170846003432
629,1.0,1,1,1,1.0,0.999841051272519,0.14671608616658302,0.7550246359856148,0.09825927784780215,1.0,1.1254553554390512,1.9429402225597625,0.9999997645875142,-0.4045333954081902,1.1428397096439227,-0.0042663966519594,1.3215749030870423,1.1095968619919954,0.9544756822976191,0.9714617179743676,1.3215749030870423,0.9999997384305713,0.36709922078942314,0.6533051978249622,2.291556244361443,0.25241554251218656,2.615694286722814e-07,0.9999997384305713,0.02371404037960438,0.12257924238974198,0.0002885254080117729,-0.0011863824241216511,0.0002811061796591113,1.0,4.0970695654118926e-07,0.07967227822683182
630,1.0,1,1,1,1.0,0.9995449518394788,0.10542027099506102,0.7974899277610544,0.09708980124388467,1.0,0.9900783431529785,1.9429402225852173,0.9999997881287628,-0.4042995490117529,1.144120949446332,-0.0067010438947716,0.8423232144522768,1.0608647017463375,0.5690761187290976,1.0215310107972073,0.8423232144522768,0.9999997645875142,0.2732470957231792,0.2693251761536313,2.2928394389195637,0.18700657035426602,2.3541248583835994e-07,0.9999997645875142,0.000989270301938319,0.032115434270806105,0.20471542935636483,-0.00037351396762641347,-0.0024447139086531183,1.0,4.1163485124728895e-07,0.07930668188122404
631,1.0,1,1,1,1.0,0.9992836336590252,0.09899430160480836,0.8173015625273619,0.0837041358678299,1.0000000000000002,0.9316553032904463,1.9429402226191543,0.9999998093158865,-0.40470001795054117,1.145400267453198,-0.007945632661371823,0.7343430092503918,0.978995903387627,0.7027687197872955,1.045950684365972,0.7343430092503918,0.9999997881287628,0.03157428946309626,0.1831748583885605,2.294120705794409,0.01540095872939578,2.1187123722121726e-07,0.9999997881287628,0.013063434135199644,0.09709934319093703,0.11777386081208001,-0.0010084309086688488,-0.0012565251201225643,1.0,4.1336995648233455e-07,0.0775176094554186
632,1.0,1,1,1,1.0,0.9999328055692864,0.10696975895318857,0.8003632986206456,0.09266694242616601,1.0000000000000002,1.2362517489748537,1.942940222622956,0.9999998283842979,-0.4037541346809498,1.1466776665381275,-0.007364680367384067,0.8594756077072595,1.3058697188061923,1.069892370288556,1.0103367250123103,0.8594756077072595,0.9999998093158865,0.2104167625812966,0.2828804682152665,2.295400048166467,0.13934610114553578,1.9068411349909553e-07,0.9999998093158865,0.05103759805199654,0.0227590767145283,0.003546874884270018,0.0003393422560496189,0.0005698886780127183,1.0,4.1493155119365353e-07,0.07798909095768489
633,-1.0,0,0,0,1.0,7.009031562689478e-05,0.0948081175907249,0.8198797066709467,0.08531217573832837,1.0,-1.2308221992813921,1.9429402226230916,0.9999999941068766,-0.405274064148985,1.1479531500206746,-0.010136630804096417,-0.6789114969537845,-1.3581967134167834,-0.6200516490067777,-1.11557776504219,0.6789114969537845,0.9999999934520851,0.05885984794700683,0.1393750628820778,2.2966776590080253,0.03383721319552071,6.547914876975369e-09,0.9999999934520851,0.013281279623113767,0.19067742968625528,0.24554613167314102,-0.002128753800757698,-0.002787178224600327,1.0,4.130356306886185e-07,0.0777414343072093
634,1.0,1,1,1,1.0,0.997902548814447,0.1131785296797444,0.7858643631070054,0.10095710721325017,0.9999999999999999,0.7932478656412415,1.9429402226916197,0.9999998455458681,-0.40374451570704184,1.1492267198380604,-0.012147179839140971,0.9567616074189683,0.7956751271140098,0.5910457252301845,1.1102097078122173,0.9567616074189683,0.9999998283842979,0.3657158821887838,0.3601352217861897,2.297952952662617,0.24586448672805225,1.7161570209367483e-07,0.9999998283842979,0.10046480939241856,0.023546319514296612,0.2695312408104372,0.0009230218785374634,-0.002028797177016224,1.0,3.734383960707355e-07,0.07954313391503594
635,1.0,1,1,1,1.0,0.9950273041375929,0.1264729280361481,0.780340624939751,0.0931864470241008,0.9999999999999999,0.6818027642010923,1.9429402228172983,0.9999998609912812,-0.4026176474192329,1.1504983793526748,-0.011438106400876408,1.1040860157111256,0.5947064091049067,0.8380210271730444,0.944453513693043,1.1040860157111256,0.9999998455458681,0.26606498853808125,0.4795242968618587,2.2992265422158082,0.1740983121375159,1.5445413192871627e-07,0.9999998455458681,0.06898541620868343,0.025482535700553165,0.011327874186829682,0.0005220345660975631,0.0006918905042622449,1.0,3.747032877865486e-07,0.08054518768859427
636,1.0,1,1,1,1.0,0.9996217900650274,0.11139460550656041,0.7935361459773422,0.09506924851609734,1.0,1.0138864231355154,1.9429402228300914,0.9999998748921531,-0.4023368889082196,1.1517681314096353,-0.01390051422843134,0.9246195964749756,1.0696377526100869,0.6531298933530811,1.1203232395422185,0.9246195964749756,0.9999998609912812,0.27148970312189447,0.33707802976074763,2.300498219492648,0.17860468578444968,1.390087187580491e-07,0.9999998609912812,0.011328795886794224,0.038299915909790795,0.2182696227234031,-0.00032365344027595884,-0.0024832899220393065,1.0,3.7584169033211267e-07,0.07984460768848238
637,-1.0,0,0,0,1.0,0.00037464709779891727,0.13072715039029334,0.7672753162505332,0.10199753335917354,1.0000000000000002,-1.0151047414662526,1.9429402228306292,0.9999999946961889,-0.4021364471329643,1.1530359791966638,-0.014550131903375913,-1.1679645676981165,-1.0252891810420663,-0.742576596193081,-0.981502184625253,1.1679645676981165,0.9999999941068766,0.4253879715050355,0.5320347652502736,2.3017681246325434,0.28387106582509347,5.893123433686753e-09,0.9999999941068766,0.0011291318262526134,0.034768220301211315,0.05708543680765961,-0.00040366906169950445,-0.000671475659776884,1.0,3.372329590067835e-07,0.07965990239771921
638,1.0,1,1,1,1.0,0.999282266474613,0.11040434510540607,0.7856764318696191,0.10391922302497472,0.9999999999999999,0.9314097927568786,1.9429402228507016,0.9999998874029379,-0.4015442325277135,1.1543019248918522,-0.01825127569602095,0.9284709124734216,0.9878874406614437,0.5075354560287948,1.0859886636777154,0.9284709124734216,0.9999998748921531,0.4209354564446268,0.340640282845773,2.30303583532264,0.28010468760786283,1.2510784686003973e-07,0.9999998748921531,0.023894627335160717,0.024811841944457798,0.3346081134393253,-1.1006575311564973e-05,-0.0037285618332499747,1.0,3.3825752129734707e-07,0.07463881913988747
639,1.0,1,1,1,1.0,0.9999635289193357,0.10008189478898925,0.8007577263856086,0.099160378825402,0.9999999999999998,1.314882765055884,1.9429402228519974,0.999999898662644,-0.40103038492195275,1.1555659717010176,-0.017464146632102037,0.782845486596532,1.4059143171771222,1.1167500026351198,1.0558029915384353,0.782845486596532,0.9999998874029379,0.33390451603858784,0.22473215674951214,2.3043017954052307,0.2154818855309905,1.125970621185246e-07,0.9999998874029379,0.06712232904585258,0.07450579950410917,0.003714538161619389,-8.860164549907906e-05,0.0007608934906107983,1.0,3.0565552812555906e-07,0.07589321392392269
640,-1.0,0,0,0,1.0,0.00010135691708663617,0.15037725397314844,0.7375100585345269,0.11211268749232471,1.0,-1.1833561536884623,1.9429402228521502,0.99999999522657,-0.4026284431481947,1.1568281227291746,-0.016256149252117696,-1.3955797336367026,-1.2032134277914732,-0.7680727490318513,-0.8569625629357025,1.3955797336367026,0.9999999946961889,0.6275069846048513,0.7154334019874093,2.3055659656016347,0.42179074259129384,5.303811057011387e-09,0.9999999946961889,0.10653277608448002,0.2901084565739503,0.007901399015861298,-0.0022029081658736433,0.0011835765248234245,1.0,2.7439306337306847e-07,0.07179596855604037
641,-1.0,0,0,0,1.0,7.330308455182066e-05,0.12108767709514436,0.7724088232039665,0.10650349970088906,0.9999999999999999,-1.2250550031090819,1.942940222852253,0.999999995703913,-0.40124324180972437,1.1580883805322169,-0.016741107110640596,-1.0705718426085995,-1.3378906524341383,-0.582360216106407,-0.9367784682785294,1.0705718426085995,0.99999999522657,0.4882116265021925,0.453829030938685,2.3068281172397302,0.32549198929941703,4.773429984616939e-09,0.99999999522657,0.08310336053391074,0.01790066701462626,0.12561229747274216,0.0007824323222314138,-0.0005101072432659771,1.0,2.731586967907873e-07,0.07326753171539113
642,1.0,1,1,1,1.0,0.9999633109242336,0.12440284823764572,0.776973003729427,0.09862414803292731,1.0,1.3141159337257575,1.9429402228534256,0.9999999087963797,-0.3991063558643396,1.1593467476882702,-0.015182034244813104,1.0968137201486066,1.4237726818831569,0.7243281397841247,0.9106896671928449,1.0968137201486066,0.999999898662644,0.37248558036448187,0.47620773430916097,2.3080882639942573,0.24399879914449674,1.0133735595108107e-07,0.999999898662644,0.16275275252868462,0.03464216308867916,0.03473061889811119,0.0015373270732800656,0.0015362656035668814,1.0,2.7398859224536666e-07,0.07586665604291971
643,-1.0,0,0,0,1.0,0.0002753789225531833,0.11123642229984479,0.8033597228421046,0.0854038548580508,1.0,-1.0547271340717082,1.9429402228537251,0.9999999961335216,-0.3980261139124635,1.1606032275551728,-0.014639908318604756,-0.9141354727240268,-1.1017630585255713,-0.7953962893904922,-0.8414919710696127,0.9141354727240268,0.999999995703913,0.11873918333353461,0.33220202231488194,2.30934674274777,0.06793539408866112,4.2960870416663965e-09,0.999999995703913,0.04546923474053021,0.005277078332614869,0.0021248118694628037,0.00048230587689498407,0.0005201330744528089,1.0,2.45842827109044e-07,0.07482203642910547
644,-1.0,0,0,0,1.0,3.767923030028179e-05,0.09686698035340367,0.8148642711620855,0.08826874848451095,1.0000000000000002,-1.3106893017066272,1.9429402228537709,0.9999999965201695,-0.3988487568624553,1.1618578227034184,-0.014909580556353021,-0.7236830961235701,-1.4281777948021634,-0.8702655120852347,-1.1181089567441607,0.7236830961235701,0.9999999961335216,0.14658241596166466,0.18092036298639252,2.3106032231087226,0.0879677828545605,3.866478359704217e-09,0.9999999961335216,0.03708718926586262,0.15557175952629357,0.061426373060402086,-0.0014218148431251712,-0.00029207020553447357,1.0,2.44842990178018e-07,0.07552851246060653
645,-1.0,0,0,0,1.0,4.318076711540839e-05,0.11309534092538419,0.8041350517721113,0.0827696073025044,0.9999999999999999,-1.293152520545465,1.9429402228538175,0.9999999968681526,-0.39681967029415927,1.1631105359599843,-0.013505353431955448,-0.9364631670378031,-1.3722298783930291,-1.0122647410205616,-0.9474162859338553,0.9364631670378031,0.9999999965201695,0.07580157398275855,0.35032177676778725,2.311857818701613,0.03815152123157796,3.479830534836026e-09,0.9999999965201695,0.11953354392341405,0.00011997081355105612,0.004205322127132568,0.0014329628773183558,0.001383938661555378,1.0,2.195040685992744e-07,0.07643589107871353
646,-1.0,0,0,0,1.0,0.00011266442919372752,0.1065029431701323,0.8081735415030852,0.08532351532678262,1.0,-1.1697457328929761,1.9429402228539165,0.9999999971813373,-0.39737734228617544,1.164361370147606,-0.01561936812267227,-0.8541575103413819,-1.2564608893724785,-0.7423158450973122,-1.1643962426349062,0.8541575103413819,0.9999999968681526,0.11184166524406969,0.28650633797894626,2.3131105323583596,0.06478381223889332,3.1318474480457326e-09,0.9999999968681526,2.8617046021185476e-05,0.09624807101509303,0.17815186198549335,-0.001154633447628862,-0.0021374789392736657,1.0,2.1859725569894904e-07,0.075327879609561
647,1.0,1,1,1,1.0,0.9997225366789348,0.13176434744868198,0.7783722926832621,0.08986335986805581,1.0,1.0537565967939366,1.9429402228603163,0.9999999179167417,-0.3971317428806178,1.1656103278468584,-0.015582878839115208,1.1694359413271926,1.049032711867772,0.9250559537026226,0.9851716903634096,1.1694359413271926,0.9999999087963797,0.24437998762457003,0.5381714107755786,2.3143612652634427,0.15544662321452674,9.120362032266627e-08,0.9999999087963797,0.004703889390084152,0.03395331418324403,0.0036139017942690846,-0.00035099309751791856,1.3079851149780806e-05,1.0,1.975536617360163e-07,0.07261151981682203
648,-1.0,0,0,0,1.0,4.005552728114881e-05,0.15358466605016521,0.7315836394945088,0.11483169445532596,0.9999999999999999,-1.3028197817146538,1.9429402228603516,0.9999999974632036,-0.3978415428414592,1.1668574123474906,-0.01483131932244027,-1.4397281239804054,-1.3600968074107873,-0.7548007244059828,-0.9733621268070846,1.4397281239804054,0.9999999971813373,0.6849273995744226,0.7546507563037066,2.3156103246053963,0.4638663008629806,2.8186627476500803e-09,0.9999999971813373,0.10854234637719501,0.2174972433194659,0.04776908661953634,-0.0013074587633072508,0.000729279117091904,1.0,1.9673753012705575e-07,0.0744697434897846
649,-1.0,0,0,0,1.0,0.00020782053225515193,0.12451704722838422,0.7735348753175404,0.10194807745407547,1.0,-1.0909532540578775,1.9429402228604897,0.9999999977168832,-0.3972236884555104,1.1681026262221377,-0.017442261474312902,-1.1102135345740507,-1.1427736736304634,-0.6742398043041578,-1.1462814076115726,1.1102135345740507,0.9999999974632036,0.43597373026989295,0.49032928481778143,2.316857409430175,0.2903502918664848,2.5367964395783815e-09,0.9999999974632036,0.003061204575661268,0.0013008914654507994,0.2228232752530348,2.112375732252562e-05,-0.0026371448481284825,1.0,1.9600301167876922e-07,0.06871648066615893
650,1.0,1,1,1,1.0,0.9999181999866991,0.11718211494751811,0.8028741628324407,0.07994372222004109,0.9999999999999999,1.21094195766597,1.942940222862441,0.9999999261250675,-0.3954129669978622,1.169345972061609,-0.016106677084113494,0.9885718625971608,1.2696175599836952,0.947615126444046,0.8717753045347332,0.9885718625971608,0.9999999179167417,0.04095673615311479,0.3936338016222182,2.3181025318263906,0.01122745383286745,8.208325830150187e-08,0.9999999179167417,0.11503401859624465,0.013641435975230026,0.005751678587236285,0.0012167109914521755,0.0013113880801081004,1.0,1.9693794790498486e-07,0.07071768253493317
651,-1.0,0,0,0,1.0,4.3000286010136745e-05,0.13841916657717232,0.7627816867015286,0.09879914672129915,1.0,-1.2936914722563224,1.9429402228624715,0.9999999979451949,-0.39464526275993644,1.1705874530973628,-0.015990144240788855,-1.260091989268878,-1.3580913465665823,-0.8435637758840914,-1.0600641656859997,1.260091989268878,0.9999999977168832,0.4165282133847866,0.6126606244172402,2.3193459694360246,0.2754630722852371,2.2831168067227736e-09,0.9999999977168832,0.05458171837530355,0.04001113020730308,0.046872418784378256,0.00017484705801600566,9.251159509110357e-05,1.0,1.9634755419550842e-07,0.06495232901961774
652,1.0,1,1,1,1.0,0.9997821400343535,0.1114117161450428,0.7860109195453391,0.10257736430961828,1.0,1.0848815725367433,1.942940222866662,0.9999999335125608,-0.3935662119170423,1.1718270717187809,-0.01679613422591885,0.9518680497983288,1.1770660559910933,0.5229764567550068,0.8655662029656636,0.9518680497983288,0.9999999261250675,0.42889159304332203,0.3668491770787267,2.32058736814119,0.2842339708895365,7.387493250465837e-08,0.9999999261250675,0.04809923133009931,0.007448008766728819,0.1173677342086822,0.0004878146707604459,-0.0008312220345429946,1.0,1.7724415311226593e-07,0.06263177376493517
653,1.0,1,1,1,1.0,0.9999976270376288,0.14279030886895927,0.7538959276681035,0.10331376346293712,0.9999999999999999,1.6664651995386375,1.942940222866725,0.9999999401613047,-0.3881953696631529,1.1730648309319582,-0.01031037890526888,1.3143950727481573,1.850139012237073,0.8127673541753837,0.9238201907362928,1.3143950727481573,0.9999999335125608,0.5016277185727736,0.6579498462814837,2.321826995258226,0.33434326877502263,6.648743922088585e-08,0.9999999335125608,0.5515216090990346,0.1525487384585818,0.012332732508223998,0.0047876744476854334,0.0064702665190897275,1.0,1.7800145145629999e-07,0.07351679105737526
654,-1.0,0,0,0,1.0,0.00012462160292796485,0.10801531741749153,0.8086452692504327,0.08333941333207587,1.0,-1.1567653823353048,1.942940222866796,0.9999999981506754,-0.3875907570331851,1.1743007336800246,-0.010073954524561043,-0.8727161285907526,-1.2150100803099624,-0.959768205197882,-1.011461819263864,0.8727161285907526,0.9999999979451949,0.08705207660712933,0.30997753320944926,2.323064828568932,0.05062607471972165,2.0548051038460358e-09,0.9999999979451949,0.021113125441256164,0.019250366680358705,0.0026722297352026973,2.2353105130769505e-05,0.00022129074847264158,1.0,1.7752734216225363e-07,0.07291125069111656
655,-1.0,0,0,0,1.0,0.0002648714655577191,0.15220519946414948,0.7602084487191152,0.08758635181673532,1.0,-1.0597342215931334,1.9429402228669206,0.9999999983356078,-0.3887979252755044,1.1755347825745255,-0.010247836058170486,-1.3794105314713723,-0.987440383200036,-1.1316859594731694,-0.9861016771119859,1.3794105314713723,0.9999999981506754,0.24772457199820286,0.7159376681439127,2.3243007315533015,0.16333324587418097,1.849324582359202e-09,0.9999999981506754,0.005421751606768154,0.154691854917493,0.0211947832706208,-0.0017912412397286979,-0.00018927637996623176,1.0,1.7710064379672374e-07,0.07265110609902686
656,1.0,1,1,1,1.0,0.9999560716072434,0.1502350800523466,0.7306269239723837,0.11913799597526974,1.0,1.2909436996150438,1.942940222867735,0.9999999461451742,-0.3889247298463037,1.1767669802393763,-0.012251574443456752,1.4157886764461876,1.3665508341362451,0.6698429113382969,1.116049184024149,1.4157886764461876,0.9999999401613047,0.7459457651078907,0.7438330158814458,2.3255347137600255,0.511914199517353,5.983869533210395e-08,0.9999999401613047,0.03058809158377373,0.08984376331742125,0.1991000377842011,-0.0007110680608037703,-0.0020221433544051286,1.0,1.7788010133079625e-07,0.07318799454772945
657,-1.0,0,0,0,1.0,0.00012590020429132,0.08931093217027015,0.8266211443968342,0.08406792343289568,1.0,-1.1554517967726363,1.9429402228677932,0.999999998502047,-0.38964480864379397,1.1779973297645334,-0.012928342528576869,-0.6130864094602766,-1.261466336206307,-0.6892252029530114,-0.9845569701491591,0.6130864094602766,0.9999999983356078,0.07613879349273478,0.10154439772191759,2.3267669783253253,0.04104558100145759,1.664392179634433e-09,0.9999999983356078,0.029205041766668337,0.13799037745851275,0.0872208527151996,-0.001305424028302133,-0.0006961897313823751,1.0,1.5939057941505296e-07,0.0736036858627385
658,-1.0,0,0,0,1.0,0.00023492316161362572,0.09989699961701132,0.8162339263428107,0.08386907404017811,1.0000000000000002,-1.0751768145046245,1.942940222867884,0.9999999986518423,-0.388903222848429,1.1792258337658534,-0.013148852634430431,-0.7713509996310661,-1.1531917343212708,-0.6778058242486306,-0.9016842981524663,0.7713509996310661,0.999999998502047,0.09354517538243556,0.227435991061059,2.3279973280418873,0.05255328023912802,1.4979529838754502e-09,0.999999998502047,0.03009965323020389,0.016986768703468415,0.05012157107751047,0.00015735461432082572,-0.0002402630141676789,1.0,1.5904495374030602e-07,0.07335854531349613
659,-1.0,0,0,0,1.0,0.00012142823578934012,0.12224402697388366,0.7826241091784447,0.09513186384767172,1.0000000000000002,-1.1601059028864307,1.9429402228679296,0.9999999987866581,-0.38810766096262606,1.1804524950115722,-0.013746144341946934,-1.0768697591241847,-1.2240302980648825,-0.7411752752699289,-1.0121008343810929,1.0768697591241847,0.9999999986518423,0.3356944838542558,0.47259258445091884,2.3292258322154717,0.2218372860635486,1.3481576965901354e-09,0.9999999986518423,0.021905500303269734,0.004195013612376291,0.07340065857969683,0.00021252584029072134,-0.0006179418993171251,1.0,1.4240138811016932e-07,0.07061888791418669
660,-1.0,0,0,0,1.0,0.00031325375668369855,0.08585360671424437,0.8323789688959368,0.08176742438981886,1.0,-1.038141005814666,1.9429402228680241,0.9999999989079923,-0.390669188510597,1.1816773162657896,-0.017301126031444652,-0.55864490534511,-1.1380384415908709,-0.5246595641606696,-1.0719797874833061,0.55864490534511,0.9999999987866581,0.03398534118444041,0.058808263313462006,2.330452493616229,0.010043594487161352,1.2133418714199706e-09,0.9999999987866581,0.0011450631448178914,0.2635127012198357,0.29955942685794074,-0.003148411656900214,-0.0035809723645574745,1.0,1.27422179041492e-07,0.07048774787952163
661,1.0,1,1,1,1.0,0.9998313451103346,0.11226843675991303,0.8018697071215513,0.08586185611853564,1.0,1.117827408241433,1.9429402228704609,0.9999999515306568,-0.38978451701914707,1.1829003001463319,-0.0173534829300465,0.9453663357033241,1.1779963649399132,0.7814064411713747,0.9593302296955524,0.9453663357033241,0.9999999461451742,0.16395989453194937,0.3656238800520623,2.3316772543327398,0.0974708001409199,5.385482582109802e-08,0.9999999461451742,0.025121355607004764,0.00019499033542618973,0.0316568745227963,0.0002991163832589429,-7.842622698949844e-05,1.0,1.281612492975981e-07,0.07092275256669109
662,-1.0,0,0,0,1.0,4.054762790470208e-05,0.10754223910461726,0.8144222712273259,0.07803548966805675,0.9999999999999999,-1.3012485677194032,1.9429402228704746,0.999999999017193,-0.3876032296464963,1.1841214496931691,-0.015721483396429554,-0.8726118949912035,-1.3982435562534747,-0.8796669072212852,-0.9314946751950772,0.8726118949912035,0.9999999989079923,0.007055012230081648,0.3083049989738158,2.332900298890523,-0.012414974368989348,1.092007706482434e-09,0.9999999989079923,0.13671794103689083,0.0034671818045377027,0.002686117533145227,0.0015990091107882377,0.0016083818820449472,1.0,1.278788658165553e-07,0.07318763512055128
663,-1.0,0,0,0,1.0,1.7082167016935885e-05,0.10239619194117824,0.8163131620909335,0.08129064596788826,1.0,-1.4124802054631675,1.9429402228704804,0.9999999991154738,-0.38312306253980283,1.1853407675159802,-0.011794620630225393,-0.8072201795452187,-1.5425478450841996,-0.8687570763101313,-0.8410525529353945,0.8072201795452187,0.999999999017193,0.061536896764912585,0.2581729139896788,2.334121448562941,0.02735434433900925,9.82806946936421e-10,0.999999999017193,0.32652956207340134,0.0011446294892122723,0.0007675406154213396,0.0039046191910102686,0.00390914425749576,1.0,1.27624720684949e-07,0.0796171982311138
664,-1.0,0,0,0,1.0,0.00035377408751243757,0.12504756657816443,0.7835961093871602,0.0913563240346754,1.0,-1.022483616479541,1.9429402228705572,0.9999999992039263,-0.3825313113525633,1.186558256362326,-0.012501213157401436,-1.1040803819669043,-1.0329279367488067,-0.8212101317227023,-1.072009996219322,1.1040803819669043,0.9999999991154738,0.282870250244202,0.5001412430337207,2.335340766498775,0.18621455454071598,8.845262300383183e-10,0.9999999991154738,0.0024528622901289813,0.001028509641998734,0.06290057203152276,1.7092231777562968e-05,-0.0007253725168967254,1.0,1.2739599006605928e-07,0.07965345785588146
665,-1.0,0,0,0,1.0,7.780660786878391e-05,0.15074406074849228,0.7469375099961277,0.10231842925537993,0.9999999999999999,-1.2173825879119597,1.9429402228705754,0.9999999992835337,-0.3832870887133611,1.1877739189756373,-0.012092454916567675,-1.3983643457508859,-1.22674334539088,-0.8824104208209564,-1.0013113347196259,1.3983643457508859,0.9999999992039263,0.5159539249299294,0.7361601652481455,2.336558255446841,0.34866653429354916,7.960736514434075e-10,0.9999999992039263,0.04668678645610566,0.15765109356898988,0.014137427325938798,-0.0013315716853546107,0.0003905923095620024,1.0,1.1390878322359299e-07,0.0791340527140901
666,-1.0,0,0,0,1.0,1.220641060520361e-05,0.1150791993661525,0.801156348814767,0.08376445181908047,1.0,-1.4557237717776323,1.9429402228705785,0.9999999993551802,-0.38058953599179923,1.1889877580952426,-0.01033204481918951,-0.9757818353515514,-1.5885577516291227,-0.8446118812496278,-1.0311982908763082,0.9757818353515514,0.9999999992835337,0.13116995410192356,0.39733837956788004,2.3377739181517008,0.07972651295477881,7.164663307079877e-10,0.9999999992835337,0.18022188393450053,0.0030709835429273513,0.03481448825737537,0.0021258108046988784,0.0017448887481255019,1.0,1.1370133352173183e-07,0.08110085349308732
667,-1.0,0,0,0,1.0,0.00014100350391015482,0.16941765153679186,0.7012907363549529,0.1292916121082553,1.0,-1.1408720530427015,1.9429402228706034,0.9999999994196622,-0.38695200068071345,1.1901997764563625,-0.008903663285519699,-1.6237771553272329,-1.1086062157991217,-0.6831090580622912,-0.783193376761256,1.6237771553272329,0.9999999993551802,0.9406680972649417,0.9184321882699871,2.3389877573537,0.6481356232662697,6.448197531483402e-10,0.9999999993551802,0.12793403546644705,0.7065810887882552,0.010016870849435961,-0.006943764639861699,0.0014150059754041331,1.0,1.1351462879005681e-07,0.08273045544057726
668,-1.0,0,0,0,1.0,0.0002889475420647091,0.08815048669808677,0.8197257006278603,0.09212381267405285,1.0,-1.048536686365419,1.9429402228706456,0.999999999477696,-0.38759729108758834,1.191409976790116,-0.008905005161096088,-0.6215342920996878,-1.1162309334160185,-0.8547730469966041,-0.954820116906995,0.6215342920996878,0.9999999994196622,0.23323875489691626,0.1102754329990368,2.340199775788974,0.15436346514232166,5.803377778335062e-10,0.9999999994196622,0.00878279539105563,0.11107944101748705,0.010009416197654648,-0.001227559747517177,-1.4719449679188216e-05,1.0,1.0137342006277805e-07,0.08046622305925882
669,-1.0,0,0,0,1.0,3.2564215258332584e-05,0.12035405830988566,0.7777667786284973,0.10187916306161723,1.0000000000000002,-1.3294624144364016,1.942940222870651,0.9999999995299265,-0.3851771373892435,1.1926183618235229,-0.0075551146045879265,-1.0787730537451965,-1.4605384095877865,-0.6249506142490533,-0.8980417142345385,1.0787730537451965,0.999999999477696,0.4538224394961432,0.47542115190856893,2.3414099761894667,0.30877070248620414,5.22303977845695e-10,0.999999999477696,0.18612382056266583,0.03266381708131673,0.07457874889128227,0.001841520041776189,0.0013385408600566028,1.0,9.044633220822717e-08,0.08367405437865383
670,-1.0,0,0,0,1.0,0.0010293338478658996,0.10434880712927869,0.8167424939236322,0.07890869894708905,1.0,-0.8849749326668085,1.9429402228707537,0.9999999995769339,-0.3848955253334027,1.1938249342795275,-0.007972539578619724,-0.8377635505345729,-0.8973817709610661,-0.8189905645146098,-1.1231339321881315,0.8377635505345729,0.9999999995299265,0.018772986019963023,0.28503370303841485,2.3426183612829385,0.005585975609386189,4.700735356522046e-10,0.9999999995299265,0.05671970905299754,0.08143625472509773,0.092503188099791,-0.00029659854806520235,-0.0004294017485615215,1.0,8.061195313713299e-08,0.08216429788057761
671,-1.0,0,0,0,1.0,1.9790040925608377e-05,0.11366145300890453,0.788468409730983,0.09787013726011251,1.0,-1.3935467252974347,1.9429402228707566,0.9999999996192405,-0.3822721161841071,1.195029696876968,-0.007548894953008362,-0.989815546106487,-1.5489127417929143,-0.6107489726288009,-0.9802017656545181,0.989815546106487,0.9999999995769339,0.37906657347768613,0.406956911551787,2.3438249337930013,0.25737406185576056,4.230661376780631e-10,0.9999999995769339,0.17085405566220438,9.242477457865979e-05,0.13649536627450343,0.002049139570651509,0.00041230427265241145,1.0,7.176101197270412e-08,0.08506579252256846
672,-1.0,0,0,0,1.0,7.070675581999091e-05,0.09837759648391844,0.8218022310197388,0.07982017249634275,1.0,-1.2296954136471103,1.9429402228707646,0.9999999996573165,-0.3825329097960425,1.1962326523306266,-0.008160785519198488,-0.7557689268847296,-1.3295668416986643,-0.7855618995060807,-1.0661836963288776,0.7557689268847296,0.9999999996192405,0.029792972621351055,0.2223430253236766,2.345029696439094,0.013306185881937374,3.8075953501248705e-10,0.9999999996192405,0.026736081700357663,0.09635732908906351,0.07874859285205509,-0.0008354549686644702,-0.0006241501338203691,1.0,7.158898615022836e-08,0.08184872193147742
673,-1.0,0,0,0,1.0,0.0006296890003599398,0.11052460502944039,0.8119682457298362,0.07750714924072355,1.0,-0.9482605970835947,1.9429402228708137,0.9999999996915848,-0.3819606793480159,1.19743380335121,-0.008147675369427896,-0.9181781183747985,-0.9545038921691953,-0.9257529536246075,-0.9353956987496483,0.9181781183747985,0.9999999996573165,0.007574835249809064,0.3520095849037963,2.3462326519365404,-0.002858400844332144,3.426835482045476e-10,0.9999999996573165,0.00016550560914277502,0.00029644507396441586,9.298253354649848e-05,-1.5712735778596902e-06,8.702769071553185e-07,1.0,6.362237758184009e-08,0.08025151869261958
674,1.0,1,1,1,1.0,0.9999736583425622,0.11517701765058502,0.7953036144854592,0.0895193678639557,0.9999999999999998,1.3567494862639022,1.9429402228712294,0.9999999563775911,-0.3809548307108931,1.1986331525155305,-0.009182768370578341,0.9964258862467041,1.4770371359246006,0.7516937736685557,1.1264524334098223,0.9964258862467041,0.9999999515306568,0.24473211257814842,0.4151800296493474,2.3474337476114653,0.16316480343527598,4.8469343205681525e-08,0.9999999515306568,0.05303673255327491,0.01690690296716258,0.14044405305107038,0.0004335579550333479,-0.0010488878459735459,1.0,5.7415648431202725e-08,0.07303108223479851
675,-1.0,0,0,0,1.0,1.6432175356670622e-05,0.1042746973394583,0.8121771533925071,0.08354814926803474,1.0,-1.417471915912566,1.9429402228712311,0.9999999997224264,-0.37878026954638155,1.1998307027859256,-0.007254404507744575,-0.846122793573916,-1.5373273761708695,-0.9654378486713044,-1.0147106528835377,0.846122793573916,0.9999999996915848,0.11931505509738849,0.2959434041482397,2.348633152160853,0.07433777019759359,3.084151822818626e-10,0.9999999996915848,0.16221663499673808,0.028421866306600808,0.0024278092349370693,0.0016055372242816473,0.0019174659091416122,1.0,5.726013982298994e-08,0.07292086459455073
676,-1.0,0,0,0,1.0,7.271116945417783e-06,0.12599559847905129,0.7920428002544668,0.08196160126648187,1.0,-1.5223825764416747,1.9429402228712318,0.9999999997501837,-0.3746157640013151,1.2010264567309985,-0.0033487910509607892,-1.1128031432110705,-1.6430365389367259,-0.9860595200038622,-0.9511867515981829,1.1128031432110705,0.9999999997224264,0.12674362320720833,0.511462245022475,2.3498307024667158,0.08146613173730126,2.775736307469856e-10,0.9999999997224264,0.32626467031863704,0.02611985803797026,0.001216109976276146,0.003601737747368002,0.003900582724108331,1.0,5.712018207537639e-08,0.07800540371695744
677,1.0,1,1,1,1.0,0.9999344511031704,0.12711528639131908,0.7881362285296664,0.08474848507901457,1.0,1.2394422269029126,1.9429402228720825,0.999999960739832,-0.37338606900331833,1.2022204169283388,-0.0022460969205588357,1.1263320729424324,1.2889565167308772,0.9486290518248489,0.936529031181499,1.1263320729424324,0.9999999563775911,0.17770302111758352,0.526449894352631,2.351026406565228,0.12104332373134766,4.3622408907317833e-08,0.9999999563775911,0.09175640414215944,0.03602519466170264,0.00014641049956949417,0.0006687745137654816,0.0010993199237110793,1.0,5.1534125840024815e-08,0.07896278662049162
678,1.0,1,1,1,1.0,0.9999852535272279,0.11557135247560783,0.8055472205123533,0.07888142701203875,0.9999999999999998,1.4313991444926772,1.9429402228722814,0.9999999646658488,-0.36964618723740394,1.2034125861971114,0.0009858802328191868,0.9799659085569431,1.5446928411618834,0.9358366996354167,0.9117502165873714,0.9799659085569431,0.999999960739832,0.044129208921526386,0.4105866578422362,2.3522203717791452,0.02864434932450963,3.926016800548382e-08,0.999999960739832,0.2700350082731337,0.004653380630887484,0.0005801586656237727,0.0031845795317069544,0.0032334581952901194,1.0,4.650667522865248e-08,0.0830579259251429
679,1.0,1,1,1,1.0,0.9995387213661929,0.1417692385853886,0.7505787096226595,0.10765205179195202,1.0,0.9883277429671867,1.9429402228761474,0.999999968199264,-0.36984941808581945,1.2046029672227767,-0.00022197561505295194,1.3205185829013173,0.962044934611912,0.7341094015013847,1.059242133484139,1.3205185829013173,0.9999999646658488,0.5864091813999326,0.68676867908365,2.3534125455628376,0.411472307212772,3.533415116052652e-08,0.9999999646658488,0.005028850782390824,0.06826538302004728,0.1057112934065696,-0.0007588383868518775,-0.0012081893114901452,1.0,4.1981969678417386e-08,0.08268422213319862
680,-1.0,0,0,0,1.0,3.2461092909616544e-05,0.1408570199431526,0.7522153589464049,0.10692762111044252,1.0,-1.3298705415262,1.94294022287615,0.9999999997751654,-0.3691925390657682,1.2057915627712692,-0.0010350004217240102,-1.3114688167819804,-1.4179639553182242,-0.7343910376725563,-1.089128248109804,1.3114688167819804,0.9999999997501837,0.577077779109424,0.679325635339765,2.354602966935488,0.40373246976154387,2.498162787745173e-10,0.9999999997501837,0.05795685183938614,0.04943532847746681,0.12583848846880008,0.00010225828034303197,-0.0008145796395529672,1.0,3.727871628722568e-08,0.0838235737639476
681,1.0,1,1,1,1.0,0.9973497595336985,0.12227837285551274,0.7971816320009597,0.08053999514352758,1.0,0.763076891494702,1.9429402228915849,0.9999999713793376,-0.36724828158609746,1.2069783753425865,0.00015862262194512499,1.0627521350727849,0.6961427061111422,0.9706123146236286,1.1065348763788854,1.0627521350727849,0.999999968199264,0.09213982044915625,0.4810091689924597,2.3557915262004228,0.06346287389268536,3.1800736044473865e-08,0.999999968199264,0.1179633873807039,0.0019169284362769183,0.018474942794111583,0.0013925575073331239,0.0011938613350391078,1.0,3.367730626369081e-08,0.08592157282885766
682,-1.0,0,0,0,1.0,1.6999532548510415e-05,0.10223205362327417,0.8081275641781321,0.08964038219859359,0.9999999999999999,-1.413104168409653,1.9429402228915862,0.9999999997976489,-0.3645540199010956,1.2081634077789667,0.000908003117660229,-0.820939998729652,-1.5787228553925412,-0.5953603664816824,-0.9659794275027197,0.820939998729652,0.9999999997751654,0.2255796322479695,0.28950371739762415,2.3569783750840267,0.15806436519552378,2.2483459538591433e-10,0.9999999997751654,0.19992053393109227,0.021036435898817794,0.13735848839211534,0.002146609176387294,0.0007507445464677232,1.0,2.9868120685616617e-08,0.08889923154643958
683,-1.0,0,0,0,1.0,0.00010059788517844188,0.12253152593772182,0.7713771412117064,0.1060913328505719,1.0000000000000002,-1.1843234561739253,1.942940222891592,0.999999999817884,-0.3636752452828509,1.209346662666753,-0.0004917885946468389,-1.1036354580510315,-1.28159881347509,-0.5702378212783454,-0.9723088144804695,1.1036354580510315,0.9999999997976489,0.533397636772686,0.5183543465397297,2.3581634075462627,0.3742863488585404,2.023511358473229e-10,0.9999999997976489,0.04495020829240447,0.017246687311509436,0.16166108357454245,0.0003324422517707404,-0.001400530503385656,1.0,2.9741209410794057e-08,0.08953261011982541
684,1.0,1,1,1,1.0,0.9999349421517825,0.09683839064073319,0.8213990434090155,0.08176256595025135,1.0,1.240409835791299,1.9429402228921462,0.9999999742414039,-0.36351096022414475,1.2105281425956205,-0.00042494718121193365,0.7313204391085879,1.3436170046107019,0.8065331409749974,1.0171137839279296,0.7313204391085879,0.9999999713793376,0.07521270186640949,0.2213811060040195,2.3593466297529915,0.052157102711839806,2.8620662395617558e-08,0.9999999713793376,0.04986112677776852,0.08167783594302715,0.04434420718647032,-0.0003818005099831035,6.62030350955784e-05,1.0,2.688130861683291e-08,0.08852053646753238
685,1.0,1,1,1,1.0,0.999924775376336,0.12110204678538977,0.7905431711839641,0.08835478203064612,1.0,1.2217252747845067,1.9429402228927144,0.9999999768172635,-0.3626807801173585,1.2117078503123107,-0.0008857002845013825,1.0599404469566276,1.2916685385345748,0.8176645672749328,1.067344902924728,1.0599404469566276,0.9999999742414039,0.24227587968169484,0.4844413973411573,2.3605281129732347,0.16916816859597444,2.575859614495357e-08,0.9999999742414039,0.023833299215563555,5.4825968183536955e-05,0.06234027001019439,0.0002853416789685602,-0.00046208364953557004,1.0,2.4307397901157656e-08,0.08761749412766999
686,-1.0,0,0,0,1.0,4.336975969060681e-05,0.11584694387498753,0.7904672591519284,0.09368579697308405,1.0,-1.2925905609423098,1.9429402228927168,0.9999999998360956,-0.3605354305945038,1.2128857885363515,0.00012180705017249084,-1.0050428285489157,-1.4077400314700528,-0.6765915279033585,-0.9164300662340508,1.0050428285489157,0.999999999817884,0.32845130064555716,0.4413534827217741,2.361707850102877,0.22903021016738861,1.8211598895589987e-10,0.999999999817884,0.1414967177791622,0.007852221645070745,0.05752252446860293,0.0016037339536090975,0.0010076903197267114,1.0,2.1530865845775794e-08,0.09022085256551737
687,-1.0,0,0,0,1.0,6.924837297720425e-06,0.12738503849191832,0.7796064505535325,0.09300851095454912,0.9999999999999999,-1.5286611672658268,1.9429402228927173,0.999999999852486,-0.35606433795715836,1.214061959853105,0.0045242652630948154,-1.1398078451653408,-1.6789246442633414,-0.8017139249922202,-0.9124608837880881,1.1398078451653408,0.9999999998360956,0.3380939201731207,0.5513108455377689,2.362885788347861,0.23678755117135694,1.639044455714611e-10,0.9999999998360956,0.3797027893580455,0.05168664084747005,0.01226488888253367,0.003936193782126906,0.004409254805706142,1.0,2.1416281466013488e-08,0.09779232571615322
688,1.0,1,1,1,1.0,0.9999651159929258,0.1069118204221324,0.8039812100304915,0.08910696954737617,1.0,1.3206076901215305,1.9429402228929735,0.9999999791355372,-0.3536133557551216,1.2152363668508377,0.005588905043439294,0.8781934491834715,1.4537740686507155,0.649908702494824,0.9185966641086473,0.8781934491834715,0.9999999768172635,0.2282847466886475,0.3464904213896189,2.364061933192958,0.16432358794514806,2.3182736508253754e-08,0.9999999768172635,0.16161286503593103,0.0016324197762899433,0.07219322071619136,0.0019197653431156931,0.001073035731836876,1.0,1.9377779258977768e-08,0.10054669047016862
689,1.0,1,1,1,1.0,0.9998220719459204,0.1337388349092951,0.766648321103326,0.0996128439873787,0.9999999999999998,1.1109391367690225,1.9429402228939634,0.9999999812219834,-0.35346851618280245,1.2164090122443632,0.004954686267144206,1.215888024528337,1.1381905387554396,0.7603017876438316,1.0101009741069744,1.215888024528337,0.9999999791355372,0.4555862368845054,0.6190970638675481,2.365236342856705,0.32449927086259306,2.0864462824121688e-08,0.9999999791355372,0.01016833504905766,0.04234831012112442,0.062399633557647986,-0.00038615970086480116,-0.0006267755821030839,1.0,1.754312727308971e-08,0.09940761059023272
690,-1.0,0,0,0,1.0,2.7748481242108093e-05,0.13698804936332395,0.7569717448371625,0.10604020579951345,0.9999999999999999,-1.350054620413054,1.9429402228939647,0.9999999998672374,-0.35233554354874175,1.217579898725599,0.005045848925604205,-1.2630566147467561,-1.457222902777693,-0.6974184426892801,-1.017432432024115,1.2630566147467561,0.999999999852486,0.565638172057476,0.6569767756146025,2.3664090120747217,0.4009014067073774,1.47514001014315e-10,0.999999999852486,0.11063752020864674,0.06033123913816538,0.10240895336999585,0.0006036753728457764,9.87428020638107e-05,1.0,1.7440001331969768e-08,0.09948970547271607
691,-1.0,0,0,0,1.0,9.920124454543494e-05,0.13510427855965557,0.7638640845766639,0.10103163686368058,1.0,-1.1861225429307762,1.9429402228939685,0.9999999998805137,-0.35209383290569746,1.218749028877153,0.005090624426391404,-1.234465603237715,-1.2353407904566123,-0.7493543458910183,-0.9627374212810736,1.234465603237715,0.9999999998672374,0.4851112573466967,0.6352369390414303,2.367579898572922,0.34462372906829186,1.32762578708423e-10,0.9999999998672374,0.04990091257445242,0.07383620486946162,0.04553233686291802,-0.00028722350754011033,5.2422908538412804e-05,1.0,1.7347187983851598e-08,0.0988256565135269
692,1.0,1,1,1,1.0,0.9998975029178193,0.13091379917917143,0.7800240270888468,0.08906217373198189,1.0,1.1819166662656628,1.9429402228945145,0.9999999830997851,-0.3515711679581816,1.2199164052832399,0.003993174705735204,1.1700715026197328,1.2168468754543948,0.893402407215685,1.1952847560353281,1.1700715026197328,0.9999999812219834,0.2766690954040478,0.5839633691900887,2.3687490072824335,0.19875899120922488,1.877801658611844e-08,0.9999999812219834,0.00017870582408983015,0.0006357081477990294,0.0911329525288647,-5.484027884510392e-06,-0.0010914509604572986,1.0,1.5696001196552345e-08,0.095574175579435
693,1.0,1,1,1,1.0,0.9999822909604835,0.1364753207808469,0.7728962867640907,0.09062839245506256,1.0000000000000002,1.4078428022996248,1.9429402228946155,0.9999999847898066,-0.350163365826166,1.2210820306297572,0.004609164661479989,1.2343581026668629,1.4960976478519872,0.9164354058207312,1.1093219224473765,1.2343581026668629,0.9999999830997851,0.3179226968461316,0.6359153141753087,2.3699163858479926,0.22653906249802733,1.6900214894199905e-08,0.9999999830997851,0.08911471570776046,0.015634046363879876,0.03720520829636109,0.000881768032126567,0.0006229140889367924,1.0,1.5948083753603014e-08,0.0964470851987796
694,1.0,1,1,1,1.0,0.9999568450418223,0.11719819368561055,0.80204158007581,0.08076022623857954,1.0,1.2932294528533697,1.9429402228948194,0.9999999863108259,-0.3496657297469265,1.2222459075428163,0.004084186660426639,0.9974392396823516,1.3764198232658036,0.8963006807068372,1.149229342892757,0.9974392396823516,0.9999999847898066,0.10113855897551438,0.4477880259197154,2.3710820131380346,0.07540615594434005,1.5210193438086606e-08,0.9999999847898066,0.02073603166866856,0.023040235432625497,0.06397290815515909,-2.7650445167483247e-05,-0.0005188425178378863,1.0,1.617495805517066e-08,0.09612006204683572
695,1.0,1,1,1,1.0,0.9997323850826172,0.13386252206986404,0.7485265831553585,0.11761089477477739,0.9999999999999999,1.0584079914716134,1.94294022289575,0.9999999876797433,-0.3496868701108036,1.223408038644646,0.0007858366551991577,1.250772777096468,1.1099262451634415,0.5115775478260189,1.036226151477571,1.250772777096468,0.9999999863108259,0.7391952292704491,0.6509524919302478,2.372245891800266,0.521520847149741,1.3689174127584636e-08,0.9999999863108259,0.0004920340255212958,0.04603025456445516,0.2752561573135234,-0.0005464586464672064,-0.003297169479456025,1.0,1.6379144927025634e-08,0.09373923184887786
696,1.0,1,1,1,1.0,0.9993993354007187,0.11319852653748148,0.7950323982844963,0.09176907517802213,1.0,0.9543362319922087,1.942940222897445,0.999999988911769,-0.3491555647530879,1.2245684265535701,-0.0004350726085327093,0.9673189717938678,0.9861971383689252,0.6622979852061677,0.9826040479630439,0.9673189717938678,0.9999999876797433,0.30502098658770016,0.4241683073242907,2.3734080244763507,0.21430052726658927,1.2320256703723942e-08,0.9999999876797433,0.0007990694197610035,0.00023363355349751422,0.10259597383881193,6.7852303951618715e-06,-0.0012215628530286111,1.0,1.6562913112139198e-08,0.09375464089635266
697,1.0,1,1,1,1.0,0.9998822624904895,0.12318517553999024,0.7899606625329646,0.0868541619270452,1.0,1.1640779083138155,1.9429402228978099,0.9999999900205921,-0.3483796026619231,1.2257270738838653,-0.00036945992789955427,1.0817869300577205,1.2122276176654305,0.8428572888370917,0.9950287388189764,1.0817869300577205,0.999999988911769,0.23892964122062887,0.5162739792930886,2.3745684138021046,0.16681567624590748,1.1088231000044857e-08,0.999999988911769,0.028577621706894863,0.007526983747018507,0.023156150189589237,0.0002526076555185163,6.505765820766751e-05,1.0,1.496060532568677e-08,0.09423211554268887
698,-1.0,0,0,0,1.0,0.00011678527675829426,0.14000889880027406,0.7508203755467224,0.10917072565300366,1.0000000000000002,-1.1651229219323906,1.9429402228978139,0.9999999998924624,-0.3486977074365656,1.2268839832727176,-0.0012124736779417996,-1.3058077713308573,-1.211457555524649,-0.6660320025415674,-0.9861086320014615,1.3058077713308573,0.9999999998805137,0.63977576878929,0.6962666144027629,2.375727073746456,0.44747357822460343,1.1948630973535046e-10,0.9999999998805137,0.03204611599947477,0.10220753968795647,0.10244904872640637,-0.0008419370842617805,-0.0008448351927231793,1.0,1.4906621796928478e-08,0.09270219093513447
699,-1.0,0,0,0,1.0,2.1188971991833013e-05,0.1594866837902797,0.7334190048944139,0.10709431131530649,1.0,-1.3847580569731184,1.9429402228978145,0.9999999999032161,-0.34937957832311844,1.2280391572975187,0.00023172452910269378,-1.4997811917577017,-1.4376731948289252,-0.8510824081541918,-1.0051374403065902,1.4997811917577017,0.9999999998924624,0.64869878360351,0.8511272459695958,2.3768839831490496,0.45287667484451516,1.0753764545512468e-10,0.9999999998924624,0.1441118125982751,0.24467244084962897,0.023732952931476526,-0.0012067275390162465,0.001444546316001583,1.0,1.485803662104601e-08,0.09552320309558673
700,1.0,1,1,1,1.0,0.999495329659985,0.11442815776022602,0.7968087530716915,0.08876308916808245,1.0,0.9767542313845949,1.9429402228989952,0.9999999910185329,-0.34884882028063885,1.2291925985347405,-0.0008231641444351894,0.9834390194760853,1.0041982902013364,0.721776689667189,1.0218501496751569,0.9834390194760853,0.9999999900205921,0.26166232980889625,0.4373716372577498,2.3780391458212,0.18339535539533006,9.97940785563145e-09,0.9999999900205921,0.0020336418464690373,0.0014754149231700309,0.09004408140115348,6.6987230795880775e-06,-0.0010561252746562133,1.0,1.3415959612128603e-08,0.09326319556059123
